16:29:48 **** Incremental Build of configuration Debug for project gyrotry ****
make -j16 all 
arm-none-eabi-gcc "../Core/Src/main.c" -mcpu=cortex-m4 -std=gnu11 -g3 -DDEBUG -DUSE_HAL_DRIVER -DSTM32F303x8 -c -I../Core/Inc -I../Drivers/STM32F3xx_HAL_Driver/Inc -I../Drivers/STM32F3xx_HAL_Driver/Inc/Legacy -I../Drivers/CMSIS/Device/ST/STM32F3xx/Include -I../Drivers/CMSIS/Include -O0 -ffunction-sections -fdata-sections -Wall -fstack-usage -fcyclomatic-complexity -MMD -MP -MF"Core/Src/main.d" -MT"Core/Src/main.o" --specs=nano.specs -mfpu=fpv4-sp-d16 -mfloat-abi=hard -mthumb -o "Core/Src/main.o"
../Core/Src/main.c: In function 'main':
../Core/Src/main.c:108:9: error: unknown type name 'Quaternion'
  108 |         Quaternion q;
      |         ^~~~~~~~~~
../Core/Src/main.c:109:9: error: unknown type name 'VectorFloat'
  109 |         VectorFloat gravity;
      |         ^~~~~~~~~~~
../Core/Src/main.c:130:11: error: 'mpu' undeclared (first use in this function)
  130 |           mpu.setDMPEnabled(true);
      |           ^~~
../Core/Src/main.c:130:11: note: each undeclared identifier is reported only once for each function it appears in
../Core/Src/main.c:151:36: warning: implicit declaration of function 'degrees' [-Wimplicit-function-declaration]
  151 |                         Gyro_Now = degrees(ypr[0]); // + 180;
      |                                    ^~~~~~~
../Core/Src/main.c:212:21: error: invalid storage class for function 'MX_I2C1_Init'
  212 |         static void MX_I2C1_Init(void) {
      |                     ^~~~~~~~~~~~
../Core/Src/main.c:257:21: error: invalid storage class for function 'MX_USART1_UART_Init'
  257 |         static void MX_USART1_UART_Init(void) {
      |                     ^~~~~~~~~~~~~~~~~~~
../Core/Src/main.c:290:21: error: invalid storage class for function 'MX_USART2_UART_Init'
  290 |         static void MX_USART2_UART_Init(void) {
      |                     ^~~~~~~~~~~~~~~~~~~
../Core/Src/main.c:323:21: error: invalid storage class for function 'MX_GPIO_Init'
  323 |         static void MX_GPIO_Init(void) {
      |                     ^~~~~~~~~~~~
../Core/Src/main.c:351:9: error: expected declaration or statement at end of input
  351 |         }
      |         ^
../Core/Src/main.c:111:13: warning: variable 'degree' set but not used [-Wunused-but-set-variable]
  111 |         int degree;
      |             ^~~~~~
../Core/Src/main.c:109:21: warning: unused variable 'gravity' [-Wunused-variable]
  109 |         VectorFloat gravity;
      |                     ^~~~~~~
../Core/Src/main.c:108:20: warning: unused variable 'q' [-Wunused-variable]
  108 |         Quaternion q;
      |                    ^
../Core/Src/main.c:104:21: warning: variable 'dmpReady' set but not used [-Wunused-but-set-variable]
  104 |         static bool dmpReady = false;
      |                     ^~~~~~~~
../Core/Src/main.c: At top level:
../Core/Src/main.c:55:13: warning: 'MX_GPIO_Init' used but never defined
   55 | static void MX_GPIO_Init(void);
      |             ^~~~~~~~~~~~
../Core/Src/main.c:56:13: warning: 'MX_USART2_UART_Init' used but never defined
   56 | static void MX_USART2_UART_Init(void);
      |             ^~~~~~~~~~~~~~~~~~~
../Core/Src/main.c:57:13: warning: 'MX_I2C1_Init' used but never defined
   57 | static void MX_I2C1_Init(void);
      |             ^~~~~~~~~~~~
../Core/Src/main.c:58:13: warning: 'MX_USART1_UART_Init' used but never defined
   58 | static void MX_USART1_UART_Init(void);
      |             ^~~~~~~~~~~~~~~~~~~
../Core/Src/main.c:344:14: warning: 'Error_Handler' defined but not used [-Wunused-function]
  344 |         void Error_Handler(void) {
      |              ^~~~~~~~~~~~~
../Core/Src/main.c:323:21: warning: 'MX_GPIO_Init' defined but not used [-Wunused-function]
  323 |         static void MX_GPIO_Init(void) {
      |                     ^~~~~~~~~~~~
../Core/Src/main.c:290:21: warning: 'MX_USART2_UART_Init' defined but not used [-Wunused-function]
  290 |         static void MX_USART2_UART_Init(void) {
      |                     ^~~~~~~~~~~~~~~~~~~
../Core/Src/main.c:257:21: warning: 'MX_USART1_UART_Init' defined but not used [-Wunused-function]
  257 |         static void MX_USART1_UART_Init(void) {
      |                     ^~~~~~~~~~~~~~~~~~~
../Core/Src/main.c:212:21: warning: 'MX_I2C1_Init' defined but not used [-Wunused-function]
  212 |         static void MX_I2C1_Init(void) {
      |                     ^~~~~~~~~~~~
../Core/Src/main.c:169:14: warning: 'SystemClock_Config' defined but not used [-Wunused-function]
  169 |         void SystemClock_Config(void) {
      |              ^~~~~~~~~~~~~~~~~~
make: *** [Core/Src/subdir.mk:40: Core/Src/main.o] Error 1
"make -j16 all" terminated with exit code 2. Build might be incomplete.
16:30:59 **** Incremental Build of configuration Debug for project gyrotry ****
make -j16 all 
arm-none-eabi-gcc "../Core/Src/main.c" -mcpu=cortex-m4 -std=gnu11 -g3 -DDEBUG -DUSE_HAL_DRIVER -DSTM32F303x8 -c -I../Core/Inc -I../Drivers/STM32F3xx_HAL_Driver/Inc -I../Drivers/STM32F3xx_HAL_Driver/Inc/Legacy -I../Drivers/CMSIS/Device/ST/STM32F3xx/Include -I../Drivers/CMSIS/Include -O0 -ffunction-sections -fdata-sections -Wall -fstack-usage -fcyclomatic-complexity -MMD -MP -MF"Core/Src/main.d" -MT"Core/Src/main.o" --specs=nano.specs -mfpu=fpv4-sp-d16 -mfloat-abi=hard -mthumb -o "Core/Src/main.o"
../Core/Src/main.c: In function 'main':
../Core/Src/main.c:108:9: error: unknown type name 'Quaternion'
  108 |         Quaternion q;
      |         ^~~~~~~~~~
../Core/Src/main.c:109:9: error: unknown type name 'VectorFloat'
  109 |         VectorFloat gravity;
      |         ^~~~~~~~~~~
../Core/Src/main.c:133:24: error: 'mpu' undeclared (first use in this function)
  133 |           packetSize = mpu.dmpGetFIFOPacketSize();
      |                        ^~~
../Core/Src/main.c:133:24: note: each undeclared identifier is reported only once for each function it appears in
../Core/Src/main.c:151:36: warning: implicit declaration of function 'degrees' [-Wimplicit-function-declaration]
  151 |                         Gyro_Now = degrees(ypr[0]); // + 180;
      |                                    ^~~~~~~
../Core/Src/main.c:111:13: warning: variable 'degree' set but not used [-Wunused-but-set-variable]
  111 |         int degree;
      |             ^~~~~~
../Core/Src/main.c:109:21: warning: unused variable 'gravity' [-Wunused-variable]
  109 |         VectorFloat gravity;
      |                     ^~~~~~~
../Core/Src/main.c:108:20: warning: unused variable 'q' [-Wunused-variable]
  108 |         Quaternion q;
      |                    ^
../Core/Src/main.c:104:21: warning: variable 'dmpReady' set but not used [-Wunused-but-set-variable]
  104 |         static bool dmpReady = false;
      |                     ^~~~~~~~
make: *** [Core/Src/subdir.mk:40: Core/Src/main.o] Error 1
"make -j16 all" terminated with exit code 2. Build might be incomplete.
16:57:01 **** Incremental Build of configuration Debug for project gyrotry ****
make -j16 all 
arm-none-eabi-gcc "../Core/Src/main.c" -mcpu=cortex-m4 -std=gnu11 -g3 -DDEBUG -DUSE_HAL_DRIVER -DSTM32F303x8 -c -I../Core/Inc -I../Drivers/STM32F3xx_HAL_Driver/Inc -I../Drivers/STM32F3xx_HAL_Driver/Inc/Legacy -I../Drivers/CMSIS/Device/ST/STM32F3xx/Include -I../Drivers/CMSIS/Include -O0 -ffunction-sections -fdata-sections -Wall -fstack-usage -fcyclomatic-complexity -MMD -MP -MF"Core/Src/main.d" -MT"Core/Src/main.o" --specs=nano.specs -mfpu=fpv4-sp-d16 -mfloat-abi=hard -mthumb -o "Core/Src/main.o"
../Core/Src/main.c: In function 'main':
../Core/Src/main.c:153:64: warning: pointer targets in passing argument 1 of 'strlen' differ in signedness [-Wpointer-sign]
  153 |                 HAL_UART_Transmit(&huart2, &fifoBuffer, strlen(fifoBuffer), 1000);
      |                                                                ^~~~~~~~~~
      |                                                                |
      |                                                                uint8_t * {aka unsigned char *}
In file included from ../Core/Inc/I2Cdev.h:38,
                 from ../Core/Inc/MPU6050.h:41,
                 from ../Core/Src/main.c:21:
C:\ST\STM32CubeIDE_1.14.0\STM32CubeIDE\plugins\com.st.stm32cube.ide.mcu.externaltools.gnu-tools-for-stm32.11.3.rel1.win32_1.1.100.202309141235\tools\bin/../lib/gcc/arm-none-eabi/11.3.1/../../../../arm-none-eabi/include/string.h:41:18: note: expected 'const char *' but argument is of type 'uint8_t *' {aka 'unsigned char *'}
   41 | size_t   strlen (const char *);
      |                  ^~~~~~~~~~~~
../Core/Src/main.c:153:44: warning: passing argument 2 of 'HAL_UART_Transmit' from incompatible pointer type [-Wincompatible-pointer-types]
  153 |                 HAL_UART_Transmit(&huart2, &fifoBuffer, strlen(fifoBuffer), 1000);
      |                                            ^~~~~~~~~~~
      |                                            |
      |                                            uint8_t (*)[64] {aka unsigned char (*)[64]}
In file included from ../Core/Inc/stm32f3xx_hal_conf.h:327,
                 from ../Drivers/STM32F3xx_HAL_Driver/Inc/stm32f3xx_hal.h:29,
                 from ../Core/Inc/main.h:30,
                 from ../Core/Src/main.c:20:
../Drivers/STM32F3xx_HAL_Driver/Inc/stm32f3xx_hal_uart.h:1486:79: note: expected 'const uint8_t *' {aka 'const unsigned char *'} but argument is of type 'uint8_t (*)[64]' {aka 'unsigned char (*)[64]'}
 1486 | HAL_StatusTypeDef HAL_UART_Transmit(UART_HandleTypeDef *huart, const uint8_t *pData, uint16_t Size, uint32_t Timeout);
      |                                                                ~~~~~~~~~~~~~~~^~~~~
../Core/Src/main.c:113:41: warning: unused variable 'Gyro_Offset' [-Wunused-variable]
  113 |         int16_t Gyro_Now = 0, Gyro = 0, Gyro_Offset = 0;
      |                                         ^~~~~~~~~~~
../Core/Src/main.c:113:31: warning: unused variable 'Gyro' [-Wunused-variable]
  113 |         int16_t Gyro_Now = 0, Gyro = 0, Gyro_Offset = 0;
      |                               ^~~~
../Core/Src/main.c:113:17: warning: unused variable 'Gyro_Now' [-Wunused-variable]
  113 |         int16_t Gyro_Now = 0, Gyro = 0, Gyro_Offset = 0;
      |                 ^~~~~~~~
../Core/Src/main.c:105:21: warning: variable 'dmpReady' set but not used [-Wunused-but-set-variable]
  105 |         static bool dmpReady = false;
      |                     ^~~~~~~~
../Core/Src/main.c:99:14: warning: unused variable 'str' [-Wunused-variable]
   99 |         char str[20];
      |              ^~~
arm-none-eabi-gcc -o "gyrotry.elf" @"objects.list"   -mcpu=cortex-m4 -T"C:\Users\mizun\Documents\GitHub\2024_Oidengiken\cubeIDE\gyro\gyrotry\STM32F303K8TX_FLASH.ld" --specs=nosys.specs -Wl,-Map="gyrotry.map" -Wl,--gc-sections -static --specs=nano.specs -mfpu=fpv4-sp-d16 -mfloat-abi=hard -mthumb -Wl,--start-group -lc -lm -Wl,--end-group
Finished building target: gyrotry.elf
 
arm-none-eabi-size  gyrotry.elf 
arm-none-eabi-objdump -h -S gyrotry.elf  > "gyrotry.list"
   text	   data	    bss	    dec	    hex	filename
  16488	     24	   1960	  18472	   4828	gyrotry.elf
Finished building: default.size.stdout
 
Finished building: gyrotry.list
 
16:57:37 **** Incremental Build of configuration Debug for project gyrotry ****
make -j16 all 
arm-none-eabi-size  gyrotry.elf 
   text	   data	    bss	    dec	    hex	filename
  16488	     24	   1960	  18472	   4828	gyrotry.elf
Finished building: default.size.stdout
 
16:57:57 **** Incremental Build of configuration Debug for project gyrotry ****
make -j16 all 
arm-none-eabi-size  gyrotry.elf 
   text	   data	    bss	    dec	    hex	filename
  16488	     24	   1960	  18472	   4828	gyrotry.elf
Finished building: default.size.stdout
 
17:00:33 **** Incremental Build of configuration Debug for project gyrotry ****
make -j16 all 
arm-none-eabi-gcc "../Core/Src/main.c" -mcpu=cortex-m4 -std=gnu11 -g3 -DDEBUG -DUSE_HAL_DRIVER -DSTM32F303x8 -c -I../Core/Inc -I../Drivers/STM32F3xx_HAL_Driver/Inc -I../Drivers/STM32F3xx_HAL_Driver/Inc/Legacy -I../Drivers/CMSIS/Device/ST/STM32F3xx/Include -I../Drivers/CMSIS/Include -O0 -ffunction-sections -fdata-sections -Wall -fstack-usage -fcyclomatic-complexity -MMD -MP -MF"Core/Src/main.d" -MT"Core/Src/main.o" --specs=nano.specs -mfpu=fpv4-sp-d16 -mfloat-abi=hard -mthumb -o "Core/Src/main.o"
../Core/Src/main.c: In function 'main':
../Core/Src/main.c:153:64: warning: pointer targets in passing argument 1 of 'strlen' differ in signedness [-Wpointer-sign]
  153 |                 HAL_UART_Transmit(&huart2, &fifoBuffer, strlen(fifoBuffer), 1000);
      |                                                                ^~~~~~~~~~
      |                                                                |
      |                                                                uint8_t * {aka unsigned char *}
In file included from ../Core/Inc/I2Cdev.h:38,
                 from ../Core/Inc/MPU6050.h:41,
                 from ../Core/Src/main.c:21:
C:\ST\STM32CubeIDE_1.14.0\STM32CubeIDE\plugins\com.st.stm32cube.ide.mcu.externaltools.gnu-tools-for-stm32.11.3.rel1.win32_1.1.100.202309141235\tools\bin/../lib/gcc/arm-none-eabi/11.3.1/../../../../arm-none-eabi/include/string.h:41:18: note: expected 'const char *' but argument is of type 'uint8_t *' {aka 'unsigned char *'}
   41 | size_t   strlen (const char *);
      |                  ^~~~~~~~~~~~
../Core/Src/main.c:153:44: warning: passing argument 2 of 'HAL_UART_Transmit' from incompatible pointer type [-Wincompatible-pointer-types]
  153 |                 HAL_UART_Transmit(&huart2, &fifoBuffer, strlen(fifoBuffer), 1000);
      |                                            ^~~~~~~~~~~
      |                                            |
      |                                            uint8_t (*)[64] {aka unsigned char (*)[64]}
In file included from ../Core/Inc/stm32f3xx_hal_conf.h:327,
                 from ../Drivers/STM32F3xx_HAL_Driver/Inc/stm32f3xx_hal.h:29,
                 from ../Core/Inc/main.h:30,
                 from ../Core/Src/main.c:20:
../Drivers/STM32F3xx_HAL_Driver/Inc/stm32f3xx_hal_uart.h:1486:79: note: expected 'const uint8_t *' {aka 'const unsigned char *'} but argument is of type 'uint8_t (*)[64]' {aka 'unsigned char (*)[64]'}
 1486 | HAL_StatusTypeDef HAL_UART_Transmit(UART_HandleTypeDef *huart, const uint8_t *pData, uint16_t Size, uint32_t Timeout);
      |                                                                ~~~~~~~~~~~~~~~^~~~~
../Core/Src/main.c:113:41: warning: unused variable 'Gyro_Offset' [-Wunused-variable]
  113 |         int16_t Gyro_Now = 0, Gyro = 0, Gyro_Offset = 0;
      |                                         ^~~~~~~~~~~
../Core/Src/main.c:113:31: warning: unused variable 'Gyro' [-Wunused-variable]
  113 |         int16_t Gyro_Now = 0, Gyro = 0, Gyro_Offset = 0;
      |                               ^~~~
../Core/Src/main.c:113:17: warning: unused variable 'Gyro_Now' [-Wunused-variable]
  113 |         int16_t Gyro_Now = 0, Gyro = 0, Gyro_Offset = 0;
      |                 ^~~~~~~~
../Core/Src/main.c:105:21: warning: variable 'dmpReady' set but not used [-Wunused-but-set-variable]
  105 |         static bool dmpReady = false;
      |                     ^~~~~~~~
../Core/Src/main.c:99:14: warning: unused variable 'str' [-Wunused-variable]
   99 |         char str[20];
      |              ^~~
arm-none-eabi-gcc -o "gyrotry.elf" @"objects.list"   -mcpu=cortex-m4 -T"C:\Users\mizun\Documents\GitHub\2024_Oidengiken\cubeIDE\gyro\gyrotry\STM32F303K8TX_FLASH.ld" --specs=nosys.specs -Wl,-Map="gyrotry.map" -Wl,--gc-sections -static --specs=nano.specs -mfpu=fpv4-sp-d16 -mfloat-abi=hard -mthumb -Wl,--start-group -lc -lm -Wl,--end-group
Finished building target: gyrotry.elf
 
arm-none-eabi-size  gyrotry.elf 
arm-none-eabi-objdump -h -S gyrotry.elf  > "gyrotry.list"
   text	   data	    bss	    dec	    hex	filename
  16488	     24	   1960	  18472	   4828	gyrotry.elf
Finished building: default.size.stdout
 
Finished building: gyrotry.list
 
17:01:40 **** Incremental Build of configuration Debug for project gyrotry ****
make -j16 all 
arm-none-eabi-gcc "../Core/Src/main.c" -mcpu=cortex-m4 -std=gnu11 -g3 -DDEBUG -DUSE_HAL_DRIVER -DSTM32F303x8 -c -I../Core/Inc -I../Drivers/STM32F3xx_HAL_Driver/Inc -I../Drivers/STM32F3xx_HAL_Driver/Inc/Legacy -I../Drivers/CMSIS/Device/ST/STM32F3xx/Include -I../Drivers/CMSIS/Include -O0 -ffunction-sections -fdata-sections -Wall -fstack-usage -fcyclomatic-complexity -MMD -MP -MF"Core/Src/main.d" -MT"Core/Src/main.o" --specs=nano.specs -mfpu=fpv4-sp-d16 -mfloat-abi=hard -mthumb -o "Core/Src/main.o"
../Core/Src/main.c: In function 'main':
../Core/Src/main.c:153:64: warning: pointer targets in passing argument 1 of 'strlen' differ in signedness [-Wpointer-sign]
  153 |                 HAL_UART_Transmit(&huart2, &fifoBuffer, strlen(fifoBuffer), 1000);
      |                                                                ^~~~~~~~~~
      |                                                                |
      |                                                                uint8_t * {aka unsigned char *}
In file included from ../Core/Inc/I2Cdev.h:38,
                 from ../Core/Inc/MPU6050.h:41,
                 from ../Core/Src/main.c:21:
C:\ST\STM32CubeIDE_1.14.0\STM32CubeIDE\plugins\com.st.stm32cube.ide.mcu.externaltools.gnu-tools-for-stm32.11.3.rel1.win32_1.1.100.202309141235\tools\bin/../lib/gcc/arm-none-eabi/11.3.1/../../../../arm-none-eabi/include/string.h:41:18: note: expected 'const char *' but argument is of type 'uint8_t *' {aka 'unsigned char *'}
   41 | size_t   strlen (const char *);
      |                  ^~~~~~~~~~~~
../Core/Src/main.c:153:44: warning: passing argument 2 of 'HAL_UART_Transmit' from incompatible pointer type [-Wincompatible-pointer-types]
  153 |                 HAL_UART_Transmit(&huart2, &fifoBuffer, strlen(fifoBuffer), 1000);
      |                                            ^~~~~~~~~~~
      |                                            |
      |                                            uint8_t (*)[64] {aka unsigned char (*)[64]}
In file included from ../Core/Inc/stm32f3xx_hal_conf.h:327,
                 from ../Drivers/STM32F3xx_HAL_Driver/Inc/stm32f3xx_hal.h:29,
                 from ../Core/Inc/main.h:30,
                 from ../Core/Src/main.c:20:
../Drivers/STM32F3xx_HAL_Driver/Inc/stm32f3xx_hal_uart.h:1486:79: note: expected 'const uint8_t *' {aka 'const unsigned char *'} but argument is of type 'uint8_t (*)[64]' {aka 'unsigned char (*)[64]'}
 1486 | HAL_StatusTypeDef HAL_UART_Transmit(UART_HandleTypeDef *huart, const uint8_t *pData, uint16_t Size, uint32_t Timeout);
      |                                                                ~~~~~~~~~~~~~~~^~~~~
../Core/Src/main.c:113:41: warning: unused variable 'Gyro_Offset' [-Wunused-variable]
  113 |         int16_t Gyro_Now = 0, Gyro = 0, Gyro_Offset = 0;
      |                                         ^~~~~~~~~~~
../Core/Src/main.c:113:31: warning: unused variable 'Gyro' [-Wunused-variable]
  113 |         int16_t Gyro_Now = 0, Gyro = 0, Gyro_Offset = 0;
      |                               ^~~~
../Core/Src/main.c:113:17: warning: unused variable 'Gyro_Now' [-Wunused-variable]
  113 |         int16_t Gyro_Now = 0, Gyro = 0, Gyro_Offset = 0;
      |                 ^~~~~~~~
../Core/Src/main.c:105:21: warning: variable 'dmpReady' set but not used [-Wunused-but-set-variable]
  105 |         static bool dmpReady = false;
      |                     ^~~~~~~~
../Core/Src/main.c:99:14: warning: unused variable 'str' [-Wunused-variable]
   99 |         char str[20];
      |              ^~~
arm-none-eabi-gcc -o "gyrotry.elf" @"objects.list"   -mcpu=cortex-m4 -T"C:\Users\mizun\Documents\GitHub\2024_Oidengiken\cubeIDE\gyro\gyrotry\STM32F303K8TX_FLASH.ld" --specs=nosys.specs -Wl,-Map="gyrotry.map" -Wl,--gc-sections -static --specs=nano.specs -mfpu=fpv4-sp-d16 -mfloat-abi=hard -mthumb -Wl,--start-group -lc -lm -Wl,--end-group
Finished building target: gyrotry.elf
 
arm-none-eabi-size  gyrotry.elf 
arm-none-eabi-objdump -h -S gyrotry.elf  > "gyrotry.list"
   text	   data	    bss	    dec	    hex	filename
  16500	     24	   1960	  18484	   4834	gyrotry.elf
Finished building: default.size.stdout
 
Finished building: gyrotry.list
 
17:04:18 **** Incremental Build of configuration Debug for project gyrotry ****
make -j16 all 
arm-none-eabi-gcc "../Core/Src/main.c" -mcpu=cortex-m4 -std=gnu11 -g3 -DDEBUG -DUSE_HAL_DRIVER -DSTM32F303x8 -c -I../Core/Inc -I../Drivers/STM32F3xx_HAL_Driver/Inc -I../Drivers/STM32F3xx_HAL_Driver/Inc/Legacy -I../Drivers/CMSIS/Device/ST/STM32F3xx/Include -I../Drivers/CMSIS/Include -O0 -ffunction-sections -fdata-sections -Wall -fstack-usage -fcyclomatic-complexity -MMD -MP -MF"Core/Src/main.d" -MT"Core/Src/main.o" --specs=nano.specs -mfpu=fpv4-sp-d16 -mfloat-abi=hard -mthumb -o "Core/Src/main.o"
../Core/Src/main.c: In function 'main':
../Core/Src/main.c:153:67: warning: pointer targets in passing argument 1 of 'strlen' differ in signedness [-Wpointer-sign]
  153 |                 HAL_UART_Transmit(&huart2, &fifoBuffer[0], strlen(fifoBuffer), 1000);
      |                                                                   ^~~~~~~~~~
      |                                                                   |
      |                                                                   uint8_t * {aka unsigned char *}
In file included from ../Core/Inc/I2Cdev.h:38,
                 from ../Core/Inc/MPU6050.h:41,
                 from ../Core/Src/main.c:21:
C:\ST\STM32CubeIDE_1.14.0\STM32CubeIDE\plugins\com.st.stm32cube.ide.mcu.externaltools.gnu-tools-for-stm32.11.3.rel1.win32_1.1.100.202309141235\tools\bin/../lib/gcc/arm-none-eabi/11.3.1/../../../../arm-none-eabi/include/string.h:41:18: note: expected 'const char *' but argument is of type 'uint8_t *' {aka 'unsigned char *'}
   41 | size_t   strlen (const char *);
      |                  ^~~~~~~~~~~~
../Core/Src/main.c:113:41: warning: unused variable 'Gyro_Offset' [-Wunused-variable]
  113 |         int16_t Gyro_Now = 0, Gyro = 0, Gyro_Offset = 0;
      |                                         ^~~~~~~~~~~
../Core/Src/main.c:113:31: warning: unused variable 'Gyro' [-Wunused-variable]
  113 |         int16_t Gyro_Now = 0, Gyro = 0, Gyro_Offset = 0;
      |                               ^~~~
../Core/Src/main.c:113:17: warning: unused variable 'Gyro_Now' [-Wunused-variable]
  113 |         int16_t Gyro_Now = 0, Gyro = 0, Gyro_Offset = 0;
      |                 ^~~~~~~~
../Core/Src/main.c:105:21: warning: variable 'dmpReady' set but not used [-Wunused-but-set-variable]
  105 |         static bool dmpReady = false;
      |                     ^~~~~~~~
../Core/Src/main.c:99:14: warning: unused variable 'str' [-Wunused-variable]
   99 |         char str[20];
      |              ^~~
arm-none-eabi-gcc -o "gyrotry.elf" @"objects.list"   -mcpu=cortex-m4 -T"C:\Users\mizun\Documents\GitHub\2024_Oidengiken\cubeIDE\gyro\gyrotry\STM32F303K8TX_FLASH.ld" --specs=nosys.specs -Wl,-Map="gyrotry.map" -Wl,--gc-sections -static --specs=nano.specs -mfpu=fpv4-sp-d16 -mfloat-abi=hard -mthumb -Wl,--start-group -lc -lm -Wl,--end-group
Finished building target: gyrotry.elf
 
arm-none-eabi-size  gyrotry.elf 
arm-none-eabi-objdump -h -S gyrotry.elf  > "gyrotry.list"
   text	   data	    bss	    dec	    hex	filename
  16500	     24	   1960	  18484	   4834	gyrotry.elf
Finished building: default.size.stdout
 
Finished building: gyrotry.list
 
17:07:27 **** Incremental Build of configuration Debug for project gyrotry ****
make -j16 all 
arm-none-eabi-gcc "../Core/Src/main.c" -mcpu=cortex-m4 -std=gnu11 -g3 -DDEBUG -DUSE_HAL_DRIVER -DSTM32F303x8 -c -I../Core/Inc -I../Drivers/STM32F3xx_HAL_Driver/Inc -I../Drivers/STM32F3xx_HAL_Driver/Inc/Legacy -I../Drivers/CMSIS/Device/ST/STM32F3xx/Include -I../Drivers/CMSIS/Include -O0 -ffunction-sections -fdata-sections -Wall -fstack-usage -fcyclomatic-complexity -MMD -MP -MF"Core/Src/main.d" -MT"Core/Src/main.o" --specs=nano.specs -mfpu=fpv4-sp-d16 -mfloat-abi=hard -mthumb -o "Core/Src/main.o"
../Core/Src/main.c: In function 'main':
../Core/Src/main.c:153:67: warning: pointer targets in passing argument 1 of 'strlen' differ in signedness [-Wpointer-sign]
  153 |                 HAL_UART_Transmit(&huart2, &fifoBuffer[1], strlen(fifoBuffer), 1000);
      |                                                                   ^~~~~~~~~~
      |                                                                   |
      |                                                                   uint8_t * {aka unsigned char *}
In file included from ../Core/Inc/I2Cdev.h:38,
                 from ../Core/Inc/MPU6050.h:41,
                 from ../Core/Src/main.c:21:
C:\ST\STM32CubeIDE_1.14.0\STM32CubeIDE\plugins\com.st.stm32cube.ide.mcu.externaltools.gnu-tools-for-stm32.11.3.rel1.win32_1.1.100.202309141235\tools\bin/../lib/gcc/arm-none-eabi/11.3.1/../../../../arm-none-eabi/include/string.h:41:18: note: expected 'const char *' but argument is of type 'uint8_t *' {aka 'unsigned char *'}
   41 | size_t   strlen (const char *);
      |                  ^~~~~~~~~~~~
../Core/Src/main.c:113:41: warning: unused variable 'Gyro_Offset' [-Wunused-variable]
  113 |         int16_t Gyro_Now = 0, Gyro = 0, Gyro_Offset = 0;
      |                                         ^~~~~~~~~~~
../Core/Src/main.c:113:31: warning: unused variable 'Gyro' [-Wunused-variable]
  113 |         int16_t Gyro_Now = 0, Gyro = 0, Gyro_Offset = 0;
      |                               ^~~~
../Core/Src/main.c:113:17: warning: unused variable 'Gyro_Now' [-Wunused-variable]
  113 |         int16_t Gyro_Now = 0, Gyro = 0, Gyro_Offset = 0;
      |                 ^~~~~~~~
../Core/Src/main.c:105:21: warning: variable 'dmpReady' set but not used [-Wunused-but-set-variable]
  105 |         static bool dmpReady = false;
      |                     ^~~~~~~~
../Core/Src/main.c:99:14: warning: unused variable 'str' [-Wunused-variable]
   99 |         char str[20];
      |              ^~~
arm-none-eabi-gcc -o "gyrotry.elf" @"objects.list"   -mcpu=cortex-m4 -T"C:\Users\mizun\Documents\GitHub\2024_Oidengiken\cubeIDE\gyro\gyrotry\STM32F303K8TX_FLASH.ld" --specs=nosys.specs -Wl,-Map="gyrotry.map" -Wl,--gc-sections -static --specs=nano.specs -mfpu=fpv4-sp-d16 -mfloat-abi=hard -mthumb -Wl,--start-group -lc -lm -Wl,--end-group
Finished building target: gyrotry.elf
 
arm-none-eabi-size  gyrotry.elf 
arm-none-eabi-objdump -h -S gyrotry.elf  > "gyrotry.list"
   text	   data	    bss	    dec	    hex	filename
  16504	     24	   1960	  18488	   4838	gyrotry.elf
Finished building: default.size.stdout
 
Finished building: gyrotry.list
 
17:08:04 **** Incremental Build of configuration Debug for project gyrotry ****
make -j16 all 
arm-none-eabi-gcc "../Core/Src/main.c" -mcpu=cortex-m4 -std=gnu11 -g3 -DDEBUG -DUSE_HAL_DRIVER -DSTM32F303x8 -c -I../Core/Inc -I../Drivers/STM32F3xx_HAL_Driver/Inc -I../Drivers/STM32F3xx_HAL_Driver/Inc/Legacy -I../Drivers/CMSIS/Device/ST/STM32F3xx/Include -I../Drivers/CMSIS/Include -O0 -ffunction-sections -fdata-sections -Wall -fstack-usage -fcyclomatic-complexity -MMD -MP -MF"Core/Src/main.d" -MT"Core/Src/main.o" --specs=nano.specs -mfpu=fpv4-sp-d16 -mfloat-abi=hard -mthumb -o "Core/Src/main.o"
../Core/Src/main.c: In function 'main':
../Core/Src/main.c:153:67: warning: pointer targets in passing argument 1 of 'strlen' differ in signedness [-Wpointer-sign]
  153 |                 HAL_UART_Transmit(&huart2, &fifoBuffer[4], strlen(fifoBuffer), 1000);
      |                                                                   ^~~~~~~~~~
      |                                                                   |
      |                                                                   uint8_t * {aka unsigned char *}
In file included from ../Core/Inc/I2Cdev.h:38,
                 from ../Core/Inc/MPU6050.h:41,
                 from ../Core/Src/main.c:21:
C:\ST\STM32CubeIDE_1.14.0\STM32CubeIDE\plugins\com.st.stm32cube.ide.mcu.externaltools.gnu-tools-for-stm32.11.3.rel1.win32_1.1.100.202309141235\tools\bin/../lib/gcc/arm-none-eabi/11.3.1/../../../../arm-none-eabi/include/string.h:41:18: note: expected 'const char *' but argument is of type 'uint8_t *' {aka 'unsigned char *'}
   41 | size_t   strlen (const char *);
      |                  ^~~~~~~~~~~~
../Core/Src/main.c:113:41: warning: unused variable 'Gyro_Offset' [-Wunused-variable]
  113 |         int16_t Gyro_Now = 0, Gyro = 0, Gyro_Offset = 0;
      |                                         ^~~~~~~~~~~
../Core/Src/main.c:113:31: warning: unused variable 'Gyro' [-Wunused-variable]
  113 |         int16_t Gyro_Now = 0, Gyro = 0, Gyro_Offset = 0;
      |                               ^~~~
../Core/Src/main.c:113:17: warning: unused variable 'Gyro_Now' [-Wunused-variable]
  113 |         int16_t Gyro_Now = 0, Gyro = 0, Gyro_Offset = 0;
      |                 ^~~~~~~~
../Core/Src/main.c:105:21: warning: variable 'dmpReady' set but not used [-Wunused-but-set-variable]
  105 |         static bool dmpReady = false;
      |                     ^~~~~~~~
../Core/Src/main.c:99:14: warning: unused variable 'str' [-Wunused-variable]
   99 |         char str[20];
      |              ^~~
arm-none-eabi-gcc -o "gyrotry.elf" @"objects.list"   -mcpu=cortex-m4 -T"C:\Users\mizun\Documents\GitHub\2024_Oidengiken\cubeIDE\gyro\gyrotry\STM32F303K8TX_FLASH.ld" --specs=nosys.specs -Wl,-Map="gyrotry.map" -Wl,--gc-sections -static --specs=nano.specs -mfpu=fpv4-sp-d16 -mfloat-abi=hard -mthumb -Wl,--start-group -lc -lm -Wl,--end-group
Finished building target: gyrotry.elf
 
arm-none-eabi-size  gyrotry.elf 
arm-none-eabi-objdump -h -S gyrotry.elf  > "gyrotry.list"
   text	   data	    bss	    dec	    hex	filename
  16504	     24	   1960	  18488	   4838	gyrotry.elf
Finished building: default.size.stdout
 
Finished building: gyrotry.list
 
17:09:51 **** Incremental Build of configuration Debug for project gyrotry ****
make -j16 all 
arm-none-eabi-gcc "../Core/Src/main.c" -mcpu=cortex-m4 -std=gnu11 -g3 -DDEBUG -DUSE_HAL_DRIVER -DSTM32F303x8 -c -I../Core/Inc -I../Drivers/STM32F3xx_HAL_Driver/Inc -I../Drivers/STM32F3xx_HAL_Driver/Inc/Legacy -I../Drivers/CMSIS/Device/ST/STM32F3xx/Include -I../Drivers/CMSIS/Include -O0 -ffunction-sections -fdata-sections -Wall -fstack-usage -fcyclomatic-complexity -MMD -MP -MF"Core/Src/main.d" -MT"Core/Src/main.o" --specs=nano.specs -mfpu=fpv4-sp-d16 -mfloat-abi=hard -mthumb -o "Core/Src/main.o"
../Core/Src/main.c: In function 'main':
../Core/Src/main.c:153:67: warning: pointer targets in passing argument 1 of 'strlen' differ in signedness [-Wpointer-sign]
  153 |                 HAL_UART_Transmit(&huart2, &fifoBuffer[5], strlen(fifoBuffer), 1000);
      |                                                                   ^~~~~~~~~~
      |                                                                   |
      |                                                                   uint8_t * {aka unsigned char *}
In file included from ../Core/Inc/I2Cdev.h:38,
                 from ../Core/Inc/MPU6050.h:41,
                 from ../Core/Src/main.c:21:
C:\ST\STM32CubeIDE_1.14.0\STM32CubeIDE\plugins\com.st.stm32cube.ide.mcu.externaltools.gnu-tools-for-stm32.11.3.rel1.win32_1.1.100.202309141235\tools\bin/../lib/gcc/arm-none-eabi/11.3.1/../../../../arm-none-eabi/include/string.h:41:18: note: expected 'const char *' but argument is of type 'uint8_t *' {aka 'unsigned char *'}
   41 | size_t   strlen (const char *);
      |                  ^~~~~~~~~~~~
../Core/Src/main.c:113:41: warning: unused variable 'Gyro_Offset' [-Wunused-variable]
  113 |         int16_t Gyro_Now = 0, Gyro = 0, Gyro_Offset = 0;
      |                                         ^~~~~~~~~~~
../Core/Src/main.c:113:31: warning: unused variable 'Gyro' [-Wunused-variable]
  113 |         int16_t Gyro_Now = 0, Gyro = 0, Gyro_Offset = 0;
      |                               ^~~~
../Core/Src/main.c:113:17: warning: unused variable 'Gyro_Now' [-Wunused-variable]
  113 |         int16_t Gyro_Now = 0, Gyro = 0, Gyro_Offset = 0;
      |                 ^~~~~~~~
../Core/Src/main.c:105:21: warning: variable 'dmpReady' set but not used [-Wunused-but-set-variable]
  105 |         static bool dmpReady = false;
      |                     ^~~~~~~~
../Core/Src/main.c:99:14: warning: unused variable 'str' [-Wunused-variable]
   99 |         char str[20];
      |              ^~~
arm-none-eabi-gcc -o "gyrotry.elf" @"objects.list"   -mcpu=cortex-m4 -T"C:\Users\mizun\Documents\GitHub\2024_Oidengiken\cubeIDE\gyro\gyrotry\STM32F303K8TX_FLASH.ld" --specs=nosys.specs -Wl,-Map="gyrotry.map" -Wl,--gc-sections -static --specs=nano.specs -mfpu=fpv4-sp-d16 -mfloat-abi=hard -mthumb -Wl,--start-group -lc -lm -Wl,--end-group
Finished building target: gyrotry.elf
 
arm-none-eabi-size  gyrotry.elf 
arm-none-eabi-objdump -h -S gyrotry.elf  > "gyrotry.list"
   text	   data	    bss	    dec	    hex	filename
  16504	     24	   1960	  18488	   4838	gyrotry.elf
Finished building: default.size.stdout
 
Finished building: gyrotry.list
 
17:10:31 **** Incremental Build of configuration Debug for project gyrotry ****
make -j16 all 
arm-none-eabi-gcc "../Core/Src/main.c" -mcpu=cortex-m4 -std=gnu11 -g3 -DDEBUG -DUSE_HAL_DRIVER -DSTM32F303x8 -c -I../Core/Inc -I../Drivers/STM32F3xx_HAL_Driver/Inc -I../Drivers/STM32F3xx_HAL_Driver/Inc/Legacy -I../Drivers/CMSIS/Device/ST/STM32F3xx/Include -I../Drivers/CMSIS/Include -O0 -ffunction-sections -fdata-sections -Wall -fstack-usage -fcyclomatic-complexity -MMD -MP -MF"Core/Src/main.d" -MT"Core/Src/main.o" --specs=nano.specs -mfpu=fpv4-sp-d16 -mfloat-abi=hard -mthumb -o "Core/Src/main.o"
../Core/Src/main.c: In function 'main':
../Core/Src/main.c:153:67: warning: pointer targets in passing argument 1 of 'strlen' differ in signedness [-Wpointer-sign]
  153 |                 HAL_UART_Transmit(&huart2, &fifoBuffer[8], strlen(fifoBuffer), 1000);
      |                                                                   ^~~~~~~~~~
      |                                                                   |
      |                                                                   uint8_t * {aka unsigned char *}
In file included from ../Core/Inc/I2Cdev.h:38,
                 from ../Core/Inc/MPU6050.h:41,
                 from ../Core/Src/main.c:21:
C:\ST\STM32CubeIDE_1.14.0\STM32CubeIDE\plugins\com.st.stm32cube.ide.mcu.externaltools.gnu-tools-for-stm32.11.3.rel1.win32_1.1.100.202309141235\tools\bin/../lib/gcc/arm-none-eabi/11.3.1/../../../../arm-none-eabi/include/string.h:41:18: note: expected 'const char *' but argument is of type 'uint8_t *' {aka 'unsigned char *'}
   41 | size_t   strlen (const char *);
      |                  ^~~~~~~~~~~~
../Core/Src/main.c:113:41: warning: unused variable 'Gyro_Offset' [-Wunused-variable]
  113 |         int16_t Gyro_Now = 0, Gyro = 0, Gyro_Offset = 0;
      |                                         ^~~~~~~~~~~
../Core/Src/main.c:113:31: warning: unused variable 'Gyro' [-Wunused-variable]
  113 |         int16_t Gyro_Now = 0, Gyro = 0, Gyro_Offset = 0;
      |                               ^~~~
../Core/Src/main.c:113:17: warning: unused variable 'Gyro_Now' [-Wunused-variable]
  113 |         int16_t Gyro_Now = 0, Gyro = 0, Gyro_Offset = 0;
      |                 ^~~~~~~~
../Core/Src/main.c:105:21: warning: variable 'dmpReady' set but not used [-Wunused-but-set-variable]
  105 |         static bool dmpReady = false;
      |                     ^~~~~~~~
../Core/Src/main.c:99:14: warning: unused variable 'str' [-Wunused-variable]
   99 |         char str[20];
      |              ^~~
arm-none-eabi-gcc -o "gyrotry.elf" @"objects.list"   -mcpu=cortex-m4 -T"C:\Users\mizun\Documents\GitHub\2024_Oidengiken\cubeIDE\gyro\gyrotry\STM32F303K8TX_FLASH.ld" --specs=nosys.specs -Wl,-Map="gyrotry.map" -Wl,--gc-sections -static --specs=nano.specs -mfpu=fpv4-sp-d16 -mfloat-abi=hard -mthumb -Wl,--start-group -lc -lm -Wl,--end-group
Finished building target: gyrotry.elf
 
arm-none-eabi-size  gyrotry.elf 
arm-none-eabi-objdump -h -S gyrotry.elf  > "gyrotry.list"
   text	   data	    bss	    dec	    hex	filename
  16504	     24	   1960	  18488	   4838	gyrotry.elf
Finished building: default.size.stdout
 
Finished building: gyrotry.list
 
17:10:54 **** Incremental Build of configuration Debug for project gyrotry ****
make -j16 all 
arm-none-eabi-gcc "../Core/Src/main.c" -mcpu=cortex-m4 -std=gnu11 -g3 -DDEBUG -DUSE_HAL_DRIVER -DSTM32F303x8 -c -I../Core/Inc -I../Drivers/STM32F3xx_HAL_Driver/Inc -I../Drivers/STM32F3xx_HAL_Driver/Inc/Legacy -I../Drivers/CMSIS/Device/ST/STM32F3xx/Include -I../Drivers/CMSIS/Include -O0 -ffunction-sections -fdata-sections -Wall -fstack-usage -fcyclomatic-complexity -MMD -MP -MF"Core/Src/main.d" -MT"Core/Src/main.o" --specs=nano.specs -mfpu=fpv4-sp-d16 -mfloat-abi=hard -mthumb -o "Core/Src/main.o"
../Core/Src/main.c: In function 'main':
../Core/Src/main.c:153:67: warning: pointer targets in passing argument 1 of 'strlen' differ in signedness [-Wpointer-sign]
  153 |                 HAL_UART_Transmit(&huart2, &fifoBuffer[9], strlen(fifoBuffer), 1000);
      |                                                                   ^~~~~~~~~~
      |                                                                   |
      |                                                                   uint8_t * {aka unsigned char *}
In file included from ../Core/Inc/I2Cdev.h:38,
                 from ../Core/Inc/MPU6050.h:41,
                 from ../Core/Src/main.c:21:
C:\ST\STM32CubeIDE_1.14.0\STM32CubeIDE\plugins\com.st.stm32cube.ide.mcu.externaltools.gnu-tools-for-stm32.11.3.rel1.win32_1.1.100.202309141235\tools\bin/../lib/gcc/arm-none-eabi/11.3.1/../../../../arm-none-eabi/include/string.h:41:18: note: expected 'const char *' but argument is of type 'uint8_t *' {aka 'unsigned char *'}
   41 | size_t   strlen (const char *);
      |                  ^~~~~~~~~~~~
../Core/Src/main.c:113:41: warning: unused variable 'Gyro_Offset' [-Wunused-variable]
  113 |         int16_t Gyro_Now = 0, Gyro = 0, Gyro_Offset = 0;
      |                                         ^~~~~~~~~~~
../Core/Src/main.c:113:31: warning: unused variable 'Gyro' [-Wunused-variable]
  113 |         int16_t Gyro_Now = 0, Gyro = 0, Gyro_Offset = 0;
      |                               ^~~~
../Core/Src/main.c:113:17: warning: unused variable 'Gyro_Now' [-Wunused-variable]
  113 |         int16_t Gyro_Now = 0, Gyro = 0, Gyro_Offset = 0;
      |                 ^~~~~~~~
../Core/Src/main.c:105:21: warning: variable 'dmpReady' set but not used [-Wunused-but-set-variable]
  105 |         static bool dmpReady = false;
      |                     ^~~~~~~~
../Core/Src/main.c:99:14: warning: unused variable 'str' [-Wunused-variable]
   99 |         char str[20];
      |              ^~~
arm-none-eabi-gcc -o "gyrotry.elf" @"objects.list"   -mcpu=cortex-m4 -T"C:\Users\mizun\Documents\GitHub\2024_Oidengiken\cubeIDE\gyro\gyrotry\STM32F303K8TX_FLASH.ld" --specs=nosys.specs -Wl,-Map="gyrotry.map" -Wl,--gc-sections -static --specs=nano.specs -mfpu=fpv4-sp-d16 -mfloat-abi=hard -mthumb -Wl,--start-group -lc -lm -Wl,--end-group
Finished building target: gyrotry.elf
 
arm-none-eabi-size  gyrotry.elf 
arm-none-eabi-objdump -h -S gyrotry.elf  > "gyrotry.list"
   text	   data	    bss	    dec	    hex	filename
  16504	     24	   1960	  18488	   4838	gyrotry.elf
Finished building: default.size.stdout
 
Finished building: gyrotry.list
 
17:11:14 **** Incremental Build of configuration Debug for project gyrotry ****
make -j16 all 
arm-none-eabi-gcc "../Core/Src/main.c" -mcpu=cortex-m4 -std=gnu11 -g3 -DDEBUG -DUSE_HAL_DRIVER -DSTM32F303x8 -c -I../Core/Inc -I../Drivers/STM32F3xx_HAL_Driver/Inc -I../Drivers/STM32F3xx_HAL_Driver/Inc/Legacy -I../Drivers/CMSIS/Device/ST/STM32F3xx/Include -I../Drivers/CMSIS/Include -O0 -ffunction-sections -fdata-sections -Wall -fstack-usage -fcyclomatic-complexity -MMD -MP -MF"Core/Src/main.d" -MT"Core/Src/main.o" --specs=nano.specs -mfpu=fpv4-sp-d16 -mfloat-abi=hard -mthumb -o "Core/Src/main.o"
../Core/Src/main.c: In function 'main':
../Core/Src/main.c:153:68: warning: pointer targets in passing argument 1 of 'strlen' differ in signedness [-Wpointer-sign]
  153 |                 HAL_UART_Transmit(&huart2, &fifoBuffer[12], strlen(fifoBuffer), 1000);
      |                                                                    ^~~~~~~~~~
      |                                                                    |
      |                                                                    uint8_t * {aka unsigned char *}
In file included from ../Core/Inc/I2Cdev.h:38,
                 from ../Core/Inc/MPU6050.h:41,
                 from ../Core/Src/main.c:21:
C:\ST\STM32CubeIDE_1.14.0\STM32CubeIDE\plugins\com.st.stm32cube.ide.mcu.externaltools.gnu-tools-for-stm32.11.3.rel1.win32_1.1.100.202309141235\tools\bin/../lib/gcc/arm-none-eabi/11.3.1/../../../../arm-none-eabi/include/string.h:41:18: note: expected 'const char *' but argument is of type 'uint8_t *' {aka 'unsigned char *'}
   41 | size_t   strlen (const char *);
      |                  ^~~~~~~~~~~~
../Core/Src/main.c:113:41: warning: unused variable 'Gyro_Offset' [-Wunused-variable]
  113 |         int16_t Gyro_Now = 0, Gyro = 0, Gyro_Offset = 0;
      |                                         ^~~~~~~~~~~
../Core/Src/main.c:113:31: warning: unused variable 'Gyro' [-Wunused-variable]
  113 |         int16_t Gyro_Now = 0, Gyro = 0, Gyro_Offset = 0;
      |                               ^~~~
../Core/Src/main.c:113:17: warning: unused variable 'Gyro_Now' [-Wunused-variable]
  113 |         int16_t Gyro_Now = 0, Gyro = 0, Gyro_Offset = 0;
      |                 ^~~~~~~~
../Core/Src/main.c:105:21: warning: variable 'dmpReady' set but not used [-Wunused-but-set-variable]
  105 |         static bool dmpReady = false;
      |                     ^~~~~~~~
../Core/Src/main.c:99:14: warning: unused variable 'str' [-Wunused-variable]
   99 |         char str[20];
      |              ^~~
arm-none-eabi-gcc -o "gyrotry.elf" @"objects.list"   -mcpu=cortex-m4 -T"C:\Users\mizun\Documents\GitHub\2024_Oidengiken\cubeIDE\gyro\gyrotry\STM32F303K8TX_FLASH.ld" --specs=nosys.specs -Wl,-Map="gyrotry.map" -Wl,--gc-sections -static --specs=nano.specs -mfpu=fpv4-sp-d16 -mfloat-abi=hard -mthumb -Wl,--start-group -lc -lm -Wl,--end-group
Finished building target: gyrotry.elf
 
arm-none-eabi-size  gyrotry.elf 
arm-none-eabi-objdump -h -S gyrotry.elf  > "gyrotry.list"
   text	   data	    bss	    dec	    hex	filename
  16504	     24	   1960	  18488	   4838	gyrotry.elf
Finished building: default.size.stdout
 
Finished building: gyrotry.list
 
17:12:00 **** Incremental Build of configuration Debug for project gyrotry ****
make -j16 all 
arm-none-eabi-gcc "../Core/Src/main.c" -mcpu=cortex-m4 -std=gnu11 -g3 -DDEBUG -DUSE_HAL_DRIVER -DSTM32F303x8 -c -I../Core/Inc -I../Drivers/STM32F3xx_HAL_Driver/Inc -I../Drivers/STM32F3xx_HAL_Driver/Inc/Legacy -I../Drivers/CMSIS/Device/ST/STM32F3xx/Include -I../Drivers/CMSIS/Include -O0 -ffunction-sections -fdata-sections -Wall -fstack-usage -fcyclomatic-complexity -MMD -MP -MF"Core/Src/main.d" -MT"Core/Src/main.o" --specs=nano.specs -mfpu=fpv4-sp-d16 -mfloat-abi=hard -mthumb -o "Core/Src/main.o"
../Core/Src/main.c: In function 'main':
../Core/Src/main.c:153:68: warning: pointer targets in passing argument 1 of 'strlen' differ in signedness [-Wpointer-sign]
  153 |                 HAL_UART_Transmit(&huart2, &fifoBuffer[13], strlen(fifoBuffer), 1000);
      |                                                                    ^~~~~~~~~~
      |                                                                    |
      |                                                                    uint8_t * {aka unsigned char *}
In file included from ../Core/Inc/I2Cdev.h:38,
                 from ../Core/Inc/MPU6050.h:41,
                 from ../Core/Src/main.c:21:
C:\ST\STM32CubeIDE_1.14.0\STM32CubeIDE\plugins\com.st.stm32cube.ide.mcu.externaltools.gnu-tools-for-stm32.11.3.rel1.win32_1.1.100.202309141235\tools\bin/../lib/gcc/arm-none-eabi/11.3.1/../../../../arm-none-eabi/include/string.h:41:18: note: expected 'const char *' but argument is of type 'uint8_t *' {aka 'unsigned char *'}
   41 | size_t   strlen (const char *);
      |                  ^~~~~~~~~~~~
../Core/Src/main.c:113:41: warning: unused variable 'Gyro_Offset' [-Wunused-variable]
  113 |         int16_t Gyro_Now = 0, Gyro = 0, Gyro_Offset = 0;
      |                                         ^~~~~~~~~~~
../Core/Src/main.c:113:31: warning: unused variable 'Gyro' [-Wunused-variable]
  113 |         int16_t Gyro_Now = 0, Gyro = 0, Gyro_Offset = 0;
      |                               ^~~~
../Core/Src/main.c:113:17: warning: unused variable 'Gyro_Now' [-Wunused-variable]
  113 |         int16_t Gyro_Now = 0, Gyro = 0, Gyro_Offset = 0;
      |                 ^~~~~~~~
../Core/Src/main.c:105:21: warning: variable 'dmpReady' set but not used [-Wunused-but-set-variable]
  105 |         static bool dmpReady = false;
      |                     ^~~~~~~~
../Core/Src/main.c:99:14: warning: unused variable 'str' [-Wunused-variable]
   99 |         char str[20];
      |              ^~~
arm-none-eabi-gcc -o "gyrotry.elf" @"objects.list"   -mcpu=cortex-m4 -T"C:\Users\mizun\Documents\GitHub\2024_Oidengiken\cubeIDE\gyro\gyrotry\STM32F303K8TX_FLASH.ld" --specs=nosys.specs -Wl,-Map="gyrotry.map" -Wl,--gc-sections -static --specs=nano.specs -mfpu=fpv4-sp-d16 -mfloat-abi=hard -mthumb -Wl,--start-group -lc -lm -Wl,--end-group
Finished building target: gyrotry.elf
 
arm-none-eabi-size  gyrotry.elf 
arm-none-eabi-objdump -h -S gyrotry.elf  > "gyrotry.list"
   text	   data	    bss	    dec	    hex	filename
  16504	     24	   1960	  18488	   4838	gyrotry.elf
Finished building: default.size.stdout
 
Finished building: gyrotry.list
 
17:21:33 **** Incremental Build of configuration Debug for project gyrotry ****
make -j16 all 
arm-none-eabi-gcc "../Core/Src/main.c" -mcpu=cortex-m4 -std=gnu11 -g3 -DDEBUG -DUSE_HAL_DRIVER -DSTM32F303x8 -c -I../Core/Inc -I../Drivers/STM32F3xx_HAL_Driver/Inc -I../Drivers/STM32F3xx_HAL_Driver/Inc/Legacy -I../Drivers/CMSIS/Device/ST/STM32F3xx/Include -I../Drivers/CMSIS/Include -O0 -ffunction-sections -fdata-sections -Wall -fstack-usage -fcyclomatic-complexity -MMD -MP -MF"Core/Src/main.d" -MT"Core/Src/main.o" --specs=nano.specs -mfpu=fpv4-sp-d16 -mfloat-abi=hard -mthumb -o "Core/Src/main.o"
../Core/Src/main.c: In function 'main':
../Core/Src/main.c:153:17: warning: implicit declaration of function 'sprintf' [-Wimplicit-function-declaration]
  153 |                 sprintf(str, "%d\n\r", intbuff);
      |                 ^~~~~~~
../Core/Src/main.c:22:1: note: include '<stdio.h>' or provide a declaration of 'sprintf'
   21 | #include "MPU6050.h"
  +++ |+#include <stdio.h>
   22 | 
../Core/Src/main.c:153:17: warning: incompatible implicit declaration of built-in function 'sprintf' [-Wbuiltin-declaration-mismatch]
  153 |                 sprintf(str, "%d\n\r", intbuff);
      |                 ^~~~~~~
../Core/Src/main.c:153:17: note: include '<stdio.h>' or provide a declaration of 'sprintf'
../Core/Src/main.c:154:44: warning: passing argument 2 of 'HAL_UART_Transmit' from incompatible pointer type [-Wincompatible-pointer-types]
  154 |                 HAL_UART_Transmit(&huart2, &str, strlen(str), 1000);
      |                                            ^~~~
      |                                            |
      |                                            char (*)[20]
In file included from ../Core/Inc/stm32f3xx_hal_conf.h:327,
                 from ../Drivers/STM32F3xx_HAL_Driver/Inc/stm32f3xx_hal.h:29,
                 from ../Core/Inc/main.h:30,
                 from ../Core/Src/main.c:20:
../Drivers/STM32F3xx_HAL_Driver/Inc/stm32f3xx_hal_uart.h:1486:79: note: expected 'const uint8_t *' {aka 'const unsigned char *'} but argument is of type 'char (*)[20]'
 1486 | HAL_StatusTypeDef HAL_UART_Transmit(UART_HandleTypeDef *huart, const uint8_t *pData, uint16_t Size, uint32_t Timeout);
      |                                                                ~~~~~~~~~~~~~~~^~~~~
../Core/Src/main.c:113:41: warning: unused variable 'Gyro_Offset' [-Wunused-variable]
  113 |         int16_t Gyro_Now = 0, Gyro = 0, Gyro_Offset = 0;
      |                                         ^~~~~~~~~~~
../Core/Src/main.c:113:31: warning: unused variable 'Gyro' [-Wunused-variable]
  113 |         int16_t Gyro_Now = 0, Gyro = 0, Gyro_Offset = 0;
      |                               ^~~~
../Core/Src/main.c:113:17: warning: unused variable 'Gyro_Now' [-Wunused-variable]
  113 |         int16_t Gyro_Now = 0, Gyro = 0, Gyro_Offset = 0;
      |                 ^~~~~~~~
../Core/Src/main.c:105:21: warning: variable 'dmpReady' set but not used [-Wunused-but-set-variable]
  105 |         static bool dmpReady = false;
      |                     ^~~~~~~~
arm-none-eabi-gcc -o "gyrotry.elf" @"objects.list"   -mcpu=cortex-m4 -T"C:\Users\mizun\Documents\GitHub\2024_Oidengiken\cubeIDE\gyro\gyrotry\STM32F303K8TX_FLASH.ld" --specs=nosys.specs -Wl,-Map="gyrotry.map" -Wl,--gc-sections -static --specs=nano.specs -mfpu=fpv4-sp-d16 -mfloat-abi=hard -mthumb -Wl,--start-group -lc -lm -Wl,--end-group
Finished building target: gyrotry.elf
 
arm-none-eabi-size  gyrotry.elf 
arm-none-eabi-objdump -h -S gyrotry.elf  > "gyrotry.list"
   text	   data	    bss	    dec	    hex	filename
  19144	    104	   2296	  21544	   5428	gyrotry.elf
Finished building: default.size.stdout
 
Finished building: gyrotry.list
 
17:22:08 **** Incremental Build of configuration Debug for project gyrotry ****
make -j16 all 
arm-none-eabi-gcc "../Core/Src/main.c" -mcpu=cortex-m4 -std=gnu11 -g3 -DDEBUG -DUSE_HAL_DRIVER -DSTM32F303x8 -c -I../Core/Inc -I../Drivers/STM32F3xx_HAL_Driver/Inc -I../Drivers/STM32F3xx_HAL_Driver/Inc/Legacy -I../Drivers/CMSIS/Device/ST/STM32F3xx/Include -I../Drivers/CMSIS/Include -O0 -ffunction-sections -fdata-sections -Wall -fstack-usage -fcyclomatic-complexity -MMD -MP -MF"Core/Src/main.d" -MT"Core/Src/main.o" --specs=nano.specs -mfpu=fpv4-sp-d16 -mfloat-abi=hard -mthumb -o "Core/Src/main.o"
../Core/Src/main.c: In function 'main':
../Core/Src/main.c:153:17: warning: implicit declaration of function 'sprintf' [-Wimplicit-function-declaration]
  153 |                 sprintf(str, "%d\n\r", intbuff);
      |                 ^~~~~~~
../Core/Src/main.c:22:1: note: include '<stdio.h>' or provide a declaration of 'sprintf'
   21 | #include "MPU6050.h"
  +++ |+#include <stdio.h>
   22 | 
../Core/Src/main.c:153:17: warning: incompatible implicit declaration of built-in function 'sprintf' [-Wbuiltin-declaration-mismatch]
  153 |                 sprintf(str, "%d\n\r", intbuff);
      |                 ^~~~~~~
../Core/Src/main.c:153:17: note: include '<stdio.h>' or provide a declaration of 'sprintf'
../Core/Src/main.c:154:44: warning: passing argument 2 of 'HAL_UART_Transmit' from incompatible pointer type [-Wincompatible-pointer-types]
  154 |                 HAL_UART_Transmit(&huart2, &str, strlen(str), 1000);
      |                                            ^~~~
      |                                            |
      |                                            char (*)[20]
In file included from ../Core/Inc/stm32f3xx_hal_conf.h:327,
                 from ../Drivers/STM32F3xx_HAL_Driver/Inc/stm32f3xx_hal.h:29,
                 from ../Core/Inc/main.h:30,
                 from ../Core/Src/main.c:20:
../Drivers/STM32F3xx_HAL_Driver/Inc/stm32f3xx_hal_uart.h:1486:79: note: expected 'const uint8_t *' {aka 'const unsigned char *'} but argument is of type 'char (*)[20]'
 1486 | HAL_StatusTypeDef HAL_UART_Transmit(UART_HandleTypeDef *huart, const uint8_t *pData, uint16_t Size, uint32_t Timeout);
      |                                                                ~~~~~~~~~~~~~~~^~~~~
../Core/Src/main.c:113:41: warning: unused variable 'Gyro_Offset' [-Wunused-variable]
  113 |         int16_t Gyro_Now = 0, Gyro = 0, Gyro_Offset = 0;
      |                                         ^~~~~~~~~~~
../Core/Src/main.c:113:31: warning: unused variable 'Gyro' [-Wunused-variable]
  113 |         int16_t Gyro_Now = 0, Gyro = 0, Gyro_Offset = 0;
      |                               ^~~~
../Core/Src/main.c:113:17: warning: unused variable 'Gyro_Now' [-Wunused-variable]
  113 |         int16_t Gyro_Now = 0, Gyro = 0, Gyro_Offset = 0;
      |                 ^~~~~~~~
../Core/Src/main.c:105:21: warning: variable 'dmpReady' set but not used [-Wunused-but-set-variable]
  105 |         static bool dmpReady = false;
      |                     ^~~~~~~~
arm-none-eabi-gcc -o "gyrotry.elf" @"objects.list"   -mcpu=cortex-m4 -T"C:\Users\mizun\Documents\GitHub\2024_Oidengiken\cubeIDE\gyro\gyrotry\STM32F303K8TX_FLASH.ld" --specs=nosys.specs -Wl,-Map="gyrotry.map" -Wl,--gc-sections -static --specs=nano.specs -mfpu=fpv4-sp-d16 -mfloat-abi=hard -mthumb -Wl,--start-group -lc -lm -Wl,--end-group
Finished building target: gyrotry.elf
 
arm-none-eabi-size  gyrotry.elf 
arm-none-eabi-objdump -h -S gyrotry.elf  > "gyrotry.list"
   text	   data	    bss	    dec	    hex	filename
  19144	    104	   2296	  21544	   5428	gyrotry.elf
Finished building: default.size.stdout
 
Finished building: gyrotry.list
 
17:22:28 **** Incremental Build of configuration Debug for project gyrotry ****
make -j16 all 
arm-none-eabi-gcc "../Core/Src/main.c" -mcpu=cortex-m4 -std=gnu11 -g3 -DDEBUG -DUSE_HAL_DRIVER -DSTM32F303x8 -c -I../Core/Inc -I../Drivers/STM32F3xx_HAL_Driver/Inc -I../Drivers/STM32F3xx_HAL_Driver/Inc/Legacy -I../Drivers/CMSIS/Device/ST/STM32F3xx/Include -I../Drivers/CMSIS/Include -O0 -ffunction-sections -fdata-sections -Wall -fstack-usage -fcyclomatic-complexity -MMD -MP -MF"Core/Src/main.d" -MT"Core/Src/main.o" --specs=nano.specs -mfpu=fpv4-sp-d16 -mfloat-abi=hard -mthumb -o "Core/Src/main.o"
../Core/Src/main.c: In function 'main':
../Core/Src/main.c:153:17: warning: implicit declaration of function 'sprintf' [-Wimplicit-function-declaration]
  153 |                 sprintf(str, "%d\n\r", intbuff);
      |                 ^~~~~~~
../Core/Src/main.c:22:1: note: include '<stdio.h>' or provide a declaration of 'sprintf'
   21 | #include "MPU6050.h"
  +++ |+#include <stdio.h>
   22 | 
../Core/Src/main.c:153:17: warning: incompatible implicit declaration of built-in function 'sprintf' [-Wbuiltin-declaration-mismatch]
  153 |                 sprintf(str, "%d\n\r", intbuff);
      |                 ^~~~~~~
../Core/Src/main.c:153:17: note: include '<stdio.h>' or provide a declaration of 'sprintf'
../Core/Src/main.c:154:44: warning: passing argument 2 of 'HAL_UART_Transmit' from incompatible pointer type [-Wincompatible-pointer-types]
  154 |                 HAL_UART_Transmit(&huart2, &str, strlen(str), 1000);
      |                                            ^~~~
      |                                            |
      |                                            char (*)[20]
In file included from ../Core/Inc/stm32f3xx_hal_conf.h:327,
                 from ../Drivers/STM32F3xx_HAL_Driver/Inc/stm32f3xx_hal.h:29,
                 from ../Core/Inc/main.h:30,
                 from ../Core/Src/main.c:20:
../Drivers/STM32F3xx_HAL_Driver/Inc/stm32f3xx_hal_uart.h:1486:79: note: expected 'const uint8_t *' {aka 'const unsigned char *'} but argument is of type 'char (*)[20]'
 1486 | HAL_StatusTypeDef HAL_UART_Transmit(UART_HandleTypeDef *huart, const uint8_t *pData, uint16_t Size, uint32_t Timeout);
      |                                                                ~~~~~~~~~~~~~~~^~~~~
../Core/Src/main.c:113:41: warning: unused variable 'Gyro_Offset' [-Wunused-variable]
  113 |         int16_t Gyro_Now = 0, Gyro = 0, Gyro_Offset = 0;
      |                                         ^~~~~~~~~~~
../Core/Src/main.c:113:31: warning: unused variable 'Gyro' [-Wunused-variable]
  113 |         int16_t Gyro_Now = 0, Gyro = 0, Gyro_Offset = 0;
      |                               ^~~~
../Core/Src/main.c:113:17: warning: unused variable 'Gyro_Now' [-Wunused-variable]
  113 |         int16_t Gyro_Now = 0, Gyro = 0, Gyro_Offset = 0;
      |                 ^~~~~~~~
../Core/Src/main.c:105:21: warning: variable 'dmpReady' set but not used [-Wunused-but-set-variable]
  105 |         static bool dmpReady = false;
      |                     ^~~~~~~~
arm-none-eabi-gcc -o "gyrotry.elf" @"objects.list"   -mcpu=cortex-m4 -T"C:\Users\mizun\Documents\GitHub\2024_Oidengiken\cubeIDE\gyro\gyrotry\STM32F303K8TX_FLASH.ld" --specs=nosys.specs -Wl,-Map="gyrotry.map" -Wl,--gc-sections -static --specs=nano.specs -mfpu=fpv4-sp-d16 -mfloat-abi=hard -mthumb -Wl,--start-group -lc -lm -Wl,--end-group
Finished building target: gyrotry.elf
 
arm-none-eabi-size  gyrotry.elf 
arm-none-eabi-objdump -h -S gyrotry.elf  > "gyrotry.list"
   text	   data	    bss	    dec	    hex	filename
  19144	    104	   2296	  21544	   5428	gyrotry.elf
Finished building: default.size.stdout
 
Finished building: gyrotry.list
 
17:22:50 **** Incremental Build of configuration Debug for project gyrotry ****
make -j16 all 
arm-none-eabi-gcc "../Core/Src/main.c" -mcpu=cortex-m4 -std=gnu11 -g3 -DDEBUG -DUSE_HAL_DRIVER -DSTM32F303x8 -c -I../Core/Inc -I../Drivers/STM32F3xx_HAL_Driver/Inc -I../Drivers/STM32F3xx_HAL_Driver/Inc/Legacy -I../Drivers/CMSIS/Device/ST/STM32F3xx/Include -I../Drivers/CMSIS/Include -O0 -ffunction-sections -fdata-sections -Wall -fstack-usage -fcyclomatic-complexity -MMD -MP -MF"Core/Src/main.d" -MT"Core/Src/main.o" --specs=nano.specs -mfpu=fpv4-sp-d16 -mfloat-abi=hard -mthumb -o "Core/Src/main.o"
../Core/Src/main.c: In function 'main':
../Core/Src/main.c:153:17: warning: implicit declaration of function 'sprintf' [-Wimplicit-function-declaration]
  153 |                 sprintf(str, "%d\n\r", intbuff);
      |                 ^~~~~~~
../Core/Src/main.c:22:1: note: include '<stdio.h>' or provide a declaration of 'sprintf'
   21 | #include "MPU6050.h"
  +++ |+#include <stdio.h>
   22 | 
../Core/Src/main.c:153:17: warning: incompatible implicit declaration of built-in function 'sprintf' [-Wbuiltin-declaration-mismatch]
  153 |                 sprintf(str, "%d\n\r", intbuff);
      |                 ^~~~~~~
../Core/Src/main.c:153:17: note: include '<stdio.h>' or provide a declaration of 'sprintf'
../Core/Src/main.c:154:44: warning: passing argument 2 of 'HAL_UART_Transmit' from incompatible pointer type [-Wincompatible-pointer-types]
  154 |                 HAL_UART_Transmit(&huart2, &str, strlen(str), 1000);
      |                                            ^~~~
      |                                            |
      |                                            char (*)[20]
In file included from ../Core/Inc/stm32f3xx_hal_conf.h:327,
                 from ../Drivers/STM32F3xx_HAL_Driver/Inc/stm32f3xx_hal.h:29,
                 from ../Core/Inc/main.h:30,
                 from ../Core/Src/main.c:20:
../Drivers/STM32F3xx_HAL_Driver/Inc/stm32f3xx_hal_uart.h:1486:79: note: expected 'const uint8_t *' {aka 'const unsigned char *'} but argument is of type 'char (*)[20]'
 1486 | HAL_StatusTypeDef HAL_UART_Transmit(UART_HandleTypeDef *huart, const uint8_t *pData, uint16_t Size, uint32_t Timeout);
      |                                                                ~~~~~~~~~~~~~~~^~~~~
../Core/Src/main.c:113:41: warning: unused variable 'Gyro_Offset' [-Wunused-variable]
  113 |         int16_t Gyro_Now = 0, Gyro = 0, Gyro_Offset = 0;
      |                                         ^~~~~~~~~~~
../Core/Src/main.c:113:31: warning: unused variable 'Gyro' [-Wunused-variable]
  113 |         int16_t Gyro_Now = 0, Gyro = 0, Gyro_Offset = 0;
      |                               ^~~~
../Core/Src/main.c:113:17: warning: unused variable 'Gyro_Now' [-Wunused-variable]
  113 |         int16_t Gyro_Now = 0, Gyro = 0, Gyro_Offset = 0;
      |                 ^~~~~~~~
../Core/Src/main.c:105:21: warning: variable 'dmpReady' set but not used [-Wunused-but-set-variable]
  105 |         static bool dmpReady = false;
      |                     ^~~~~~~~
arm-none-eabi-gcc -o "gyrotry.elf" @"objects.list"   -mcpu=cortex-m4 -T"C:\Users\mizun\Documents\GitHub\2024_Oidengiken\cubeIDE\gyro\gyrotry\STM32F303K8TX_FLASH.ld" --specs=nosys.specs -Wl,-Map="gyrotry.map" -Wl,--gc-sections -static --specs=nano.specs -mfpu=fpv4-sp-d16 -mfloat-abi=hard -mthumb -Wl,--start-group -lc -lm -Wl,--end-group
Finished building target: gyrotry.elf
 
arm-none-eabi-size  gyrotry.elf 
arm-none-eabi-objdump -h -S gyrotry.elf  > "gyrotry.list"
   text	   data	    bss	    dec	    hex	filename
  19144	    104	   2296	  21544	   5428	gyrotry.elf
Finished building: default.size.stdout
 
Finished building: gyrotry.list
 
17:23:18 **** Incremental Build of configuration Debug for project gyrotry ****
make -j16 all 
arm-none-eabi-gcc "../Core/Src/main.c" -mcpu=cortex-m4 -std=gnu11 -g3 -DDEBUG -DUSE_HAL_DRIVER -DSTM32F303x8 -c -I../Core/Inc -I../Drivers/STM32F3xx_HAL_Driver/Inc -I../Drivers/STM32F3xx_HAL_Driver/Inc/Legacy -I../Drivers/CMSIS/Device/ST/STM32F3xx/Include -I../Drivers/CMSIS/Include -O0 -ffunction-sections -fdata-sections -Wall -fstack-usage -fcyclomatic-complexity -MMD -MP -MF"Core/Src/main.d" -MT"Core/Src/main.o" --specs=nano.specs -mfpu=fpv4-sp-d16 -mfloat-abi=hard -mthumb -o "Core/Src/main.o"
../Core/Src/main.c: In function 'main':
../Core/Src/main.c:153:17: warning: implicit declaration of function 'sprintf' [-Wimplicit-function-declaration]
  153 |                 sprintf(str, "%d\n\r", intbuff);
      |                 ^~~~~~~
../Core/Src/main.c:22:1: note: include '<stdio.h>' or provide a declaration of 'sprintf'
   21 | #include "MPU6050.h"
  +++ |+#include <stdio.h>
   22 | 
../Core/Src/main.c:153:17: warning: incompatible implicit declaration of built-in function 'sprintf' [-Wbuiltin-declaration-mismatch]
  153 |                 sprintf(str, "%d\n\r", intbuff);
      |                 ^~~~~~~
../Core/Src/main.c:153:17: note: include '<stdio.h>' or provide a declaration of 'sprintf'
../Core/Src/main.c:154:44: warning: passing argument 2 of 'HAL_UART_Transmit' from incompatible pointer type [-Wincompatible-pointer-types]
  154 |                 HAL_UART_Transmit(&huart2, &str, strlen(str), 1000);
      |                                            ^~~~
      |                                            |
      |                                            char (*)[20]
In file included from ../Core/Inc/stm32f3xx_hal_conf.h:327,
                 from ../Drivers/STM32F3xx_HAL_Driver/Inc/stm32f3xx_hal.h:29,
                 from ../Core/Inc/main.h:30,
                 from ../Core/Src/main.c:20:
../Drivers/STM32F3xx_HAL_Driver/Inc/stm32f3xx_hal_uart.h:1486:79: note: expected 'const uint8_t *' {aka 'const unsigned char *'} but argument is of type 'char (*)[20]'
 1486 | HAL_StatusTypeDef HAL_UART_Transmit(UART_HandleTypeDef *huart, const uint8_t *pData, uint16_t Size, uint32_t Timeout);
      |                                                                ~~~~~~~~~~~~~~~^~~~~
../Core/Src/main.c:113:41: warning: unused variable 'Gyro_Offset' [-Wunused-variable]
  113 |         int16_t Gyro_Now = 0, Gyro = 0, Gyro_Offset = 0;
      |                                         ^~~~~~~~~~~
../Core/Src/main.c:113:31: warning: unused variable 'Gyro' [-Wunused-variable]
  113 |         int16_t Gyro_Now = 0, Gyro = 0, Gyro_Offset = 0;
      |                               ^~~~
../Core/Src/main.c:113:17: warning: unused variable 'Gyro_Now' [-Wunused-variable]
  113 |         int16_t Gyro_Now = 0, Gyro = 0, Gyro_Offset = 0;
      |                 ^~~~~~~~
../Core/Src/main.c:105:21: warning: variable 'dmpReady' set but not used [-Wunused-but-set-variable]
  105 |         static bool dmpReady = false;
      |                     ^~~~~~~~
arm-none-eabi-gcc -o "gyrotry.elf" @"objects.list"   -mcpu=cortex-m4 -T"C:\Users\mizun\Documents\GitHub\2024_Oidengiken\cubeIDE\gyro\gyrotry\STM32F303K8TX_FLASH.ld" --specs=nosys.specs -Wl,-Map="gyrotry.map" -Wl,--gc-sections -static --specs=nano.specs -mfpu=fpv4-sp-d16 -mfloat-abi=hard -mthumb -Wl,--start-group -lc -lm -Wl,--end-group
Finished building target: gyrotry.elf
 
arm-none-eabi-size  gyrotry.elf 
arm-none-eabi-objdump -h -S gyrotry.elf  > "gyrotry.list"
   text	   data	    bss	    dec	    hex	filename
  19144	    104	   2296	  21544	   5428	gyrotry.elf
Finished building: default.size.stdout
 
Finished building: gyrotry.list
 
17:23:38 **** Incremental Build of configuration Debug for project gyrotry ****
make -j16 all 
arm-none-eabi-gcc "../Core/Src/main.c" -mcpu=cortex-m4 -std=gnu11 -g3 -DDEBUG -DUSE_HAL_DRIVER -DSTM32F303x8 -c -I../Core/Inc -I../Drivers/STM32F3xx_HAL_Driver/Inc -I../Drivers/STM32F3xx_HAL_Driver/Inc/Legacy -I../Drivers/CMSIS/Device/ST/STM32F3xx/Include -I../Drivers/CMSIS/Include -O0 -ffunction-sections -fdata-sections -Wall -fstack-usage -fcyclomatic-complexity -MMD -MP -MF"Core/Src/main.d" -MT"Core/Src/main.o" --specs=nano.specs -mfpu=fpv4-sp-d16 -mfloat-abi=hard -mthumb -o "Core/Src/main.o"
../Core/Src/main.c: In function 'main':
../Core/Src/main.c:153:17: warning: implicit declaration of function 'sprintf' [-Wimplicit-function-declaration]
  153 |                 sprintf(str, "%d\n\r", intbuff);
      |                 ^~~~~~~
../Core/Src/main.c:22:1: note: include '<stdio.h>' or provide a declaration of 'sprintf'
   21 | #include "MPU6050.h"
  +++ |+#include <stdio.h>
   22 | 
../Core/Src/main.c:153:17: warning: incompatible implicit declaration of built-in function 'sprintf' [-Wbuiltin-declaration-mismatch]
  153 |                 sprintf(str, "%d\n\r", intbuff);
      |                 ^~~~~~~
../Core/Src/main.c:153:17: note: include '<stdio.h>' or provide a declaration of 'sprintf'
../Core/Src/main.c:154:44: warning: passing argument 2 of 'HAL_UART_Transmit' from incompatible pointer type [-Wincompatible-pointer-types]
  154 |                 HAL_UART_Transmit(&huart2, &str, strlen(str), 1000);
      |                                            ^~~~
      |                                            |
      |                                            char (*)[20]
In file included from ../Core/Inc/stm32f3xx_hal_conf.h:327,
                 from ../Drivers/STM32F3xx_HAL_Driver/Inc/stm32f3xx_hal.h:29,
                 from ../Core/Inc/main.h:30,
                 from ../Core/Src/main.c:20:
../Drivers/STM32F3xx_HAL_Driver/Inc/stm32f3xx_hal_uart.h:1486:79: note: expected 'const uint8_t *' {aka 'const unsigned char *'} but argument is of type 'char (*)[20]'
 1486 | HAL_StatusTypeDef HAL_UART_Transmit(UART_HandleTypeDef *huart, const uint8_t *pData, uint16_t Size, uint32_t Timeout);
      |                                                                ~~~~~~~~~~~~~~~^~~~~
../Core/Src/main.c:113:41: warning: unused variable 'Gyro_Offset' [-Wunused-variable]
  113 |         int16_t Gyro_Now = 0, Gyro = 0, Gyro_Offset = 0;
      |                                         ^~~~~~~~~~~
../Core/Src/main.c:113:31: warning: unused variable 'Gyro' [-Wunused-variable]
  113 |         int16_t Gyro_Now = 0, Gyro = 0, Gyro_Offset = 0;
      |                               ^~~~
../Core/Src/main.c:113:17: warning: unused variable 'Gyro_Now' [-Wunused-variable]
  113 |         int16_t Gyro_Now = 0, Gyro = 0, Gyro_Offset = 0;
      |                 ^~~~~~~~
../Core/Src/main.c:105:21: warning: variable 'dmpReady' set but not used [-Wunused-but-set-variable]
  105 |         static bool dmpReady = false;
      |                     ^~~~~~~~
arm-none-eabi-gcc -o "gyrotry.elf" @"objects.list"   -mcpu=cortex-m4 -T"C:\Users\mizun\Documents\GitHub\2024_Oidengiken\cubeIDE\gyro\gyrotry\STM32F303K8TX_FLASH.ld" --specs=nosys.specs -Wl,-Map="gyrotry.map" -Wl,--gc-sections -static --specs=nano.specs -mfpu=fpv4-sp-d16 -mfloat-abi=hard -mthumb -Wl,--start-group -lc -lm -Wl,--end-group
Finished building target: gyrotry.elf
 
arm-none-eabi-size  gyrotry.elf 
arm-none-eabi-objdump -h -S gyrotry.elf  > "gyrotry.list"
   text	   data	    bss	    dec	    hex	filename
  19144	    104	   2296	  21544	   5428	gyrotry.elf
Finished building: default.size.stdout
 
Finished building: gyrotry.list
 
17:27:07 **** Incremental Build of configuration Debug for project gyrotry ****
make -j16 all 
arm-none-eabi-gcc "../Core/Src/main.c" -mcpu=cortex-m4 -std=gnu11 -g3 -DDEBUG -DUSE_HAL_DRIVER -DSTM32F303x8 -c -I../Core/Inc -I../Drivers/STM32F3xx_HAL_Driver/Inc -I../Drivers/STM32F3xx_HAL_Driver/Inc/Legacy -I../Drivers/CMSIS/Device/ST/STM32F3xx/Include -I../Drivers/CMSIS/Include -O0 -ffunction-sections -fdata-sections -Wall -fstack-usage -fcyclomatic-complexity -MMD -MP -MF"Core/Src/main.d" -MT"Core/Src/main.o" --specs=nano.specs -mfpu=fpv4-sp-d16 -mfloat-abi=hard -mthumb -o "Core/Src/main.o"
../Core/Src/main.c: In function 'main':
../Core/Src/main.c:155:17: warning: implicit declaration of function 'sprintf' [-Wimplicit-function-declaration]
  155 |                 sprintf(str, "%d\n\r", intbuff);
      |                 ^~~~~~~
../Core/Src/main.c:22:1: note: include '<stdio.h>' or provide a declaration of 'sprintf'
   21 | #include "MPU6050.h"
  +++ |+#include <stdio.h>
   22 | 
../Core/Src/main.c:155:17: warning: incompatible implicit declaration of built-in function 'sprintf' [-Wbuiltin-declaration-mismatch]
  155 |                 sprintf(str, "%d\n\r", intbuff);
      |                 ^~~~~~~
../Core/Src/main.c:155:17: note: include '<stdio.h>' or provide a declaration of 'sprintf'
../Core/Src/main.c:156:44: warning: passing argument 2 of 'HAL_UART_Transmit' from incompatible pointer type [-Wincompatible-pointer-types]
  156 |                 HAL_UART_Transmit(&huart2, &str, strlen(str), 1000);
      |                                            ^~~~
      |                                            |
      |                                            char (*)[20]
In file included from ../Core/Inc/stm32f3xx_hal_conf.h:327,
                 from ../Drivers/STM32F3xx_HAL_Driver/Inc/stm32f3xx_hal.h:29,
                 from ../Core/Inc/main.h:30,
                 from ../Core/Src/main.c:20:
../Drivers/STM32F3xx_HAL_Driver/Inc/stm32f3xx_hal_uart.h:1486:79: note: expected 'const uint8_t *' {aka 'const unsigned char *'} but argument is of type 'char (*)[20]'
 1486 | HAL_StatusTypeDef HAL_UART_Transmit(UART_HandleTypeDef *huart, const uint8_t *pData, uint16_t Size, uint32_t Timeout);
      |                                                                ~~~~~~~~~~~~~~~^~~~~
../Core/Src/main.c:113:41: warning: unused variable 'Gyro_Offset' [-Wunused-variable]
  113 |         int16_t Gyro_Now = 0, Gyro = 0, Gyro_Offset = 0;
      |                                         ^~~~~~~~~~~
../Core/Src/main.c:113:31: warning: unused variable 'Gyro' [-Wunused-variable]
  113 |         int16_t Gyro_Now = 0, Gyro = 0, Gyro_Offset = 0;
      |                               ^~~~
../Core/Src/main.c:113:17: warning: unused variable 'Gyro_Now' [-Wunused-variable]
  113 |         int16_t Gyro_Now = 0, Gyro = 0, Gyro_Offset = 0;
      |                 ^~~~~~~~
../Core/Src/main.c:105:21: warning: variable 'dmpReady' set but not used [-Wunused-but-set-variable]
  105 |         static bool dmpReady = false;
      |                     ^~~~~~~~
arm-none-eabi-gcc -o "gyrotry.elf" @"objects.list"   -mcpu=cortex-m4 -T"C:\Users\mizun\Documents\GitHub\2024_Oidengiken\cubeIDE\gyro\gyrotry\STM32F303K8TX_FLASH.ld" --specs=nosys.specs -Wl,-Map="gyrotry.map" -Wl,--gc-sections -static --specs=nano.specs -mfpu=fpv4-sp-d16 -mfloat-abi=hard -mthumb -Wl,--start-group -lc -lm -Wl,--end-group
Finished building target: gyrotry.elf
 
arm-none-eabi-size  gyrotry.elf 
arm-none-eabi-objdump -h -S gyrotry.elf  > "gyrotry.list"
   text	   data	    bss	    dec	    hex	filename
  19180	    104	   2296	  21580	   544c	gyrotry.elf
Finished building: default.size.stdout
 
Finished building: gyrotry.list
 
17:27:27 **** Incremental Build of configuration Debug for project gyrotry ****
make -j16 all 
arm-none-eabi-gcc "../Core/Src/main.c" -mcpu=cortex-m4 -std=gnu11 -g3 -DDEBUG -DUSE_HAL_DRIVER -DSTM32F303x8 -c -I../Core/Inc -I../Drivers/STM32F3xx_HAL_Driver/Inc -I../Drivers/STM32F3xx_HAL_Driver/Inc/Legacy -I../Drivers/CMSIS/Device/ST/STM32F3xx/Include -I../Drivers/CMSIS/Include -O0 -ffunction-sections -fdata-sections -Wall -fstack-usage -fcyclomatic-complexity -MMD -MP -MF"Core/Src/main.d" -MT"Core/Src/main.o" --specs=nano.specs -mfpu=fpv4-sp-d16 -mfloat-abi=hard -mthumb -o "Core/Src/main.o"
../Core/Src/main.c: In function 'main':
../Core/Src/main.c:155:17: warning: implicit declaration of function 'sprintf' [-Wimplicit-function-declaration]
  155 |                 sprintf(str, "%d\n\r", intbuff);
      |                 ^~~~~~~
../Core/Src/main.c:22:1: note: include '<stdio.h>' or provide a declaration of 'sprintf'
   21 | #include "MPU6050.h"
  +++ |+#include <stdio.h>
   22 | 
../Core/Src/main.c:155:17: warning: incompatible implicit declaration of built-in function 'sprintf' [-Wbuiltin-declaration-mismatch]
  155 |                 sprintf(str, "%d\n\r", intbuff);
      |                 ^~~~~~~
../Core/Src/main.c:155:17: note: include '<stdio.h>' or provide a declaration of 'sprintf'
../Core/Src/main.c:156:44: warning: passing argument 2 of 'HAL_UART_Transmit' from incompatible pointer type [-Wincompatible-pointer-types]
  156 |                 HAL_UART_Transmit(&huart2, &str, strlen(str), 1000);
      |                                            ^~~~
      |                                            |
      |                                            char (*)[20]
In file included from ../Core/Inc/stm32f3xx_hal_conf.h:327,
                 from ../Drivers/STM32F3xx_HAL_Driver/Inc/stm32f3xx_hal.h:29,
                 from ../Core/Inc/main.h:30,
                 from ../Core/Src/main.c:20:
../Drivers/STM32F3xx_HAL_Driver/Inc/stm32f3xx_hal_uart.h:1486:79: note: expected 'const uint8_t *' {aka 'const unsigned char *'} but argument is of type 'char (*)[20]'
 1486 | HAL_StatusTypeDef HAL_UART_Transmit(UART_HandleTypeDef *huart, const uint8_t *pData, uint16_t Size, uint32_t Timeout);
      |                                                                ~~~~~~~~~~~~~~~^~~~~
../Core/Src/main.c:113:41: warning: unused variable 'Gyro_Offset' [-Wunused-variable]
  113 |         int16_t Gyro_Now = 0, Gyro = 0, Gyro_Offset = 0;
      |                                         ^~~~~~~~~~~
../Core/Src/main.c:113:31: warning: unused variable 'Gyro' [-Wunused-variable]
  113 |         int16_t Gyro_Now = 0, Gyro = 0, Gyro_Offset = 0;
      |                               ^~~~
../Core/Src/main.c:113:17: warning: unused variable 'Gyro_Now' [-Wunused-variable]
  113 |         int16_t Gyro_Now = 0, Gyro = 0, Gyro_Offset = 0;
      |                 ^~~~~~~~
../Core/Src/main.c:105:21: warning: variable 'dmpReady' set but not used [-Wunused-but-set-variable]
  105 |         static bool dmpReady = false;
      |                     ^~~~~~~~
arm-none-eabi-gcc -o "gyrotry.elf" @"objects.list"   -mcpu=cortex-m4 -T"C:\Users\mizun\Documents\GitHub\2024_Oidengiken\cubeIDE\gyro\gyrotry\STM32F303K8TX_FLASH.ld" --specs=nosys.specs -Wl,-Map="gyrotry.map" -Wl,--gc-sections -static --specs=nano.specs -mfpu=fpv4-sp-d16 -mfloat-abi=hard -mthumb -Wl,--start-group -lc -lm -Wl,--end-group
Finished building target: gyrotry.elf
 
arm-none-eabi-size  gyrotry.elf 
arm-none-eabi-objdump -h -S gyrotry.elf  > "gyrotry.list"
   text	   data	    bss	    dec	    hex	filename
  19180	    104	   2296	  21580	   544c	gyrotry.elf
Finished building: default.size.stdout
 
Finished building: gyrotry.list
 
17:27:45 **** Incremental Build of configuration Debug for project gyrotry ****
make -j16 all 
arm-none-eabi-gcc "../Core/Src/main.c" -mcpu=cortex-m4 -std=gnu11 -g3 -DDEBUG -DUSE_HAL_DRIVER -DSTM32F303x8 -c -I../Core/Inc -I../Drivers/STM32F3xx_HAL_Driver/Inc -I../Drivers/STM32F3xx_HAL_Driver/Inc/Legacy -I../Drivers/CMSIS/Device/ST/STM32F3xx/Include -I../Drivers/CMSIS/Include -O0 -ffunction-sections -fdata-sections -Wall -fstack-usage -fcyclomatic-complexity -MMD -MP -MF"Core/Src/main.d" -MT"Core/Src/main.o" --specs=nano.specs -mfpu=fpv4-sp-d16 -mfloat-abi=hard -mthumb -o "Core/Src/main.o"
../Core/Src/main.c: In function 'main':
../Core/Src/main.c:155:17: warning: implicit declaration of function 'sprintf' [-Wimplicit-function-declaration]
  155 |                 sprintf(str, "%d\n\r", intbuff);
      |                 ^~~~~~~
../Core/Src/main.c:22:1: note: include '<stdio.h>' or provide a declaration of 'sprintf'
   21 | #include "MPU6050.h"
  +++ |+#include <stdio.h>
   22 | 
../Core/Src/main.c:155:17: warning: incompatible implicit declaration of built-in function 'sprintf' [-Wbuiltin-declaration-mismatch]
  155 |                 sprintf(str, "%d\n\r", intbuff);
      |                 ^~~~~~~
../Core/Src/main.c:155:17: note: include '<stdio.h>' or provide a declaration of 'sprintf'
../Core/Src/main.c:156:44: warning: passing argument 2 of 'HAL_UART_Transmit' from incompatible pointer type [-Wincompatible-pointer-types]
  156 |                 HAL_UART_Transmit(&huart2, &str, strlen(str), 1000);
      |                                            ^~~~
      |                                            |
      |                                            char (*)[20]
In file included from ../Core/Inc/stm32f3xx_hal_conf.h:327,
                 from ../Drivers/STM32F3xx_HAL_Driver/Inc/stm32f3xx_hal.h:29,
                 from ../Core/Inc/main.h:30,
                 from ../Core/Src/main.c:20:
../Drivers/STM32F3xx_HAL_Driver/Inc/stm32f3xx_hal_uart.h:1486:79: note: expected 'const uint8_t *' {aka 'const unsigned char *'} but argument is of type 'char (*)[20]'
 1486 | HAL_StatusTypeDef HAL_UART_Transmit(UART_HandleTypeDef *huart, const uint8_t *pData, uint16_t Size, uint32_t Timeout);
      |                                                                ~~~~~~~~~~~~~~~^~~~~
../Core/Src/main.c:113:41: warning: unused variable 'Gyro_Offset' [-Wunused-variable]
  113 |         int16_t Gyro_Now = 0, Gyro = 0, Gyro_Offset = 0;
      |                                         ^~~~~~~~~~~
../Core/Src/main.c:113:31: warning: unused variable 'Gyro' [-Wunused-variable]
  113 |         int16_t Gyro_Now = 0, Gyro = 0, Gyro_Offset = 0;
      |                               ^~~~
../Core/Src/main.c:113:17: warning: unused variable 'Gyro_Now' [-Wunused-variable]
  113 |         int16_t Gyro_Now = 0, Gyro = 0, Gyro_Offset = 0;
      |                 ^~~~~~~~
../Core/Src/main.c:105:21: warning: variable 'dmpReady' set but not used [-Wunused-but-set-variable]
  105 |         static bool dmpReady = false;
      |                     ^~~~~~~~
arm-none-eabi-gcc -o "gyrotry.elf" @"objects.list"   -mcpu=cortex-m4 -T"C:\Users\mizun\Documents\GitHub\2024_Oidengiken\cubeIDE\gyro\gyrotry\STM32F303K8TX_FLASH.ld" --specs=nosys.specs -Wl,-Map="gyrotry.map" -Wl,--gc-sections -static --specs=nano.specs -mfpu=fpv4-sp-d16 -mfloat-abi=hard -mthumb -Wl,--start-group -lc -lm -Wl,--end-group
Finished building target: gyrotry.elf
 
arm-none-eabi-size  gyrotry.elf 
arm-none-eabi-objdump -h -S gyrotry.elf  > "gyrotry.list"
   text	   data	    bss	    dec	    hex	filename
  19180	    104	   2296	  21580	   544c	gyrotry.elf
Finished building: default.size.stdout
 
Finished building: gyrotry.list
 
17:28:05 **** Incremental Build of configuration Debug for project gyrotry ****
make -j16 all 
arm-none-eabi-gcc "../Core/Src/main.c" -mcpu=cortex-m4 -std=gnu11 -g3 -DDEBUG -DUSE_HAL_DRIVER -DSTM32F303x8 -c -I../Core/Inc -I../Drivers/STM32F3xx_HAL_Driver/Inc -I../Drivers/STM32F3xx_HAL_Driver/Inc/Legacy -I../Drivers/CMSIS/Device/ST/STM32F3xx/Include -I../Drivers/CMSIS/Include -O0 -ffunction-sections -fdata-sections -Wall -fstack-usage -fcyclomatic-complexity -MMD -MP -MF"Core/Src/main.d" -MT"Core/Src/main.o" --specs=nano.specs -mfpu=fpv4-sp-d16 -mfloat-abi=hard -mthumb -o "Core/Src/main.o"
../Core/Src/main.c: In function 'main':
../Core/Src/main.c:155:17: warning: implicit declaration of function 'sprintf' [-Wimplicit-function-declaration]
  155 |                 sprintf(str, "%d\n\r", intbuff);
      |                 ^~~~~~~
../Core/Src/main.c:22:1: note: include '<stdio.h>' or provide a declaration of 'sprintf'
   21 | #include "MPU6050.h"
  +++ |+#include <stdio.h>
   22 | 
../Core/Src/main.c:155:17: warning: incompatible implicit declaration of built-in function 'sprintf' [-Wbuiltin-declaration-mismatch]
  155 |                 sprintf(str, "%d\n\r", intbuff);
      |                 ^~~~~~~
../Core/Src/main.c:155:17: note: include '<stdio.h>' or provide a declaration of 'sprintf'
../Core/Src/main.c:156:44: warning: passing argument 2 of 'HAL_UART_Transmit' from incompatible pointer type [-Wincompatible-pointer-types]
  156 |                 HAL_UART_Transmit(&huart2, &str, strlen(str), 1000);
      |                                            ^~~~
      |                                            |
      |                                            char (*)[20]
In file included from ../Core/Inc/stm32f3xx_hal_conf.h:327,
                 from ../Drivers/STM32F3xx_HAL_Driver/Inc/stm32f3xx_hal.h:29,
                 from ../Core/Inc/main.h:30,
                 from ../Core/Src/main.c:20:
../Drivers/STM32F3xx_HAL_Driver/Inc/stm32f3xx_hal_uart.h:1486:79: note: expected 'const uint8_t *' {aka 'const unsigned char *'} but argument is of type 'char (*)[20]'
 1486 | HAL_StatusTypeDef HAL_UART_Transmit(UART_HandleTypeDef *huart, const uint8_t *pData, uint16_t Size, uint32_t Timeout);
      |                                                                ~~~~~~~~~~~~~~~^~~~~
../Core/Src/main.c:113:41: warning: unused variable 'Gyro_Offset' [-Wunused-variable]
  113 |         int16_t Gyro_Now = 0, Gyro = 0, Gyro_Offset = 0;
      |                                         ^~~~~~~~~~~
../Core/Src/main.c:113:31: warning: unused variable 'Gyro' [-Wunused-variable]
  113 |         int16_t Gyro_Now = 0, Gyro = 0, Gyro_Offset = 0;
      |                               ^~~~
../Core/Src/main.c:113:17: warning: unused variable 'Gyro_Now' [-Wunused-variable]
  113 |         int16_t Gyro_Now = 0, Gyro = 0, Gyro_Offset = 0;
      |                 ^~~~~~~~
../Core/Src/main.c:105:21: warning: variable 'dmpReady' set but not used [-Wunused-but-set-variable]
  105 |         static bool dmpReady = false;
      |                     ^~~~~~~~
arm-none-eabi-gcc -o "gyrotry.elf" @"objects.list"   -mcpu=cortex-m4 -T"C:\Users\mizun\Documents\GitHub\2024_Oidengiken\cubeIDE\gyro\gyrotry\STM32F303K8TX_FLASH.ld" --specs=nosys.specs -Wl,-Map="gyrotry.map" -Wl,--gc-sections -static --specs=nano.specs -mfpu=fpv4-sp-d16 -mfloat-abi=hard -mthumb -Wl,--start-group -lc -lm -Wl,--end-group
Finished building target: gyrotry.elf
 
arm-none-eabi-size  gyrotry.elf 
arm-none-eabi-objdump -h -S gyrotry.elf  > "gyrotry.list"
   text	   data	    bss	    dec	    hex	filename
  19180	    104	   2296	  21580	   544c	gyrotry.elf
Finished building: default.size.stdout
 
Finished building: gyrotry.list
 
17:29:38 **** Incremental Build of configuration Debug for project gyrotry ****
make -j16 all 
arm-none-eabi-size  gyrotry.elf 
   text	   data	    bss	    dec	    hex	filename
  19180	    104	   2296	  21580	   544c	gyrotry.elf
Finished building: default.size.stdout
 
17:32:50 **** Incremental Build of configuration Debug for project gyrotry ****
make -j16 all 
arm-none-eabi-size  gyrotry.elf 
   text	   data	    bss	    dec	    hex	filename
  19180	    104	   2296	  21580	   544c	gyrotry.elf
Finished building: default.size.stdout
 
17:37:16 **** Incremental Build of configuration Debug for project gyrotry ****
make -j16 all 
arm-none-eabi-gcc "../Core/Src/main.c" -mcpu=cortex-m4 -std=gnu11 -g3 -DDEBUG -DUSE_HAL_DRIVER -DSTM32F303x8 -c -I../Core/Inc -I../Drivers/STM32F3xx_HAL_Driver/Inc -I../Drivers/STM32F3xx_HAL_Driver/Inc/Legacy -I../Drivers/CMSIS/Device/ST/STM32F3xx/Include -I../Drivers/CMSIS/Include -O0 -ffunction-sections -fdata-sections -Wall -fstack-usage -fcyclomatic-complexity -MMD -MP -MF"Core/Src/main.d" -MT"Core/Src/main.o" --specs=nano.specs -mfpu=fpv4-sp-d16 -mfloat-abi=hard -mthumb -o "Core/Src/main.o"
../Core/Src/main.c: In function 'main':
../Core/Src/main.c:155:17: warning: implicit declaration of function 'sprintf' [-Wimplicit-function-declaration]
  155 |                 sprintf(str, "%d\n\r", intbuff);
      |                 ^~~~~~~
../Core/Src/main.c:22:1: note: include '<stdio.h>' or provide a declaration of 'sprintf'
   21 | #include "MPU6050.h"
  +++ |+#include <stdio.h>
   22 | 
../Core/Src/main.c:155:17: warning: incompatible implicit declaration of built-in function 'sprintf' [-Wbuiltin-declaration-mismatch]
  155 |                 sprintf(str, "%d\n\r", intbuff);
      |                 ^~~~~~~
../Core/Src/main.c:155:17: note: include '<stdio.h>' or provide a declaration of 'sprintf'
../Core/Src/main.c:156:44: warning: passing argument 2 of 'HAL_UART_Transmit' from incompatible pointer type [-Wincompatible-pointer-types]
  156 |                 HAL_UART_Transmit(&huart2, &str, strlen(str), 1000);
      |                                            ^~~~
      |                                            |
      |                                            char (*)[20]
In file included from ../Core/Inc/stm32f3xx_hal_conf.h:327,
                 from ../Drivers/STM32F3xx_HAL_Driver/Inc/stm32f3xx_hal.h:29,
                 from ../Core/Inc/main.h:30,
                 from ../Core/Src/main.c:20:
../Drivers/STM32F3xx_HAL_Driver/Inc/stm32f3xx_hal_uart.h:1486:79: note: expected 'const uint8_t *' {aka 'const unsigned char *'} but argument is of type 'char (*)[20]'
 1486 | HAL_StatusTypeDef HAL_UART_Transmit(UART_HandleTypeDef *huart, const uint8_t *pData, uint16_t Size, uint32_t Timeout);
      |                                                                ~~~~~~~~~~~~~~~^~~~~
../Core/Src/main.c:113:41: warning: unused variable 'Gyro_Offset' [-Wunused-variable]
  113 |         int16_t Gyro_Now = 0, Gyro = 0, Gyro_Offset = 0;
      |                                         ^~~~~~~~~~~
../Core/Src/main.c:113:31: warning: unused variable 'Gyro' [-Wunused-variable]
  113 |         int16_t Gyro_Now = 0, Gyro = 0, Gyro_Offset = 0;
      |                               ^~~~
../Core/Src/main.c:113:17: warning: unused variable 'Gyro_Now' [-Wunused-variable]
  113 |         int16_t Gyro_Now = 0, Gyro = 0, Gyro_Offset = 0;
      |                 ^~~~~~~~
../Core/Src/main.c:105:21: warning: variable 'dmpReady' set but not used [-Wunused-but-set-variable]
  105 |         static bool dmpReady = false;
      |                     ^~~~~~~~
arm-none-eabi-gcc -o "gyrotry.elf" @"objects.list"   -mcpu=cortex-m4 -T"C:\Users\mizun\Documents\GitHub\2024_Oidengiken\cubeIDE\gyro\gyrotry\STM32F303K8TX_FLASH.ld" --specs=nosys.specs -Wl,-Map="gyrotry.map" -Wl,--gc-sections -static --specs=nano.specs -mfpu=fpv4-sp-d16 -mfloat-abi=hard -mthumb -Wl,--start-group -lc -lm -Wl,--end-group
Finished building target: gyrotry.elf
 
arm-none-eabi-size  gyrotry.elf 
arm-none-eabi-objdump -h -S gyrotry.elf  > "gyrotry.list"
   text	   data	    bss	    dec	    hex	filename
  19180	    104	   2296	  21580	   544c	gyrotry.elf
Finished building: default.size.stdout
 
Finished building: gyrotry.list
 
17:37:57 **** Incremental Build of configuration Debug for project gyrotry ****
make -j16 all 
arm-none-eabi-gcc "../Core/Src/main.c" -mcpu=cortex-m4 -std=gnu11 -g3 -DDEBUG -DUSE_HAL_DRIVER -DSTM32F303x8 -c -I../Core/Inc -I../Drivers/STM32F3xx_HAL_Driver/Inc -I../Drivers/STM32F3xx_HAL_Driver/Inc/Legacy -I../Drivers/CMSIS/Device/ST/STM32F3xx/Include -I../Drivers/CMSIS/Include -O0 -ffunction-sections -fdata-sections -Wall -fstack-usage -fcyclomatic-complexity -MMD -MP -MF"Core/Src/main.d" -MT"Core/Src/main.o" --specs=nano.specs -mfpu=fpv4-sp-d16 -mfloat-abi=hard -mthumb -o "Core/Src/main.o"
../Core/Src/main.c: In function 'main':
../Core/Src/main.c:155:17: warning: implicit declaration of function 'sprintf' [-Wimplicit-function-declaration]
  155 |                 sprintf(str, "%d\n\r", intbuff);
      |                 ^~~~~~~
../Core/Src/main.c:22:1: note: include '<stdio.h>' or provide a declaration of 'sprintf'
   21 | #include "MPU6050.h"
  +++ |+#include <stdio.h>
   22 | 
../Core/Src/main.c:155:17: warning: incompatible implicit declaration of built-in function 'sprintf' [-Wbuiltin-declaration-mismatch]
  155 |                 sprintf(str, "%d\n\r", intbuff);
      |                 ^~~~~~~
../Core/Src/main.c:155:17: note: include '<stdio.h>' or provide a declaration of 'sprintf'
../Core/Src/main.c:156:44: warning: passing argument 2 of 'HAL_UART_Transmit' from incompatible pointer type [-Wincompatible-pointer-types]
  156 |                 HAL_UART_Transmit(&huart2, &str, strlen(str), 1000);
      |                                            ^~~~
      |                                            |
      |                                            char (*)[20]
In file included from ../Core/Inc/stm32f3xx_hal_conf.h:327,
                 from ../Drivers/STM32F3xx_HAL_Driver/Inc/stm32f3xx_hal.h:29,
                 from ../Core/Inc/main.h:30,
                 from ../Core/Src/main.c:20:
../Drivers/STM32F3xx_HAL_Driver/Inc/stm32f3xx_hal_uart.h:1486:79: note: expected 'const uint8_t *' {aka 'const unsigned char *'} but argument is of type 'char (*)[20]'
 1486 | HAL_StatusTypeDef HAL_UART_Transmit(UART_HandleTypeDef *huart, const uint8_t *pData, uint16_t Size, uint32_t Timeout);
      |                                                                ~~~~~~~~~~~~~~~^~~~~
../Core/Src/main.c:113:41: warning: unused variable 'Gyro_Offset' [-Wunused-variable]
  113 |         int16_t Gyro_Now = 0, Gyro = 0, Gyro_Offset = 0;
      |                                         ^~~~~~~~~~~
../Core/Src/main.c:113:31: warning: unused variable 'Gyro' [-Wunused-variable]
  113 |         int16_t Gyro_Now = 0, Gyro = 0, Gyro_Offset = 0;
      |                               ^~~~
../Core/Src/main.c:113:17: warning: unused variable 'Gyro_Now' [-Wunused-variable]
  113 |         int16_t Gyro_Now = 0, Gyro = 0, Gyro_Offset = 0;
      |                 ^~~~~~~~
../Core/Src/main.c:105:21: warning: variable 'dmpReady' set but not used [-Wunused-but-set-variable]
  105 |         static bool dmpReady = false;
      |                     ^~~~~~~~
arm-none-eabi-gcc -o "gyrotry.elf" @"objects.list"   -mcpu=cortex-m4 -T"C:\Users\mizun\Documents\GitHub\2024_Oidengiken\cubeIDE\gyro\gyrotry\STM32F303K8TX_FLASH.ld" --specs=nosys.specs -Wl,-Map="gyrotry.map" -Wl,--gc-sections -static --specs=nano.specs -mfpu=fpv4-sp-d16 -mfloat-abi=hard -mthumb -Wl,--start-group -lc -lm -Wl,--end-group
Finished building target: gyrotry.elf
 
arm-none-eabi-size  gyrotry.elf 
arm-none-eabi-objdump -h -S gyrotry.elf  > "gyrotry.list"
   text	   data	    bss	    dec	    hex	filename
  19196	    104	   2296	  21596	   545c	gyrotry.elf
Finished building: default.size.stdout
 
Finished building: gyrotry.list
 
17:38:33 **** Incremental Build of configuration Debug for project gyrotry ****
make -j16 all 
arm-none-eabi-gcc "../Core/Src/main.c" -mcpu=cortex-m4 -std=gnu11 -g3 -DDEBUG -DUSE_HAL_DRIVER -DSTM32F303x8 -c -I../Core/Inc -I../Drivers/STM32F3xx_HAL_Driver/Inc -I../Drivers/STM32F3xx_HAL_Driver/Inc/Legacy -I../Drivers/CMSIS/Device/ST/STM32F3xx/Include -I../Drivers/CMSIS/Include -O0 -ffunction-sections -fdata-sections -Wall -fstack-usage -fcyclomatic-complexity -MMD -MP -MF"Core/Src/main.d" -MT"Core/Src/main.o" --specs=nano.specs -mfpu=fpv4-sp-d16 -mfloat-abi=hard -mthumb -o "Core/Src/main.o"
../Core/Src/main.c: In function 'main':
../Core/Src/main.c:155:17: warning: implicit declaration of function 'sprintf' [-Wimplicit-function-declaration]
  155 |                 sprintf(str, "%d\n\r", intbuff);
      |                 ^~~~~~~
../Core/Src/main.c:22:1: note: include '<stdio.h>' or provide a declaration of 'sprintf'
   21 | #include "MPU6050.h"
  +++ |+#include <stdio.h>
   22 | 
../Core/Src/main.c:155:17: warning: incompatible implicit declaration of built-in function 'sprintf' [-Wbuiltin-declaration-mismatch]
  155 |                 sprintf(str, "%d\n\r", intbuff);
      |                 ^~~~~~~
../Core/Src/main.c:155:17: note: include '<stdio.h>' or provide a declaration of 'sprintf'
../Core/Src/main.c:156:44: warning: passing argument 2 of 'HAL_UART_Transmit' from incompatible pointer type [-Wincompatible-pointer-types]
  156 |                 HAL_UART_Transmit(&huart2, &str, strlen(str), 1000);
      |                                            ^~~~
      |                                            |
      |                                            char (*)[20]
In file included from ../Core/Inc/stm32f3xx_hal_conf.h:327,
                 from ../Drivers/STM32F3xx_HAL_Driver/Inc/stm32f3xx_hal.h:29,
                 from ../Core/Inc/main.h:30,
                 from ../Core/Src/main.c:20:
../Drivers/STM32F3xx_HAL_Driver/Inc/stm32f3xx_hal_uart.h:1486:79: note: expected 'const uint8_t *' {aka 'const unsigned char *'} but argument is of type 'char (*)[20]'
 1486 | HAL_StatusTypeDef HAL_UART_Transmit(UART_HandleTypeDef *huart, const uint8_t *pData, uint16_t Size, uint32_t Timeout);
      |                                                                ~~~~~~~~~~~~~~~^~~~~
../Core/Src/main.c:113:41: warning: unused variable 'Gyro_Offset' [-Wunused-variable]
  113 |         int16_t Gyro_Now = 0, Gyro = 0, Gyro_Offset = 0;
      |                                         ^~~~~~~~~~~
../Core/Src/main.c:113:31: warning: unused variable 'Gyro' [-Wunused-variable]
  113 |         int16_t Gyro_Now = 0, Gyro = 0, Gyro_Offset = 0;
      |                               ^~~~
../Core/Src/main.c:113:17: warning: unused variable 'Gyro_Now' [-Wunused-variable]
  113 |         int16_t Gyro_Now = 0, Gyro = 0, Gyro_Offset = 0;
      |                 ^~~~~~~~
../Core/Src/main.c:105:21: warning: variable 'dmpReady' set but not used [-Wunused-but-set-variable]
  105 |         static bool dmpReady = false;
      |                     ^~~~~~~~
arm-none-eabi-gcc -o "gyrotry.elf" @"objects.list"   -mcpu=cortex-m4 -T"C:\Users\mizun\Documents\GitHub\2024_Oidengiken\cubeIDE\gyro\gyrotry\STM32F303K8TX_FLASH.ld" --specs=nosys.specs -Wl,-Map="gyrotry.map" -Wl,--gc-sections -static --specs=nano.specs -mfpu=fpv4-sp-d16 -mfloat-abi=hard -mthumb -Wl,--start-group -lc -lm -Wl,--end-group
Finished building target: gyrotry.elf
 
arm-none-eabi-size  gyrotry.elf 
arm-none-eabi-objdump -h -S gyrotry.elf  > "gyrotry.list"
   text	   data	    bss	    dec	    hex	filename
  19196	    104	   2296	  21596	   545c	gyrotry.elf
Finished building: default.size.stdout
 
Finished building: gyrotry.list
 
17:38:58 **** Incremental Build of configuration Debug for project gyrotry ****
make -j16 all 
arm-none-eabi-gcc "../Core/Src/main.c" -mcpu=cortex-m4 -std=gnu11 -g3 -DDEBUG -DUSE_HAL_DRIVER -DSTM32F303x8 -c -I../Core/Inc -I../Drivers/STM32F3xx_HAL_Driver/Inc -I../Drivers/STM32F3xx_HAL_Driver/Inc/Legacy -I../Drivers/CMSIS/Device/ST/STM32F3xx/Include -I../Drivers/CMSIS/Include -O0 -ffunction-sections -fdata-sections -Wall -fstack-usage -fcyclomatic-complexity -MMD -MP -MF"Core/Src/main.d" -MT"Core/Src/main.o" --specs=nano.specs -mfpu=fpv4-sp-d16 -mfloat-abi=hard -mthumb -o "Core/Src/main.o"
../Core/Src/main.c: In function 'main':
../Core/Src/main.c:155:17: warning: implicit declaration of function 'sprintf' [-Wimplicit-function-declaration]
  155 |                 sprintf(str, "%d\n\r", intbuff);
      |                 ^~~~~~~
../Core/Src/main.c:22:1: note: include '<stdio.h>' or provide a declaration of 'sprintf'
   21 | #include "MPU6050.h"
  +++ |+#include <stdio.h>
   22 | 
../Core/Src/main.c:155:17: warning: incompatible implicit declaration of built-in function 'sprintf' [-Wbuiltin-declaration-mismatch]
  155 |                 sprintf(str, "%d\n\r", intbuff);
      |                 ^~~~~~~
../Core/Src/main.c:155:17: note: include '<stdio.h>' or provide a declaration of 'sprintf'
../Core/Src/main.c:156:44: warning: passing argument 2 of 'HAL_UART_Transmit' from incompatible pointer type [-Wincompatible-pointer-types]
  156 |                 HAL_UART_Transmit(&huart2, &str, strlen(str), 1000);
      |                                            ^~~~
      |                                            |
      |                                            char (*)[20]
In file included from ../Core/Inc/stm32f3xx_hal_conf.h:327,
                 from ../Drivers/STM32F3xx_HAL_Driver/Inc/stm32f3xx_hal.h:29,
                 from ../Core/Inc/main.h:30,
                 from ../Core/Src/main.c:20:
../Drivers/STM32F3xx_HAL_Driver/Inc/stm32f3xx_hal_uart.h:1486:79: note: expected 'const uint8_t *' {aka 'const unsigned char *'} but argument is of type 'char (*)[20]'
 1486 | HAL_StatusTypeDef HAL_UART_Transmit(UART_HandleTypeDef *huart, const uint8_t *pData, uint16_t Size, uint32_t Timeout);
      |                                                                ~~~~~~~~~~~~~~~^~~~~
../Core/Src/main.c:113:41: warning: unused variable 'Gyro_Offset' [-Wunused-variable]
  113 |         int16_t Gyro_Now = 0, Gyro = 0, Gyro_Offset = 0;
      |                                         ^~~~~~~~~~~
../Core/Src/main.c:113:31: warning: unused variable 'Gyro' [-Wunused-variable]
  113 |         int16_t Gyro_Now = 0, Gyro = 0, Gyro_Offset = 0;
      |                               ^~~~
../Core/Src/main.c:113:17: warning: unused variable 'Gyro_Now' [-Wunused-variable]
  113 |         int16_t Gyro_Now = 0, Gyro = 0, Gyro_Offset = 0;
      |                 ^~~~~~~~
../Core/Src/main.c:105:21: warning: variable 'dmpReady' set but not used [-Wunused-but-set-variable]
  105 |         static bool dmpReady = false;
      |                     ^~~~~~~~
arm-none-eabi-gcc -o "gyrotry.elf" @"objects.list"   -mcpu=cortex-m4 -T"C:\Users\mizun\Documents\GitHub\2024_Oidengiken\cubeIDE\gyro\gyrotry\STM32F303K8TX_FLASH.ld" --specs=nosys.specs -Wl,-Map="gyrotry.map" -Wl,--gc-sections -static --specs=nano.specs -mfpu=fpv4-sp-d16 -mfloat-abi=hard -mthumb -Wl,--start-group -lc -lm -Wl,--end-group
Finished building target: gyrotry.elf
 
arm-none-eabi-size  gyrotry.elf 
arm-none-eabi-objdump -h -S gyrotry.elf  > "gyrotry.list"
   text	   data	    bss	    dec	    hex	filename
  19196	    104	   2296	  21596	   545c	gyrotry.elf
Finished building: default.size.stdout
 
Finished building: gyrotry.list
 
17:44:33 **** Incremental Build of configuration Debug for project gyrotry ****
make -j16 all 
arm-none-eabi-gcc "../Core/Src/main.c" -mcpu=cortex-m4 -std=gnu11 -g3 -DDEBUG -DUSE_HAL_DRIVER -DSTM32F303x8 -c -I../Core/Inc -I../Drivers/STM32F3xx_HAL_Driver/Inc -I../Drivers/STM32F3xx_HAL_Driver/Inc/Legacy -I../Drivers/CMSIS/Device/ST/STM32F3xx/Include -I../Drivers/CMSIS/Include -O0 -ffunction-sections -fdata-sections -Wall -fstack-usage -fcyclomatic-complexity -MMD -MP -MF"Core/Src/main.d" -MT"Core/Src/main.o" --specs=nano.specs -mfpu=fpv4-sp-d16 -mfloat-abi=hard -mthumb -o "Core/Src/main.o"
../Core/Src/main.c: In function 'main':
../Core/Src/main.c:138:53: error: 'uin8_t' undeclared (first use in this function); did you mean 'uint8_t'?
  138 |                         HAL_UART_Transmit(&huart2, (uin8_t*)"error\r\n", 10, 1000);
      |                                                     ^~~~~~
      |                                                     uint8_t
../Core/Src/main.c:138:53: note: each undeclared identifier is reported only once for each function it appears in
../Core/Src/main.c:138:60: error: expected expression before ')' token
  138 |                         HAL_UART_Transmit(&huart2, (uin8_t*)"error\r\n", 10, 1000);
      |                                                            ^
../Core/Src/main.c:138:25: error: too few arguments to function 'HAL_UART_Transmit'
  138 |                         HAL_UART_Transmit(&huart2, (uin8_t*)"error\r\n", 10, 1000);
      |                         ^~~~~~~~~~~~~~~~~
In file included from ../Core/Inc/stm32f3xx_hal_conf.h:327,
                 from ../Drivers/STM32F3xx_HAL_Driver/Inc/stm32f3xx_hal.h:29,
                 from ../Core/Inc/main.h:30,
                 from ../Core/Src/main.c:20:
../Drivers/STM32F3xx_HAL_Driver/Inc/stm32f3xx_hal_uart.h:1486:19: note: declared here
 1486 | HAL_StatusTypeDef HAL_UART_Transmit(UART_HandleTypeDef *huart, const uint8_t *pData, uint16_t Size, uint32_t Timeout);
      |                   ^~~~~~~~~~~~~~~~~
../Core/Src/main.c:156:17: warning: implicit declaration of function 'sprintf' [-Wimplicit-function-declaration]
  156 |                 sprintf(str, "%d\n\r", intbuff);
      |                 ^~~~~~~
../Core/Src/main.c:22:1: note: include '<stdio.h>' or provide a declaration of 'sprintf'
   21 | #include "MPU6050.h"
  +++ |+#include <stdio.h>
   22 | 
../Core/Src/main.c:156:17: warning: incompatible implicit declaration of built-in function 'sprintf' [-Wbuiltin-declaration-mismatch]
  156 |                 sprintf(str, "%d\n\r", intbuff);
      |                 ^~~~~~~
../Core/Src/main.c:156:17: note: include '<stdio.h>' or provide a declaration of 'sprintf'
../Core/Src/main.c:157:44: warning: passing argument 2 of 'HAL_UART_Transmit' from incompatible pointer type [-Wincompatible-pointer-types]
  157 |                 HAL_UART_Transmit(&huart2, &str, strlen(str), 1000);
      |                                            ^~~~
      |                                            |
      |                                            char (*)[20]
In file included from ../Core/Inc/stm32f3xx_hal_conf.h:327,
                 from ../Drivers/STM32F3xx_HAL_Driver/Inc/stm32f3xx_hal.h:29,
                 from ../Core/Inc/main.h:30,
                 from ../Core/Src/main.c:20:
../Drivers/STM32F3xx_HAL_Driver/Inc/stm32f3xx_hal_uart.h:1486:79: note: expected 'const uint8_t *' {aka 'const unsigned char *'} but argument is of type 'char (*)[20]'
 1486 | HAL_StatusTypeDef HAL_UART_Transmit(UART_HandleTypeDef *huart, const uint8_t *pData, uint16_t Size, uint32_t Timeout);
      |                                                                ~~~~~~~~~~~~~~~^~~~~
../Core/Src/main.c:113:41: warning: unused variable 'Gyro_Offset' [-Wunused-variable]
  113 |         int16_t Gyro_Now = 0, Gyro = 0, Gyro_Offset = 0;
      |                                         ^~~~~~~~~~~
../Core/Src/main.c:113:31: warning: unused variable 'Gyro' [-Wunused-variable]
  113 |         int16_t Gyro_Now = 0, Gyro = 0, Gyro_Offset = 0;
      |                               ^~~~
../Core/Src/main.c:113:17: warning: unused variable 'Gyro_Now' [-Wunused-variable]
  113 |         int16_t Gyro_Now = 0, Gyro = 0, Gyro_Offset = 0;
      |                 ^~~~~~~~
../Core/Src/main.c:105:21: warning: variable 'dmpReady' set but not used [-Wunused-but-set-variable]
  105 |         static bool dmpReady = false;
      |                     ^~~~~~~~
make: *** [Core/Src/subdir.mk:40: Core/Src/main.o] Error 1
"make -j16 all" terminated with exit code 2. Build might be incomplete.
17:45:26 **** Incremental Build of configuration Debug for project gyrotry ****
make -j16 all 
arm-none-eabi-gcc "../Core/Src/main.c" -mcpu=cortex-m4 -std=gnu11 -g3 -DDEBUG -DUSE_HAL_DRIVER -DSTM32F303x8 -c -I../Core/Inc -I../Drivers/STM32F3xx_HAL_Driver/Inc -I../Drivers/STM32F3xx_HAL_Driver/Inc/Legacy -I../Drivers/CMSIS/Device/ST/STM32F3xx/Include -I../Drivers/CMSIS/Include -O0 -ffunction-sections -fdata-sections -Wall -fstack-usage -fcyclomatic-complexity -MMD -MP -MF"Core/Src/main.d" -MT"Core/Src/main.o" --specs=nano.specs -mfpu=fpv4-sp-d16 -mfloat-abi=hard -mthumb -o "Core/Src/main.o"
../Core/Src/main.c: In function 'main':
../Core/Src/main.c:156:17: warning: implicit declaration of function 'sprintf' [-Wimplicit-function-declaration]
  156 |                 sprintf(str, "%d\n\r", intbuff);
      |                 ^~~~~~~
../Core/Src/main.c:22:1: note: include '<stdio.h>' or provide a declaration of 'sprintf'
   21 | #include "MPU6050.h"
  +++ |+#include <stdio.h>
   22 | 
../Core/Src/main.c:156:17: warning: incompatible implicit declaration of built-in function 'sprintf' [-Wbuiltin-declaration-mismatch]
  156 |                 sprintf(str, "%d\n\r", intbuff);
      |                 ^~~~~~~
../Core/Src/main.c:156:17: note: include '<stdio.h>' or provide a declaration of 'sprintf'
../Core/Src/main.c:157:44: warning: passing argument 2 of 'HAL_UART_Transmit' from incompatible pointer type [-Wincompatible-pointer-types]
  157 |                 HAL_UART_Transmit(&huart2, &str, strlen(str), 1000);
      |                                            ^~~~
      |                                            |
      |                                            char (*)[20]
In file included from ../Core/Inc/stm32f3xx_hal_conf.h:327,
                 from ../Drivers/STM32F3xx_HAL_Driver/Inc/stm32f3xx_hal.h:29,
                 from ../Core/Inc/main.h:30,
                 from ../Core/Src/main.c:20:
../Drivers/STM32F3xx_HAL_Driver/Inc/stm32f3xx_hal_uart.h:1486:79: note: expected 'const uint8_t *' {aka 'const unsigned char *'} but argument is of type 'char (*)[20]'
 1486 | HAL_StatusTypeDef HAL_UART_Transmit(UART_HandleTypeDef *huart, const uint8_t *pData, uint16_t Size, uint32_t Timeout);
      |                                                                ~~~~~~~~~~~~~~~^~~~~
../Core/Src/main.c:113:41: warning: unused variable 'Gyro_Offset' [-Wunused-variable]
  113 |         int16_t Gyro_Now = 0, Gyro = 0, Gyro_Offset = 0;
      |                                         ^~~~~~~~~~~
../Core/Src/main.c:113:31: warning: unused variable 'Gyro' [-Wunused-variable]
  113 |         int16_t Gyro_Now = 0, Gyro = 0, Gyro_Offset = 0;
      |                               ^~~~
../Core/Src/main.c:113:17: warning: unused variable 'Gyro_Now' [-Wunused-variable]
  113 |         int16_t Gyro_Now = 0, Gyro = 0, Gyro_Offset = 0;
      |                 ^~~~~~~~
../Core/Src/main.c:105:21: warning: variable 'dmpReady' set but not used [-Wunused-but-set-variable]
  105 |         static bool dmpReady = false;
      |                     ^~~~~~~~
arm-none-eabi-gcc -o "gyrotry.elf" @"objects.list"   -mcpu=cortex-m4 -T"C:\Users\mizun\Documents\GitHub\2024_Oidengiken\cubeIDE\gyro\gyrotry\STM32F303K8TX_FLASH.ld" --specs=nosys.specs -Wl,-Map="gyrotry.map" -Wl,--gc-sections -static --specs=nano.specs -mfpu=fpv4-sp-d16 -mfloat-abi=hard -mthumb -Wl,--start-group -lc -lm -Wl,--end-group
Finished building target: gyrotry.elf
 
arm-none-eabi-size  gyrotry.elf 
arm-none-eabi-objdump -h -S gyrotry.elf  > "gyrotry.list"
   text	   data	    bss	    dec	    hex	filename
  19224	    104	   2296	  21624	   5478	gyrotry.elf
Finished building: default.size.stdout
 
Finished building: gyrotry.list
 
17:46:17 **** Incremental Build of configuration Debug for project gyrotry ****
make -j16 all 
arm-none-eabi-gcc "../Core/Src/main.c" -mcpu=cortex-m4 -std=gnu11 -g3 -DDEBUG -DUSE_HAL_DRIVER -DSTM32F303x8 -c -I../Core/Inc -I../Drivers/STM32F3xx_HAL_Driver/Inc -I../Drivers/STM32F3xx_HAL_Driver/Inc/Legacy -I../Drivers/CMSIS/Device/ST/STM32F3xx/Include -I../Drivers/CMSIS/Include -O0 -ffunction-sections -fdata-sections -Wall -fstack-usage -fcyclomatic-complexity -MMD -MP -MF"Core/Src/main.d" -MT"Core/Src/main.o" --specs=nano.specs -mfpu=fpv4-sp-d16 -mfloat-abi=hard -mthumb -o "Core/Src/main.o"
../Core/Src/main.c: In function 'main':
../Core/Src/main.c:157:17: warning: implicit declaration of function 'sprintf' [-Wimplicit-function-declaration]
  157 |                 sprintf(str, "%d\n\r", intbuff);
      |                 ^~~~~~~
../Core/Src/main.c:22:1: note: include '<stdio.h>' or provide a declaration of 'sprintf'
   21 | #include "MPU6050.h"
  +++ |+#include <stdio.h>
   22 | 
../Core/Src/main.c:157:17: warning: incompatible implicit declaration of built-in function 'sprintf' [-Wbuiltin-declaration-mismatch]
  157 |                 sprintf(str, "%d\n\r", intbuff);
      |                 ^~~~~~~
../Core/Src/main.c:157:17: note: include '<stdio.h>' or provide a declaration of 'sprintf'
../Core/Src/main.c:158:44: warning: passing argument 2 of 'HAL_UART_Transmit' from incompatible pointer type [-Wincompatible-pointer-types]
  158 |                 HAL_UART_Transmit(&huart2, &str, strlen(str), 1000);
      |                                            ^~~~
      |                                            |
      |                                            char (*)[20]
In file included from ../Core/Inc/stm32f3xx_hal_conf.h:327,
                 from ../Drivers/STM32F3xx_HAL_Driver/Inc/stm32f3xx_hal.h:29,
                 from ../Core/Inc/main.h:30,
                 from ../Core/Src/main.c:20:
../Drivers/STM32F3xx_HAL_Driver/Inc/stm32f3xx_hal_uart.h:1486:79: note: expected 'const uint8_t *' {aka 'const unsigned char *'} but argument is of type 'char (*)[20]'
 1486 | HAL_StatusTypeDef HAL_UART_Transmit(UART_HandleTypeDef *huart, const uint8_t *pData, uint16_t Size, uint32_t Timeout);
      |                                                                ~~~~~~~~~~~~~~~^~~~~
../Core/Src/main.c:113:41: warning: unused variable 'Gyro_Offset' [-Wunused-variable]
  113 |         int16_t Gyro_Now = 0, Gyro = 0, Gyro_Offset = 0;
      |                                         ^~~~~~~~~~~
../Core/Src/main.c:113:31: warning: unused variable 'Gyro' [-Wunused-variable]
  113 |         int16_t Gyro_Now = 0, Gyro = 0, Gyro_Offset = 0;
      |                               ^~~~
../Core/Src/main.c:113:17: warning: unused variable 'Gyro_Now' [-Wunused-variable]
  113 |         int16_t Gyro_Now = 0, Gyro = 0, Gyro_Offset = 0;
      |                 ^~~~~~~~
../Core/Src/main.c:105:21: warning: variable 'dmpReady' set but not used [-Wunused-but-set-variable]
  105 |         static bool dmpReady = false;
      |                     ^~~~~~~~
arm-none-eabi-gcc -o "gyrotry.elf" @"objects.list"   -mcpu=cortex-m4 -T"C:\Users\mizun\Documents\GitHub\2024_Oidengiken\cubeIDE\gyro\gyrotry\STM32F303K8TX_FLASH.ld" --specs=nosys.specs -Wl,-Map="gyrotry.map" -Wl,--gc-sections -static --specs=nano.specs -mfpu=fpv4-sp-d16 -mfloat-abi=hard -mthumb -Wl,--start-group -lc -lm -Wl,--end-group
Finished building target: gyrotry.elf
 
arm-none-eabi-size  gyrotry.elf 
arm-none-eabi-objdump -h -S gyrotry.elf  > "gyrotry.list"
   text	   data	    bss	    dec	    hex	filename
  19248	    104	   2296	  21648	   5490	gyrotry.elf
Finished building: default.size.stdout
 
Finished building: gyrotry.list
 
17:47:29 **** Incremental Build of configuration Debug for project gyrotry ****
make -j16 all 
arm-none-eabi-gcc "../Core/Src/main.c" -mcpu=cortex-m4 -std=gnu11 -g3 -DDEBUG -DUSE_HAL_DRIVER -DSTM32F303x8 -c -I../Core/Inc -I../Drivers/STM32F3xx_HAL_Driver/Inc -I../Drivers/STM32F3xx_HAL_Driver/Inc/Legacy -I../Drivers/CMSIS/Device/ST/STM32F3xx/Include -I../Drivers/CMSIS/Include -O0 -ffunction-sections -fdata-sections -Wall -fstack-usage -fcyclomatic-complexity -MMD -MP -MF"Core/Src/main.d" -MT"Core/Src/main.o" --specs=nano.specs -mfpu=fpv4-sp-d16 -mfloat-abi=hard -mthumb -o "Core/Src/main.o"
../Core/Src/main.c: In function 'main':
../Core/Src/main.c:113:41: warning: unused variable 'Gyro_Offset' [-Wunused-variable]
  113 |         int16_t Gyro_Now = 0, Gyro = 0, Gyro_Offset = 0;
      |                                         ^~~~~~~~~~~
../Core/Src/main.c:113:31: warning: unused variable 'Gyro' [-Wunused-variable]
  113 |         int16_t Gyro_Now = 0, Gyro = 0, Gyro_Offset = 0;
      |                               ^~~~
../Core/Src/main.c:113:17: warning: unused variable 'Gyro_Now' [-Wunused-variable]
  113 |         int16_t Gyro_Now = 0, Gyro = 0, Gyro_Offset = 0;
      |                 ^~~~~~~~
../Core/Src/main.c:105:21: warning: variable 'dmpReady' set but not used [-Wunused-but-set-variable]
  105 |         static bool dmpReady = false;
      |                     ^~~~~~~~
../Core/Src/main.c:99:14: warning: unused variable 'str' [-Wunused-variable]
   99 |         char str[20];
      |              ^~~
arm-none-eabi-gcc -o "gyrotry.elf" @"objects.list"   -mcpu=cortex-m4 -T"C:\Users\mizun\Documents\GitHub\2024_Oidengiken\cubeIDE\gyro\gyrotry\STM32F303K8TX_FLASH.ld" --specs=nosys.specs -Wl,-Map="gyrotry.map" -Wl,--gc-sections -static --specs=nano.specs -mfpu=fpv4-sp-d16 -mfloat-abi=hard -mthumb -Wl,--start-group -lc -lm -Wl,--end-group
Finished building target: gyrotry.elf
 
arm-none-eabi-size  gyrotry.elf 
arm-none-eabi-objdump -h -S gyrotry.elf  > "gyrotry.list"
   text	   data	    bss	    dec	    hex	filename
  16600	     24	   1960	  18584	   4898	gyrotry.elf
Finished building: default.size.stdout
 
Finished building: gyrotry.list
 
17:53:52 **** Incremental Build of configuration Debug for project gyrotry ****
make -j16 all 
arm-none-eabi-gcc "../Core/Src/main.c" -mcpu=cortex-m4 -std=gnu11 -g3 -DDEBUG -DUSE_HAL_DRIVER -DSTM32F303x8 -c -I../Core/Inc -I../Drivers/STM32F3xx_HAL_Driver/Inc -I../Drivers/STM32F3xx_HAL_Driver/Inc/Legacy -I../Drivers/CMSIS/Device/ST/STM32F3xx/Include -I../Drivers/CMSIS/Include -O0 -ffunction-sections -fdata-sections -Wall -fstack-usage -fcyclomatic-complexity -MMD -MP -MF"Core/Src/main.d" -MT"Core/Src/main.o" --specs=nano.specs -mfpu=fpv4-sp-d16 -mfloat-abi=hard -mthumb -o "Core/Src/main.o"
../Core/Src/main.c: In function 'main':
../Core/Src/main.c:159:17: warning: implicit declaration of function 'sprintf' [-Wimplicit-function-declaration]
  159 |                 sprintf(str, "%d\n\r", intbuff);
      |                 ^~~~~~~
../Core/Src/main.c:22:1: note: include '<stdio.h>' or provide a declaration of 'sprintf'
   21 | #include "MPU6050.h"
  +++ |+#include <stdio.h>
   22 | 
../Core/Src/main.c:159:17: warning: incompatible implicit declaration of built-in function 'sprintf' [-Wbuiltin-declaration-mismatch]
  159 |                 sprintf(str, "%d\n\r", intbuff);
      |                 ^~~~~~~
../Core/Src/main.c:159:17: note: include '<stdio.h>' or provide a declaration of 'sprintf'
../Core/Src/main.c:160:44: warning: passing argument 2 of 'HAL_UART_Transmit' from incompatible pointer type [-Wincompatible-pointer-types]
  160 |                 HAL_UART_Transmit(&huart2, &str, strlen(str), 1000);
      |                                            ^~~~
      |                                            |
      |                                            char (*)[20]
In file included from ../Core/Inc/stm32f3xx_hal_conf.h:327,
                 from ../Drivers/STM32F3xx_HAL_Driver/Inc/stm32f3xx_hal.h:29,
                 from ../Core/Inc/main.h:30,
                 from ../Core/Src/main.c:20:
../Drivers/STM32F3xx_HAL_Driver/Inc/stm32f3xx_hal_uart.h:1486:79: note: expected 'const uint8_t *' {aka 'const unsigned char *'} but argument is of type 'char (*)[20]'
 1486 | HAL_StatusTypeDef HAL_UART_Transmit(UART_HandleTypeDef *huart, const uint8_t *pData, uint16_t Size, uint32_t Timeout);
      |                                                                ~~~~~~~~~~~~~~~^~~~~
../Core/Src/main.c:113:41: warning: unused variable 'Gyro_Offset' [-Wunused-variable]
  113 |         int16_t Gyro_Now = 0, Gyro = 0, Gyro_Offset = 0;
      |                                         ^~~~~~~~~~~
../Core/Src/main.c:113:31: warning: unused variable 'Gyro' [-Wunused-variable]
  113 |         int16_t Gyro_Now = 0, Gyro = 0, Gyro_Offset = 0;
      |                               ^~~~
../Core/Src/main.c:113:17: warning: unused variable 'Gyro_Now' [-Wunused-variable]
  113 |         int16_t Gyro_Now = 0, Gyro = 0, Gyro_Offset = 0;
      |                 ^~~~~~~~
../Core/Src/main.c:105:21: warning: variable 'dmpReady' set but not used [-Wunused-but-set-variable]
  105 |         static bool dmpReady = false;
      |                     ^~~~~~~~
../Core/Src/main.c:104:24: warning: variable 'mpuIntStatus' set but not used [-Wunused-but-set-variable]
  104 |         static uint8_t mpuIntStatus;
      |                        ^~~~~~~~~~~~
arm-none-eabi-gcc -o "gyrotry.elf" @"objects.list"   -mcpu=cortex-m4 -T"C:\Users\mizun\Documents\GitHub\2024_Oidengiken\cubeIDE\gyro\gyrotry\STM32F303K8TX_FLASH.ld" --specs=nosys.specs -Wl,-Map="gyrotry.map" -Wl,--gc-sections -static --specs=nano.specs -mfpu=fpv4-sp-d16 -mfloat-abi=hard -mthumb -Wl,--start-group -lc -lm -Wl,--end-group
Finished building target: gyrotry.elf
 
arm-none-eabi-size  gyrotry.elf 
arm-none-eabi-objdump -h -S gyrotry.elf  > "gyrotry.list"
   text	   data	    bss	    dec	    hex	filename
  19100	    104	   2296	  21500	   53fc	gyrotry.elf
Finished building: default.size.stdout
 
Finished building: gyrotry.list
 
17:54:15 **** Incremental Build of configuration Debug for project gyrotry ****
make -j16 all 
arm-none-eabi-gcc "../Core/Src/main.c" -mcpu=cortex-m4 -std=gnu11 -g3 -DDEBUG -DUSE_HAL_DRIVER -DSTM32F303x8 -c -I../Core/Inc -I../Drivers/STM32F3xx_HAL_Driver/Inc -I../Drivers/STM32F3xx_HAL_Driver/Inc/Legacy -I../Drivers/CMSIS/Device/ST/STM32F3xx/Include -I../Drivers/CMSIS/Include -O0 -ffunction-sections -fdata-sections -Wall -fstack-usage -fcyclomatic-complexity -MMD -MP -MF"Core/Src/main.d" -MT"Core/Src/main.o" --specs=nano.specs -mfpu=fpv4-sp-d16 -mfloat-abi=hard -mthumb -o "Core/Src/main.o"
../Core/Src/main.c: In function 'main':
../Core/Src/main.c:159:17: warning: implicit declaration of function 'sprintf' [-Wimplicit-function-declaration]
  159 |                 sprintf(str, "%d\n\r", intbuff);
      |                 ^~~~~~~
../Core/Src/main.c:22:1: note: include '<stdio.h>' or provide a declaration of 'sprintf'
   21 | #include "MPU6050.h"
  +++ |+#include <stdio.h>
   22 | 
../Core/Src/main.c:159:17: warning: incompatible implicit declaration of built-in function 'sprintf' [-Wbuiltin-declaration-mismatch]
  159 |                 sprintf(str, "%d\n\r", intbuff);
      |                 ^~~~~~~
../Core/Src/main.c:159:17: note: include '<stdio.h>' or provide a declaration of 'sprintf'
../Core/Src/main.c:160:44: warning: passing argument 2 of 'HAL_UART_Transmit' from incompatible pointer type [-Wincompatible-pointer-types]
  160 |                 HAL_UART_Transmit(&huart2, &str, strlen(str), 1000);
      |                                            ^~~~
      |                                            |
      |                                            char (*)[20]
In file included from ../Core/Inc/stm32f3xx_hal_conf.h:327,
                 from ../Drivers/STM32F3xx_HAL_Driver/Inc/stm32f3xx_hal.h:29,
                 from ../Core/Inc/main.h:30,
                 from ../Core/Src/main.c:20:
../Drivers/STM32F3xx_HAL_Driver/Inc/stm32f3xx_hal_uart.h:1486:79: note: expected 'const uint8_t *' {aka 'const unsigned char *'} but argument is of type 'char (*)[20]'
 1486 | HAL_StatusTypeDef HAL_UART_Transmit(UART_HandleTypeDef *huart, const uint8_t *pData, uint16_t Size, uint32_t Timeout);
      |                                                                ~~~~~~~~~~~~~~~^~~~~
../Core/Src/main.c:113:41: warning: unused variable 'Gyro_Offset' [-Wunused-variable]
  113 |         int16_t Gyro_Now = 0, Gyro = 0, Gyro_Offset = 0;
      |                                         ^~~~~~~~~~~
../Core/Src/main.c:113:31: warning: unused variable 'Gyro' [-Wunused-variable]
  113 |         int16_t Gyro_Now = 0, Gyro = 0, Gyro_Offset = 0;
      |                               ^~~~
../Core/Src/main.c:113:17: warning: unused variable 'Gyro_Now' [-Wunused-variable]
  113 |         int16_t Gyro_Now = 0, Gyro = 0, Gyro_Offset = 0;
      |                 ^~~~~~~~
../Core/Src/main.c:105:21: warning: variable 'dmpReady' set but not used [-Wunused-but-set-variable]
  105 |         static bool dmpReady = false;
      |                     ^~~~~~~~
../Core/Src/main.c:104:24: warning: variable 'mpuIntStatus' set but not used [-Wunused-but-set-variable]
  104 |         static uint8_t mpuIntStatus;
      |                        ^~~~~~~~~~~~
arm-none-eabi-gcc -o "gyrotry.elf" @"objects.list"   -mcpu=cortex-m4 -T"C:\Users\mizun\Documents\GitHub\2024_Oidengiken\cubeIDE\gyro\gyrotry\STM32F303K8TX_FLASH.ld" --specs=nosys.specs -Wl,-Map="gyrotry.map" -Wl,--gc-sections -static --specs=nano.specs -mfpu=fpv4-sp-d16 -mfloat-abi=hard -mthumb -Wl,--start-group -lc -lm -Wl,--end-group
Finished building target: gyrotry.elf
 
arm-none-eabi-size  gyrotry.elf 
arm-none-eabi-objdump -h -S gyrotry.elf  > "gyrotry.list"
   text	   data	    bss	    dec	    hex	filename
  19016	    104	   2296	  21416	   53a8	gyrotry.elf
Finished building: default.size.stdout
 
Finished building: gyrotry.list
 
17:54:56 **** Incremental Build of configuration Debug for project gyrotry ****
make -j16 all 
arm-none-eabi-gcc "../Core/Src/main.c" -mcpu=cortex-m4 -std=gnu11 -g3 -DDEBUG -DUSE_HAL_DRIVER -DSTM32F303x8 -c -I../Core/Inc -I../Drivers/STM32F3xx_HAL_Driver/Inc -I../Drivers/STM32F3xx_HAL_Driver/Inc/Legacy -I../Drivers/CMSIS/Device/ST/STM32F3xx/Include -I../Drivers/CMSIS/Include -O0 -ffunction-sections -fdata-sections -Wall -fstack-usage -fcyclomatic-complexity -MMD -MP -MF"Core/Src/main.d" -MT"Core/Src/main.o" --specs=nano.specs -mfpu=fpv4-sp-d16 -mfloat-abi=hard -mthumb -o "Core/Src/main.o"
../Core/Src/main.c: In function 'main':
../Core/Src/main.c:159:17: warning: implicit declaration of function 'sprintf' [-Wimplicit-function-declaration]
  159 |                 sprintf(str, "%d\n\r", intbuff);
      |                 ^~~~~~~
../Core/Src/main.c:22:1: note: include '<stdio.h>' or provide a declaration of 'sprintf'
   21 | #include "MPU6050.h"
  +++ |+#include <stdio.h>
   22 | 
../Core/Src/main.c:159:17: warning: incompatible implicit declaration of built-in function 'sprintf' [-Wbuiltin-declaration-mismatch]
  159 |                 sprintf(str, "%d\n\r", intbuff);
      |                 ^~~~~~~
../Core/Src/main.c:159:17: note: include '<stdio.h>' or provide a declaration of 'sprintf'
../Core/Src/main.c:160:44: warning: passing argument 2 of 'HAL_UART_Transmit' from incompatible pointer type [-Wincompatible-pointer-types]
  160 |                 HAL_UART_Transmit(&huart2, &str, strlen(str), 1000);
      |                                            ^~~~
      |                                            |
      |                                            char (*)[20]
In file included from ../Core/Inc/stm32f3xx_hal_conf.h:327,
                 from ../Drivers/STM32F3xx_HAL_Driver/Inc/stm32f3xx_hal.h:29,
                 from ../Core/Inc/main.h:30,
                 from ../Core/Src/main.c:20:
../Drivers/STM32F3xx_HAL_Driver/Inc/stm32f3xx_hal_uart.h:1486:79: note: expected 'const uint8_t *' {aka 'const unsigned char *'} but argument is of type 'char (*)[20]'
 1486 | HAL_StatusTypeDef HAL_UART_Transmit(UART_HandleTypeDef *huart, const uint8_t *pData, uint16_t Size, uint32_t Timeout);
      |                                                                ~~~~~~~~~~~~~~~^~~~~
../Core/Src/main.c:113:41: warning: unused variable 'Gyro_Offset' [-Wunused-variable]
  113 |         int16_t Gyro_Now = 0, Gyro = 0, Gyro_Offset = 0;
      |                                         ^~~~~~~~~~~
../Core/Src/main.c:113:31: warning: unused variable 'Gyro' [-Wunused-variable]
  113 |         int16_t Gyro_Now = 0, Gyro = 0, Gyro_Offset = 0;
      |                               ^~~~
../Core/Src/main.c:113:17: warning: unused variable 'Gyro_Now' [-Wunused-variable]
  113 |         int16_t Gyro_Now = 0, Gyro = 0, Gyro_Offset = 0;
      |                 ^~~~~~~~
../Core/Src/main.c:105:21: warning: variable 'dmpReady' set but not used [-Wunused-but-set-variable]
  105 |         static bool dmpReady = false;
      |                     ^~~~~~~~
../Core/Src/main.c:104:24: warning: variable 'mpuIntStatus' set but not used [-Wunused-but-set-variable]
  104 |         static uint8_t mpuIntStatus;
      |                        ^~~~~~~~~~~~
arm-none-eabi-gcc -o "gyrotry.elf" @"objects.list"   -mcpu=cortex-m4 -T"C:\Users\mizun\Documents\GitHub\2024_Oidengiken\cubeIDE\gyro\gyrotry\STM32F303K8TX_FLASH.ld" --specs=nosys.specs -Wl,-Map="gyrotry.map" -Wl,--gc-sections -static --specs=nano.specs -mfpu=fpv4-sp-d16 -mfloat-abi=hard -mthumb -Wl,--start-group -lc -lm -Wl,--end-group
Finished building target: gyrotry.elf
 
arm-none-eabi-size  gyrotry.elf 
arm-none-eabi-objdump -h -S gyrotry.elf  > "gyrotry.list"
   text	   data	    bss	    dec	    hex	filename
  19016	    104	   2296	  21416	   53a8	gyrotry.elf
Finished building: default.size.stdout
 
Finished building: gyrotry.list
 
20:16:37 **** Incremental Build of configuration Debug for project gyrotry ****
make -j16 all 
arm-none-eabi-gcc "../Core/Src/main.c" -mcpu=cortex-m4 -std=gnu11 -g3 -DDEBUG -DUSE_HAL_DRIVER -DSTM32F303x8 -c -I../Core/Inc -I../Drivers/STM32F3xx_HAL_Driver/Inc -I../Drivers/STM32F3xx_HAL_Driver/Inc/Legacy -I../Drivers/CMSIS/Device/ST/STM32F3xx/Include -I../Drivers/CMSIS/Include -O0 -ffunction-sections -fdata-sections -Wall -fstack-usage -fcyclomatic-complexity -MMD -MP -MF"Core/Src/main.d" -MT"Core/Src/main.o" --specs=nano.specs -mfpu=fpv4-sp-d16 -mfloat-abi=hard -mthumb -o "Core/Src/main.o"
../Core/Src/main.c: In function 'main':
../Core/Src/main.c:159:17: warning: implicit declaration of function 'sprintf' [-Wimplicit-function-declaration]
  159 |                 sprintf(str, "%d\n\r", intbuff);
      |                 ^~~~~~~
../Core/Src/main.c:22:1: note: include '<stdio.h>' or provide a declaration of 'sprintf'
   21 | #include "MPU6050.h"
  +++ |+#include <stdio.h>
   22 | 
../Core/Src/main.c:159:17: warning: incompatible implicit declaration of built-in function 'sprintf' [-Wbuiltin-declaration-mismatch]
  159 |                 sprintf(str, "%d\n\r", intbuff);
      |                 ^~~~~~~
../Core/Src/main.c:159:17: note: include '<stdio.h>' or provide a declaration of 'sprintf'
../Core/Src/main.c:160:44: warning: passing argument 2 of 'HAL_UART_Transmit' from incompatible pointer type [-Wincompatible-pointer-types]
  160 |                 HAL_UART_Transmit(&huart2, &str, strlen(str), 1000);
      |                                            ^~~~
      |                                            |
      |                                            char (*)[20]
In file included from ../Core/Inc/stm32f3xx_hal_conf.h:327,
                 from ../Drivers/STM32F3xx_HAL_Driver/Inc/stm32f3xx_hal.h:29,
                 from ../Core/Inc/main.h:30,
                 from ../Core/Src/main.c:20:
../Drivers/STM32F3xx_HAL_Driver/Inc/stm32f3xx_hal_uart.h:1486:79: note: expected 'const uint8_t *' {aka 'const unsigned char *'} but argument is of type 'char (*)[20]'
 1486 | HAL_StatusTypeDef HAL_UART_Transmit(UART_HandleTypeDef *huart, const uint8_t *pData, uint16_t Size, uint32_t Timeout);
      |                                                                ~~~~~~~~~~~~~~~^~~~~
../Core/Src/main.c:113:41: warning: unused variable 'Gyro_Offset' [-Wunused-variable]
  113 |         int16_t Gyro_Now = 0, Gyro = 0, Gyro_Offset = 0;
      |                                         ^~~~~~~~~~~
../Core/Src/main.c:113:31: warning: unused variable 'Gyro' [-Wunused-variable]
  113 |         int16_t Gyro_Now = 0, Gyro = 0, Gyro_Offset = 0;
      |                               ^~~~
../Core/Src/main.c:113:17: warning: unused variable 'Gyro_Now' [-Wunused-variable]
  113 |         int16_t Gyro_Now = 0, Gyro = 0, Gyro_Offset = 0;
      |                 ^~~~~~~~
../Core/Src/main.c:106:18: warning: unused variable 'fifoCount' [-Wunused-variable]
  106 |         uint16_t fifoCount;
      |                  ^~~~~~~~~
../Core/Src/main.c:105:21: warning: variable 'dmpReady' set but not used [-Wunused-but-set-variable]
  105 |         static bool dmpReady = false;
      |                     ^~~~~~~~
../Core/Src/main.c:104:24: warning: variable 'mpuIntStatus' set but not used [-Wunused-but-set-variable]
  104 |         static uint8_t mpuIntStatus;
      |                        ^~~~~~~~~~~~
arm-none-eabi-gcc -o "gyrotry.elf" @"objects.list"   -mcpu=cortex-m4 -T"C:\Users\mizun\Documents\GitHub\2024_Oidengiken\cubeIDE\gyro\gyrotry\STM32F303K8TX_FLASH.ld" --specs=nosys.specs -Wl,-Map="gyrotry.map" -Wl,--gc-sections -static --specs=nano.specs -mfpu=fpv4-sp-d16 -mfloat-abi=hard -mthumb -Wl,--start-group -lc -lm -Wl,--end-group
Finished building target: gyrotry.elf
 
arm-none-eabi-size  gyrotry.elf 
arm-none-eabi-objdump -h -S gyrotry.elf  > "gyrotry.list"
   text	   data	    bss	    dec	    hex	filename
  19004	    104	   2296	  21404	   539c	gyrotry.elf
Finished building: default.size.stdout
 
Finished building: gyrotry.list
 
22:29:46 **** Build of configuration Debug for project gyro_nolibrary ****
make -j16 all 
arm-none-eabi-gcc "../Drivers/STM32F3xx_HAL_Driver/Src/stm32f3xx_hal.c" -mcpu=cortex-m4 -std=gnu11 -g3 -DDEBUG -DUSE_HAL_DRIVER -DSTM32F303x8 -c -I../Core/Inc -I../Drivers/STM32F3xx_HAL_Driver/Inc -I../Drivers/STM32F3xx_HAL_Driver/Inc/Legacy -I../Drivers/CMSIS/Device/ST/STM32F3xx/Include -I../Drivers/CMSIS/Include -O0 -ffunction-sections -fdata-sections -Wall -fstack-usage -fcyclomatic-complexity -MMD -MP -MF"Drivers/STM32F3xx_HAL_Driver/Src/stm32f3xx_hal.d" -MT"Drivers/STM32F3xx_HAL_Driver/Src/stm32f3xx_hal.o" --specs=nano.specs -mfpu=fpv4-sp-d16 -mfloat-abi=hard -mthumb -o "Drivers/STM32F3xx_HAL_Driver/Src/stm32f3xx_hal.o"
arm-none-eabi-gcc "../Drivers/STM32F3xx_HAL_Driver/Src/stm32f3xx_hal_cortex.c" -mcpu=cortex-m4 -std=gnu11 -g3 -DDEBUG -DUSE_HAL_DRIVER -DSTM32F303x8 -c -I../Core/Inc -I../Drivers/STM32F3xx_HAL_Driver/Inc -I../Drivers/STM32F3xx_HAL_Driver/Inc/Legacy -I../Drivers/CMSIS/Device/ST/STM32F3xx/Include -I../Drivers/CMSIS/Include -O0 -ffunction-sections -fdata-sections -Wall -fstack-usage -fcyclomatic-complexity -MMD -MP -MF"Drivers/STM32F3xx_HAL_Driver/Src/stm32f3xx_hal_cortex.d" -MT"Drivers/STM32F3xx_HAL_Driver/Src/stm32f3xx_hal_cortex.o" --specs=nano.specs -mfpu=fpv4-sp-d16 -mfloat-abi=hard -mthumb -o "Drivers/STM32F3xx_HAL_Driver/Src/stm32f3xx_hal_cortex.o"
arm-none-eabi-gcc "../Drivers/STM32F3xx_HAL_Driver/Src/stm32f3xx_hal_dma.c" -mcpu=cortex-m4 -std=gnu11 -g3 -DDEBUG -DUSE_HAL_DRIVER -DSTM32F303x8 -c -I../Core/Inc -I../Drivers/STM32F3xx_HAL_Driver/Inc -I../Drivers/STM32F3xx_HAL_Driver/Inc/Legacy -I../Drivers/CMSIS/Device/ST/STM32F3xx/Include -I../Drivers/CMSIS/Include -O0 -ffunction-sections -fdata-sections -Wall -fstack-usage -fcyclomatic-complexity -MMD -MP -MF"Drivers/STM32F3xx_HAL_Driver/Src/stm32f3xx_hal_dma.d" -MT"Drivers/STM32F3xx_HAL_Driver/Src/stm32f3xx_hal_dma.o" --specs=nano.specs -mfpu=fpv4-sp-d16 -mfloat-abi=hard -mthumb -o "Drivers/STM32F3xx_HAL_Driver/Src/stm32f3xx_hal_dma.o"
arm-none-eabi-gcc "../Drivers/STM32F3xx_HAL_Driver/Src/stm32f3xx_hal_exti.c" -mcpu=cortex-m4 -std=gnu11 -g3 -DDEBUG -DUSE_HAL_DRIVER -DSTM32F303x8 -c -I../Core/Inc -I../Drivers/STM32F3xx_HAL_Driver/Inc -I../Drivers/STM32F3xx_HAL_Driver/Inc/Legacy -I../Drivers/CMSIS/Device/ST/STM32F3xx/Include -I../Drivers/CMSIS/Include -O0 -ffunction-sections -fdata-sections -Wall -fstack-usage -fcyclomatic-complexity -MMD -MP -MF"Drivers/STM32F3xx_HAL_Driver/Src/stm32f3xx_hal_exti.d" -MT"Drivers/STM32F3xx_HAL_Driver/Src/stm32f3xx_hal_exti.o" --specs=nano.specs -mfpu=fpv4-sp-d16 -mfloat-abi=hard -mthumb -o "Drivers/STM32F3xx_HAL_Driver/Src/stm32f3xx_hal_exti.o"
arm-none-eabi-gcc "../Drivers/STM32F3xx_HAL_Driver/Src/stm32f3xx_hal_flash.c" -mcpu=cortex-m4 -std=gnu11 -g3 -DDEBUG -DUSE_HAL_DRIVER -DSTM32F303x8 -c -I../Core/Inc -I../Drivers/STM32F3xx_HAL_Driver/Inc -I../Drivers/STM32F3xx_HAL_Driver/Inc/Legacy -I../Drivers/CMSIS/Device/ST/STM32F3xx/Include -I../Drivers/CMSIS/Include -O0 -ffunction-sections -fdata-sections -Wall -fstack-usage -fcyclomatic-complexity -MMD -MP -MF"Drivers/STM32F3xx_HAL_Driver/Src/stm32f3xx_hal_flash.d" -MT"Drivers/STM32F3xx_HAL_Driver/Src/stm32f3xx_hal_flash.o" --specs=nano.specs -mfpu=fpv4-sp-d16 -mfloat-abi=hard -mthumb -o "Drivers/STM32F3xx_HAL_Driver/Src/stm32f3xx_hal_flash.o"
arm-none-eabi-gcc "../Drivers/STM32F3xx_HAL_Driver/Src/stm32f3xx_hal_flash_ex.c" -mcpu=cortex-m4 -std=gnu11 -g3 -DDEBUG -DUSE_HAL_DRIVER -DSTM32F303x8 -c -I../Core/Inc -I../Drivers/STM32F3xx_HAL_Driver/Inc -I../Drivers/STM32F3xx_HAL_Driver/Inc/Legacy -I../Drivers/CMSIS/Device/ST/STM32F3xx/Include -I../Drivers/CMSIS/Include -O0 -ffunction-sections -fdata-sections -Wall -fstack-usage -fcyclomatic-complexity -MMD -MP -MF"Drivers/STM32F3xx_HAL_Driver/Src/stm32f3xx_hal_flash_ex.d" -MT"Drivers/STM32F3xx_HAL_Driver/Src/stm32f3xx_hal_flash_ex.o" --specs=nano.specs -mfpu=fpv4-sp-d16 -mfloat-abi=hard -mthumb -o "Drivers/STM32F3xx_HAL_Driver/Src/stm32f3xx_hal_flash_ex.o"
arm-none-eabi-gcc "../Drivers/STM32F3xx_HAL_Driver/Src/stm32f3xx_hal_gpio.c" -mcpu=cortex-m4 -std=gnu11 -g3 -DDEBUG -DUSE_HAL_DRIVER -DSTM32F303x8 -c -I../Core/Inc -I../Drivers/STM32F3xx_HAL_Driver/Inc -I../Drivers/STM32F3xx_HAL_Driver/Inc/Legacy -I../Drivers/CMSIS/Device/ST/STM32F3xx/Include -I../Drivers/CMSIS/Include -O0 -ffunction-sections -fdata-sections -Wall -fstack-usage -fcyclomatic-complexity -MMD -MP -MF"Drivers/STM32F3xx_HAL_Driver/Src/stm32f3xx_hal_gpio.d" -MT"Drivers/STM32F3xx_HAL_Driver/Src/stm32f3xx_hal_gpio.o" --specs=nano.specs -mfpu=fpv4-sp-d16 -mfloat-abi=hard -mthumb -o "Drivers/STM32F3xx_HAL_Driver/Src/stm32f3xx_hal_gpio.o"
arm-none-eabi-gcc "../Drivers/STM32F3xx_HAL_Driver/Src/stm32f3xx_hal_i2c.c" -mcpu=cortex-m4 -std=gnu11 -g3 -DDEBUG -DUSE_HAL_DRIVER -DSTM32F303x8 -c -I../Core/Inc -I../Drivers/STM32F3xx_HAL_Driver/Inc -I../Drivers/STM32F3xx_HAL_Driver/Inc/Legacy -I../Drivers/CMSIS/Device/ST/STM32F3xx/Include -I../Drivers/CMSIS/Include -O0 -ffunction-sections -fdata-sections -Wall -fstack-usage -fcyclomatic-complexity -MMD -MP -MF"Drivers/STM32F3xx_HAL_Driver/Src/stm32f3xx_hal_i2c.d" -MT"Drivers/STM32F3xx_HAL_Driver/Src/stm32f3xx_hal_i2c.o" --specs=nano.specs -mfpu=fpv4-sp-d16 -mfloat-abi=hard -mthumb -o "Drivers/STM32F3xx_HAL_Driver/Src/stm32f3xx_hal_i2c.o"
arm-none-eabi-gcc "../Drivers/STM32F3xx_HAL_Driver/Src/stm32f3xx_hal_i2c_ex.c" -mcpu=cortex-m4 -std=gnu11 -g3 -DDEBUG -DUSE_HAL_DRIVER -DSTM32F303x8 -c -I../Core/Inc -I../Drivers/STM32F3xx_HAL_Driver/Inc -I../Drivers/STM32F3xx_HAL_Driver/Inc/Legacy -I../Drivers/CMSIS/Device/ST/STM32F3xx/Include -I../Drivers/CMSIS/Include -O0 -ffunction-sections -fdata-sections -Wall -fstack-usage -fcyclomatic-complexity -MMD -MP -MF"Drivers/STM32F3xx_HAL_Driver/Src/stm32f3xx_hal_i2c_ex.d" -MT"Drivers/STM32F3xx_HAL_Driver/Src/stm32f3xx_hal_i2c_ex.o" --specs=nano.specs -mfpu=fpv4-sp-d16 -mfloat-abi=hard -mthumb -o "Drivers/STM32F3xx_HAL_Driver/Src/stm32f3xx_hal_i2c_ex.o"
arm-none-eabi-gcc "../Drivers/STM32F3xx_HAL_Driver/Src/stm32f3xx_hal_pwr.c" -mcpu=cortex-m4 -std=gnu11 -g3 -DDEBUG -DUSE_HAL_DRIVER -DSTM32F303x8 -c -I../Core/Inc -I../Drivers/STM32F3xx_HAL_Driver/Inc -I../Drivers/STM32F3xx_HAL_Driver/Inc/Legacy -I../Drivers/CMSIS/Device/ST/STM32F3xx/Include -I../Drivers/CMSIS/Include -O0 -ffunction-sections -fdata-sections -Wall -fstack-usage -fcyclomatic-complexity -MMD -MP -MF"Drivers/STM32F3xx_HAL_Driver/Src/stm32f3xx_hal_pwr.d" -MT"Drivers/STM32F3xx_HAL_Driver/Src/stm32f3xx_hal_pwr.o" --specs=nano.specs -mfpu=fpv4-sp-d16 -mfloat-abi=hard -mthumb -o "Drivers/STM32F3xx_HAL_Driver/Src/stm32f3xx_hal_pwr.o"
arm-none-eabi-gcc "../Drivers/STM32F3xx_HAL_Driver/Src/stm32f3xx_hal_pwr_ex.c" -mcpu=cortex-m4 -std=gnu11 -g3 -DDEBUG -DUSE_HAL_DRIVER -DSTM32F303x8 -c -I../Core/Inc -I../Drivers/STM32F3xx_HAL_Driver/Inc -I../Drivers/STM32F3xx_HAL_Driver/Inc/Legacy -I../Drivers/CMSIS/Device/ST/STM32F3xx/Include -I../Drivers/CMSIS/Include -O0 -ffunction-sections -fdata-sections -Wall -fstack-usage -fcyclomatic-complexity -MMD -MP -MF"Drivers/STM32F3xx_HAL_Driver/Src/stm32f3xx_hal_pwr_ex.d" -MT"Drivers/STM32F3xx_HAL_Driver/Src/stm32f3xx_hal_pwr_ex.o" --specs=nano.specs -mfpu=fpv4-sp-d16 -mfloat-abi=hard -mthumb -o "Drivers/STM32F3xx_HAL_Driver/Src/stm32f3xx_hal_pwr_ex.o"
arm-none-eabi-gcc "../Drivers/STM32F3xx_HAL_Driver/Src/stm32f3xx_hal_rcc.c" -mcpu=cortex-m4 -std=gnu11 -g3 -DDEBUG -DUSE_HAL_DRIVER -DSTM32F303x8 -c -I../Core/Inc -I../Drivers/STM32F3xx_HAL_Driver/Inc -I../Drivers/STM32F3xx_HAL_Driver/Inc/Legacy -I../Drivers/CMSIS/Device/ST/STM32F3xx/Include -I../Drivers/CMSIS/Include -O0 -ffunction-sections -fdata-sections -Wall -fstack-usage -fcyclomatic-complexity -MMD -MP -MF"Drivers/STM32F3xx_HAL_Driver/Src/stm32f3xx_hal_rcc.d" -MT"Drivers/STM32F3xx_HAL_Driver/Src/stm32f3xx_hal_rcc.o" --specs=nano.specs -mfpu=fpv4-sp-d16 -mfloat-abi=hard -mthumb -o "Drivers/STM32F3xx_HAL_Driver/Src/stm32f3xx_hal_rcc.o"
arm-none-eabi-gcc "../Drivers/STM32F3xx_HAL_Driver/Src/stm32f3xx_hal_rcc_ex.c" -mcpu=cortex-m4 -std=gnu11 -g3 -DDEBUG -DUSE_HAL_DRIVER -DSTM32F303x8 -c -I../Core/Inc -I../Drivers/STM32F3xx_HAL_Driver/Inc -I../Drivers/STM32F3xx_HAL_Driver/Inc/Legacy -I../Drivers/CMSIS/Device/ST/STM32F3xx/Include -I../Drivers/CMSIS/Include -O0 -ffunction-sections -fdata-sections -Wall -fstack-usage -fcyclomatic-complexity -MMD -MP -MF"Drivers/STM32F3xx_HAL_Driver/Src/stm32f3xx_hal_rcc_ex.d" -MT"Drivers/STM32F3xx_HAL_Driver/Src/stm32f3xx_hal_rcc_ex.o" --specs=nano.specs -mfpu=fpv4-sp-d16 -mfloat-abi=hard -mthumb -o "Drivers/STM32F3xx_HAL_Driver/Src/stm32f3xx_hal_rcc_ex.o"
arm-none-eabi-gcc "../Drivers/STM32F3xx_HAL_Driver/Src/stm32f3xx_hal_tim.c" -mcpu=cortex-m4 -std=gnu11 -g3 -DDEBUG -DUSE_HAL_DRIVER -DSTM32F303x8 -c -I../Core/Inc -I../Drivers/STM32F3xx_HAL_Driver/Inc -I../Drivers/STM32F3xx_HAL_Driver/Inc/Legacy -I../Drivers/CMSIS/Device/ST/STM32F3xx/Include -I../Drivers/CMSIS/Include -O0 -ffunction-sections -fdata-sections -Wall -fstack-usage -fcyclomatic-complexity -MMD -MP -MF"Drivers/STM32F3xx_HAL_Driver/Src/stm32f3xx_hal_tim.d" -MT"Drivers/STM32F3xx_HAL_Driver/Src/stm32f3xx_hal_tim.o" --specs=nano.specs -mfpu=fpv4-sp-d16 -mfloat-abi=hard -mthumb -o "Drivers/STM32F3xx_HAL_Driver/Src/stm32f3xx_hal_tim.o"
arm-none-eabi-gcc "../Drivers/STM32F3xx_HAL_Driver/Src/stm32f3xx_hal_tim_ex.c" -mcpu=cortex-m4 -std=gnu11 -g3 -DDEBUG -DUSE_HAL_DRIVER -DSTM32F303x8 -c -I../Core/Inc -I../Drivers/STM32F3xx_HAL_Driver/Inc -I../Drivers/STM32F3xx_HAL_Driver/Inc/Legacy -I../Drivers/CMSIS/Device/ST/STM32F3xx/Include -I../Drivers/CMSIS/Include -O0 -ffunction-sections -fdata-sections -Wall -fstack-usage -fcyclomatic-complexity -MMD -MP -MF"Drivers/STM32F3xx_HAL_Driver/Src/stm32f3xx_hal_tim_ex.d" -MT"Drivers/STM32F3xx_HAL_Driver/Src/stm32f3xx_hal_tim_ex.o" --specs=nano.specs -mfpu=fpv4-sp-d16 -mfloat-abi=hard -mthumb -o "Drivers/STM32F3xx_HAL_Driver/Src/stm32f3xx_hal_tim_ex.o"
arm-none-eabi-gcc "../Drivers/STM32F3xx_HAL_Driver/Src/stm32f3xx_hal_uart.c" -mcpu=cortex-m4 -std=gnu11 -g3 -DDEBUG -DUSE_HAL_DRIVER -DSTM32F303x8 -c -I../Core/Inc -I../Drivers/STM32F3xx_HAL_Driver/Inc -I../Drivers/STM32F3xx_HAL_Driver/Inc/Legacy -I../Drivers/CMSIS/Device/ST/STM32F3xx/Include -I../Drivers/CMSIS/Include -O0 -ffunction-sections -fdata-sections -Wall -fstack-usage -fcyclomatic-complexity -MMD -MP -MF"Drivers/STM32F3xx_HAL_Driver/Src/stm32f3xx_hal_uart.d" -MT"Drivers/STM32F3xx_HAL_Driver/Src/stm32f3xx_hal_uart.o" --specs=nano.specs -mfpu=fpv4-sp-d16 -mfloat-abi=hard -mthumb -o "Drivers/STM32F3xx_HAL_Driver/Src/stm32f3xx_hal_uart.o"
arm-none-eabi-gcc "../Drivers/STM32F3xx_HAL_Driver/Src/stm32f3xx_hal_uart_ex.c" -mcpu=cortex-m4 -std=gnu11 -g3 -DDEBUG -DUSE_HAL_DRIVER -DSTM32F303x8 -c -I../Core/Inc -I../Drivers/STM32F3xx_HAL_Driver/Inc -I../Drivers/STM32F3xx_HAL_Driver/Inc/Legacy -I../Drivers/CMSIS/Device/ST/STM32F3xx/Include -I../Drivers/CMSIS/Include -O0 -ffunction-sections -fdata-sections -Wall -fstack-usage -fcyclomatic-complexity -MMD -MP -MF"Drivers/STM32F3xx_HAL_Driver/Src/stm32f3xx_hal_uart_ex.d" -MT"Drivers/STM32F3xx_HAL_Driver/Src/stm32f3xx_hal_uart_ex.o" --specs=nano.specs -mfpu=fpv4-sp-d16 -mfloat-abi=hard -mthumb -o "Drivers/STM32F3xx_HAL_Driver/Src/stm32f3xx_hal_uart_ex.o"
arm-none-eabi-gcc -mcpu=cortex-m4 -g3 -DDEBUG -c -x assembler-with-cpp -MMD -MP -MF"Core/Startup/startup_stm32f303k8tx.d" -MT"Core/Startup/startup_stm32f303k8tx.o" --specs=nano.specs -mfpu=fpv4-sp-d16 -mfloat-abi=hard -mthumb -o "Core/Startup/startup_stm32f303k8tx.o" "../Core/Startup/startup_stm32f303k8tx.s"
arm-none-eabi-gcc "../Core/Src/main.c" -mcpu=cortex-m4 -std=gnu11 -g3 -DDEBUG -DUSE_HAL_DRIVER -DSTM32F303x8 -c -I../Core/Inc -I../Drivers/STM32F3xx_HAL_Driver/Inc -I../Drivers/STM32F3xx_HAL_Driver/Inc/Legacy -I../Drivers/CMSIS/Device/ST/STM32F3xx/Include -I../Drivers/CMSIS/Include -O0 -ffunction-sections -fdata-sections -Wall -fstack-usage -fcyclomatic-complexity -MMD -MP -MF"Core/Src/main.d" -MT"Core/Src/main.o" --specs=nano.specs -mfpu=fpv4-sp-d16 -mfloat-abi=hard -mthumb -o "Core/Src/main.o"
arm-none-eabi-gcc "../Core/Src/stm32f3xx_hal_msp.c" -mcpu=cortex-m4 -std=gnu11 -g3 -DDEBUG -DUSE_HAL_DRIVER -DSTM32F303x8 -c -I../Core/Inc -I../Drivers/STM32F3xx_HAL_Driver/Inc -I../Drivers/STM32F3xx_HAL_Driver/Inc/Legacy -I../Drivers/CMSIS/Device/ST/STM32F3xx/Include -I../Drivers/CMSIS/Include -O0 -ffunction-sections -fdata-sections -Wall -fstack-usage -fcyclomatic-complexity -MMD -MP -MF"Core/Src/stm32f3xx_hal_msp.d" -MT"Core/Src/stm32f3xx_hal_msp.o" --specs=nano.specs -mfpu=fpv4-sp-d16 -mfloat-abi=hard -mthumb -o "Core/Src/stm32f3xx_hal_msp.o"
arm-none-eabi-gcc "../Core/Src/stm32f3xx_it.c" -mcpu=cortex-m4 -std=gnu11 -g3 -DDEBUG -DUSE_HAL_DRIVER -DSTM32F303x8 -c -I../Core/Inc -I../Drivers/STM32F3xx_HAL_Driver/Inc -I../Drivers/STM32F3xx_HAL_Driver/Inc/Legacy -I../Drivers/CMSIS/Device/ST/STM32F3xx/Include -I../Drivers/CMSIS/Include -O0 -ffunction-sections -fdata-sections -Wall -fstack-usage -fcyclomatic-complexity -MMD -MP -MF"Core/Src/stm32f3xx_it.d" -MT"Core/Src/stm32f3xx_it.o" --specs=nano.specs -mfpu=fpv4-sp-d16 -mfloat-abi=hard -mthumb -o "Core/Src/stm32f3xx_it.o"
arm-none-eabi-gcc "../Core/Src/syscalls.c" -mcpu=cortex-m4 -std=gnu11 -g3 -DDEBUG -DUSE_HAL_DRIVER -DSTM32F303x8 -c -I../Core/Inc -I../Drivers/STM32F3xx_HAL_Driver/Inc -I../Drivers/STM32F3xx_HAL_Driver/Inc/Legacy -I../Drivers/CMSIS/Device/ST/STM32F3xx/Include -I../Drivers/CMSIS/Include -O0 -ffunction-sections -fdata-sections -Wall -fstack-usage -fcyclomatic-complexity -MMD -MP -MF"Core/Src/syscalls.d" -MT"Core/Src/syscalls.o" --specs=nano.specs -mfpu=fpv4-sp-d16 -mfloat-abi=hard -mthumb -o "Core/Src/syscalls.o"
arm-none-eabi-gcc "../Core/Src/sysmem.c" -mcpu=cortex-m4 -std=gnu11 -g3 -DDEBUG -DUSE_HAL_DRIVER -DSTM32F303x8 -c -I../Core/Inc -I../Drivers/STM32F3xx_HAL_Driver/Inc -I../Drivers/STM32F3xx_HAL_Driver/Inc/Legacy -I../Drivers/CMSIS/Device/ST/STM32F3xx/Include -I../Drivers/CMSIS/Include -O0 -ffunction-sections -fdata-sections -Wall -fstack-usage -fcyclomatic-complexity -MMD -MP -MF"Core/Src/sysmem.d" -MT"Core/Src/sysmem.o" --specs=nano.specs -mfpu=fpv4-sp-d16 -mfloat-abi=hard -mthumb -o "Core/Src/sysmem.o"
arm-none-eabi-gcc "../Core/Src/system_stm32f3xx.c" -mcpu=cortex-m4 -std=gnu11 -g3 -DDEBUG -DUSE_HAL_DRIVER -DSTM32F303x8 -c -I../Core/Inc -I../Drivers/STM32F3xx_HAL_Driver/Inc -I../Drivers/STM32F3xx_HAL_Driver/Inc/Legacy -I../Drivers/CMSIS/Device/ST/STM32F3xx/Include -I../Drivers/CMSIS/Include -O0 -ffunction-sections -fdata-sections -Wall -fstack-usage -fcyclomatic-complexity -MMD -MP -MF"Core/Src/system_stm32f3xx.d" -MT"Core/Src/system_stm32f3xx.o" --specs=nano.specs -mfpu=fpv4-sp-d16 -mfloat-abi=hard -mthumb -o "Core/Src/system_stm32f3xx.o"
../Core/Src/main.c: In function 'main':
../Core/Src/main.c:131:3: warning: implicit declaration of function 'sprintf' [-Wimplicit-function-declaration]
  131 |   sprintf(str, "%d\n\r", buff);
      |   ^~~~~~~
../Core/Src/main.c:21:1: note: include '<stdio.h>' or provide a declaration of 'sprintf'
   20 | #include "main.h"
  +++ |+#include <stdio.h>
   21 | 
../Core/Src/main.c:131:3: warning: incompatible implicit declaration of built-in function 'sprintf' [-Wbuiltin-declaration-mismatch]
  131 |   sprintf(str, "%d\n\r", buff);
      |   ^~~~~~~
../Core/Src/main.c:131:3: note: include '<stdio.h>' or provide a declaration of 'sprintf'
../Core/Src/main.c:131:11: warning: passing argument 1 of 'sprintf' makes pointer from integer without a cast [-Wint-conversion]
  131 |   sprintf(str, "%d\n\r", buff);
      |           ^~~
      |           |
      |           char
../Core/Src/main.c:131:11: note: expected 'char *' but argument is of type 'char'
../Core/Src/main.c:132:36: warning: implicit declaration of function 'strlen' [-Wimplicit-function-declaration]
  132 |   HAL_UART_Transmit(&huart2, &str, strlen(str), 1000);
      |                                    ^~~~~~
../Core/Src/main.c:21:1: note: include '<string.h>' or provide a declaration of 'strlen'
   20 | #include "main.h"
  +++ |+#include <string.h>
   21 | 
../Core/Src/main.c:132:36: warning: incompatible implicit declaration of built-in function 'strlen' [-Wbuiltin-declaration-mismatch]
  132 |   HAL_UART_Transmit(&huart2, &str, strlen(str), 1000);
      |                                    ^~~~~~
../Core/Src/main.c:132:36: note: include '<string.h>' or provide a declaration of 'strlen'
../Core/Src/main.c:132:43: warning: passing argument 1 of 'strlen' makes pointer from integer without a cast [-Wint-conversion]
  132 |   HAL_UART_Transmit(&huart2, &str, strlen(str), 1000);
      |                                           ^~~
      |                                           |
      |                                           char
../Core/Src/main.c:132:43: note: expected 'const char *' but argument is of type 'char'
../Core/Src/main.c:132:30: warning: pointer targets in passing argument 2 of 'HAL_UART_Transmit' differ in signedness [-Wpointer-sign]
  132 |   HAL_UART_Transmit(&huart2, &str, strlen(str), 1000);
      |                              ^~~~
      |                              |
      |                              char *
In file included from ../Core/Inc/stm32f3xx_hal_conf.h:327,
                 from ../Drivers/STM32F3xx_HAL_Driver/Inc/stm32f3xx_hal.h:29,
                 from ../Core/Inc/main.h:30,
                 from ../Core/Src/main.c:20:
../Drivers/STM32F3xx_HAL_Driver/Inc/stm32f3xx_hal_uart.h:1486:79: note: expected 'const uint8_t *' {aka 'const unsigned char *'} but argument is of type 'char *'
 1486 | HAL_StatusTypeDef HAL_UART_Transmit(UART_HandleTypeDef *huart, const uint8_t *pData, uint16_t Size, uint32_t Timeout);
      |                                                                ~~~~~~~~~~~~~~~^~~~~
arm-none-eabi-gcc -o "gyro_nolibrary.elf" @"objects.list"   -mcpu=cortex-m4 -T"C:\Users\mizun\Documents\GitHub\2024_Oidengiken\cubeIDE\gyro\gyro_nolibrary\STM32F303K8TX_FLASH.ld" --specs=nosys.specs -Wl,-Map="gyro_nolibrary.map" -Wl,--gc-sections -static --specs=nano.specs -mfpu=fpv4-sp-d16 -mfloat-abi=hard -mthumb -Wl,--start-group -lc -lm -Wl,--end-group
Finished building target: gyro_nolibrary.elf
 
arm-none-eabi-size  gyro_nolibrary.elf 
arm-none-eabi-objdump -h -S gyro_nolibrary.elf  > "gyro_nolibrary.list"
   text	   data	    bss	    dec	    hex	filename
  17400	    100	   2260	  19760	   4d30	gyro_nolibrary.elf
Finished building: default.size.stdout
 
Finished building: gyro_nolibrary.list
 
22:30:00 **** Incremental Build of configuration Debug for project gyro_nolibrary ****
make -j16 all 
arm-none-eabi-gcc "../Core/Src/main.c" -mcpu=cortex-m4 -std=gnu11 -g3 -DDEBUG -DUSE_HAL_DRIVER -DSTM32F303x8 -c -I../Core/Inc -I../Drivers/STM32F3xx_HAL_Driver/Inc -I../Drivers/STM32F3xx_HAL_Driver/Inc/Legacy -I../Drivers/CMSIS/Device/ST/STM32F3xx/Include -I../Drivers/CMSIS/Include -O0 -ffunction-sections -fdata-sections -Wall -fstack-usage -fcyclomatic-complexity -MMD -MP -MF"Core/Src/main.d" -MT"Core/Src/main.o" --specs=nano.specs -mfpu=fpv4-sp-d16 -mfloat-abi=hard -mthumb -o "Core/Src/main.o"
../Core/Src/main.c: In function 'main':
../Core/Src/main.c:134:9: warning: implicit declaration of function 'sprintf' [-Wimplicit-function-declaration]
  134 |         sprintf(str, "%d\n\r", buff);
      |         ^~~~~~~
../Core/Src/main.c:21:1: note: include '<stdio.h>' or provide a declaration of 'sprintf'
   20 | #include "main.h"
  +++ |+#include <stdio.h>
   21 | 
../Core/Src/main.c:134:9: warning: incompatible implicit declaration of built-in function 'sprintf' [-Wbuiltin-declaration-mismatch]
  134 |         sprintf(str, "%d\n\r", buff);
      |         ^~~~~~~
../Core/Src/main.c:134:9: note: include '<stdio.h>' or provide a declaration of 'sprintf'
../Core/Src/main.c:134:17: warning: passing argument 1 of 'sprintf' makes pointer from integer without a cast [-Wint-conversion]
  134 |         sprintf(str, "%d\n\r", buff);
      |                 ^~~
      |                 |
      |                 char
../Core/Src/main.c:134:17: note: expected 'char *' but argument is of type 'char'
../Core/Src/main.c:135:42: warning: implicit declaration of function 'strlen' [-Wimplicit-function-declaration]
  135 |         HAL_UART_Transmit(&huart2, &str, strlen(str), 1000);
      |                                          ^~~~~~
../Core/Src/main.c:21:1: note: include '<string.h>' or provide a declaration of 'strlen'
   20 | #include "main.h"
  +++ |+#include <string.h>
   21 | 
../Core/Src/main.c:135:42: warning: incompatible implicit declaration of built-in function 'strlen' [-Wbuiltin-declaration-mismatch]
  135 |         HAL_UART_Transmit(&huart2, &str, strlen(str), 1000);
      |                                          ^~~~~~
../Core/Src/main.c:135:42: note: include '<string.h>' or provide a declaration of 'strlen'
../Core/Src/main.c:135:49: warning: passing argument 1 of 'strlen' makes pointer from integer without a cast [-Wint-conversion]
  135 |         HAL_UART_Transmit(&huart2, &str, strlen(str), 1000);
      |                                                 ^~~
      |                                                 |
      |                                                 char
../Core/Src/main.c:135:49: note: expected 'const char *' but argument is of type 'char'
../Core/Src/main.c:135:36: warning: pointer targets in passing argument 2 of 'HAL_UART_Transmit' differ in signedness [-Wpointer-sign]
  135 |         HAL_UART_Transmit(&huart2, &str, strlen(str), 1000);
      |                                    ^~~~
      |                                    |
      |                                    char *
In file included from ../Core/Inc/stm32f3xx_hal_conf.h:327,
                 from ../Drivers/STM32F3xx_HAL_Driver/Inc/stm32f3xx_hal.h:29,
                 from ../Core/Inc/main.h:30,
                 from ../Core/Src/main.c:20:
../Drivers/STM32F3xx_HAL_Driver/Inc/stm32f3xx_hal_uart.h:1486:79: note: expected 'const uint8_t *' {aka 'const unsigned char *'} but argument is of type 'char *'
 1486 | HAL_StatusTypeDef HAL_UART_Transmit(UART_HandleTypeDef *huart, const uint8_t *pData, uint16_t Size, uint32_t Timeout);
      |                                                                ~~~~~~~~~~~~~~~^~~~~
../Core/Src/main.c:141:17: warning: passing argument 1 of 'sprintf' makes pointer from integer without a cast [-Wint-conversion]
  141 |         sprintf(str, "%d\n\r", buff);
      |                 ^~~
      |                 |
      |                 char
../Core/Src/main.c:141:17: note: expected 'char *' but argument is of type 'char'
../Core/Src/main.c:142:49: warning: passing argument 1 of 'strlen' makes pointer from integer without a cast [-Wint-conversion]
  142 |         HAL_UART_Transmit(&huart2, &str, strlen(str), 1000);
      |                                                 ^~~
      |                                                 |
      |                                                 char
../Core/Src/main.c:142:49: note: expected 'const char *' but argument is of type 'char'
../Core/Src/main.c:142:36: warning: pointer targets in passing argument 2 of 'HAL_UART_Transmit' differ in signedness [-Wpointer-sign]
  142 |         HAL_UART_Transmit(&huart2, &str, strlen(str), 1000);
      |                                    ^~~~
      |                                    |
      |                                    char *
In file included from ../Core/Inc/stm32f3xx_hal_conf.h:327,
                 from ../Drivers/STM32F3xx_HAL_Driver/Inc/stm32f3xx_hal.h:29,
                 from ../Core/Inc/main.h:30,
                 from ../Core/Src/main.c:20:
../Drivers/STM32F3xx_HAL_Driver/Inc/stm32f3xx_hal_uart.h:1486:79: note: expected 'const uint8_t *' {aka 'const unsigned char *'} but argument is of type 'char *'
 1486 | HAL_StatusTypeDef HAL_UART_Transmit(UART_HandleTypeDef *huart, const uint8_t *pData, uint16_t Size, uint32_t Timeout);
      |                                                                ~~~~~~~~~~~~~~~^~~~~
arm-none-eabi-gcc -o "gyro_nolibrary.elf" @"objects.list"   -mcpu=cortex-m4 -T"C:\Users\mizun\Documents\GitHub\2024_Oidengiken\cubeIDE\gyro\gyro_nolibrary\STM32F303K8TX_FLASH.ld" --specs=nosys.specs -Wl,-Map="gyro_nolibrary.map" -Wl,--gc-sections -static --specs=nano.specs -mfpu=fpv4-sp-d16 -mfloat-abi=hard -mthumb -Wl,--start-group -lc -lm -Wl,--end-group
Finished building target: gyro_nolibrary.elf
 
arm-none-eabi-size  gyro_nolibrary.elf 
arm-none-eabi-objdump -h -S gyro_nolibrary.elf  > "gyro_nolibrary.list"
   text	   data	    bss	    dec	    hex	filename
  17468	    100	   2260	  19828	   4d74	gyro_nolibrary.elf
Finished building: default.size.stdout
 
Finished building: gyro_nolibrary.list
 
22:30:58 **** Incremental Build of configuration Debug for project gyro_nolibrary ****
make -j16 all 
arm-none-eabi-gcc "../Core/Src/main.c" -mcpu=cortex-m4 -std=gnu11 -g3 -DDEBUG -DUSE_HAL_DRIVER -DSTM32F303x8 -c -I../Core/Inc -I../Drivers/STM32F3xx_HAL_Driver/Inc -I../Drivers/STM32F3xx_HAL_Driver/Inc/Legacy -I../Drivers/CMSIS/Device/ST/STM32F3xx/Include -I../Drivers/CMSIS/Include -O0 -ffunction-sections -fdata-sections -Wall -fstack-usage -fcyclomatic-complexity -MMD -MP -MF"Core/Src/main.d" -MT"Core/Src/main.o" --specs=nano.specs -mfpu=fpv4-sp-d16 -mfloat-abi=hard -mthumb -o "Core/Src/main.o"
../Core/Src/main.c: In function 'main':
../Core/Src/main.c:134:9: warning: implicit declaration of function 'sprintf' [-Wimplicit-function-declaration]
  134 |         sprintf(str, "%d\n\r", buff);
      |         ^~~~~~~
../Core/Src/main.c:21:1: note: include '<stdio.h>' or provide a declaration of 'sprintf'
   20 | #include "main.h"
  +++ |+#include <stdio.h>
   21 | 
../Core/Src/main.c:134:9: warning: incompatible implicit declaration of built-in function 'sprintf' [-Wbuiltin-declaration-mismatch]
  134 |         sprintf(str, "%d\n\r", buff);
      |         ^~~~~~~
../Core/Src/main.c:134:9: note: include '<stdio.h>' or provide a declaration of 'sprintf'
../Core/Src/main.c:134:17: warning: passing argument 1 of 'sprintf' makes pointer from integer without a cast [-Wint-conversion]
  134 |         sprintf(str, "%d\n\r", buff);
      |                 ^~~
      |                 |
      |                 char
../Core/Src/main.c:134:17: note: expected 'char *' but argument is of type 'char'
../Core/Src/main.c:135:42: warning: implicit declaration of function 'strlen' [-Wimplicit-function-declaration]
  135 |         HAL_UART_Transmit(&huart2, &str, strlen(str), 1000);
      |                                          ^~~~~~
../Core/Src/main.c:21:1: note: include '<string.h>' or provide a declaration of 'strlen'
   20 | #include "main.h"
  +++ |+#include <string.h>
   21 | 
../Core/Src/main.c:135:42: warning: incompatible implicit declaration of built-in function 'strlen' [-Wbuiltin-declaration-mismatch]
  135 |         HAL_UART_Transmit(&huart2, &str, strlen(str), 1000);
      |                                          ^~~~~~
../Core/Src/main.c:135:42: note: include '<string.h>' or provide a declaration of 'strlen'
../Core/Src/main.c:135:49: warning: passing argument 1 of 'strlen' makes pointer from integer without a cast [-Wint-conversion]
  135 |         HAL_UART_Transmit(&huart2, &str, strlen(str), 1000);
      |                                                 ^~~
      |                                                 |
      |                                                 char
../Core/Src/main.c:135:49: note: expected 'const char *' but argument is of type 'char'
../Core/Src/main.c:135:36: warning: pointer targets in passing argument 2 of 'HAL_UART_Transmit' differ in signedness [-Wpointer-sign]
  135 |         HAL_UART_Transmit(&huart2, &str, strlen(str), 1000);
      |                                    ^~~~
      |                                    |
      |                                    char *
In file included from ../Core/Inc/stm32f3xx_hal_conf.h:327,
                 from ../Drivers/STM32F3xx_HAL_Driver/Inc/stm32f3xx_hal.h:29,
                 from ../Core/Inc/main.h:30,
                 from ../Core/Src/main.c:20:
../Drivers/STM32F3xx_HAL_Driver/Inc/stm32f3xx_hal_uart.h:1486:79: note: expected 'const uint8_t *' {aka 'const unsigned char *'} but argument is of type 'char *'
 1486 | HAL_StatusTypeDef HAL_UART_Transmit(UART_HandleTypeDef *huart, const uint8_t *pData, uint16_t Size, uint32_t Timeout);
      |                                                                ~~~~~~~~~~~~~~~^~~~~
../Core/Src/main.c:148:25: warning: passing argument 1 of 'sprintf' makes pointer from integer without a cast [-Wint-conversion]
  148 |                 sprintf(str, "%d\n\r", buff);
      |                         ^~~
      |                         |
      |                         char
../Core/Src/main.c:148:25: note: expected 'char *' but argument is of type 'char'
../Core/Src/main.c:149:57: warning: passing argument 1 of 'strlen' makes pointer from integer without a cast [-Wint-conversion]
  149 |                 HAL_UART_Transmit(&huart2, &str, strlen(str), 1000);
      |                                                         ^~~
      |                                                         |
      |                                                         char
../Core/Src/main.c:149:57: note: expected 'const char *' but argument is of type 'char'
../Core/Src/main.c:149:44: warning: pointer targets in passing argument 2 of 'HAL_UART_Transmit' differ in signedness [-Wpointer-sign]
  149 |                 HAL_UART_Transmit(&huart2, &str, strlen(str), 1000);
      |                                            ^~~~
      |                                            |
      |                                            char *
In file included from ../Core/Inc/stm32f3xx_hal_conf.h:327,
                 from ../Drivers/STM32F3xx_HAL_Driver/Inc/stm32f3xx_hal.h:29,
                 from ../Core/Inc/main.h:30,
                 from ../Core/Src/main.c:20:
../Drivers/STM32F3xx_HAL_Driver/Inc/stm32f3xx_hal_uart.h:1486:79: note: expected 'const uint8_t *' {aka 'const unsigned char *'} but argument is of type 'char *'
 1486 | HAL_StatusTypeDef HAL_UART_Transmit(UART_HandleTypeDef *huart, const uint8_t *pData, uint16_t Size, uint32_t Timeout);
      |                                                                ~~~~~~~~~~~~~~~^~~~~
At top level:
../Core/Src/main.c:109:17: warning: 'write_bits' defined but not used [-Wunused-function]
  109 |         int16_t write_bits(uint8_t regiAddr, uint8_t bitstart, uint8_t length,
      |                 ^~~~~~~~~~
arm-none-eabi-gcc -o "gyro_nolibrary.elf" @"objects.list"   -mcpu=cortex-m4 -T"C:\Users\mizun\Documents\GitHub\2024_Oidengiken\cubeIDE\gyro\gyro_nolibrary\STM32F303K8TX_FLASH.ld" --specs=nosys.specs -Wl,-Map="gyro_nolibrary.map" -Wl,--gc-sections -static --specs=nano.specs -mfpu=fpv4-sp-d16 -mfloat-abi=hard -mthumb -Wl,--start-group -lc -lm -Wl,--end-group
Finished building target: gyro_nolibrary.elf
 
arm-none-eabi-size  gyro_nolibrary.elf 
arm-none-eabi-objdump -h -S gyro_nolibrary.elf  > "gyro_nolibrary.list"
   text	   data	    bss	    dec	    hex	filename
  16528	    100	   2260	  18888	   49c8	gyro_nolibrary.elf
Finished building: default.size.stdout
 
Finished building: gyro_nolibrary.list
 
22:31:39 **** Incremental Build of configuration Debug for project gyro_nolibrary ****
make -j16 all 
arm-none-eabi-gcc "../Core/Src/main.c" -mcpu=cortex-m4 -std=gnu11 -g3 -DDEBUG -DUSE_HAL_DRIVER -DSTM32F303x8 -c -I../Core/Inc -I../Drivers/STM32F3xx_HAL_Driver/Inc -I../Drivers/STM32F3xx_HAL_Driver/Inc/Legacy -I../Drivers/CMSIS/Device/ST/STM32F3xx/Include -I../Drivers/CMSIS/Include -O0 -ffunction-sections -fdata-sections -Wall -fstack-usage -fcyclomatic-complexity -MMD -MP -MF"Core/Src/main.d" -MT"Core/Src/main.o" --specs=nano.specs -mfpu=fpv4-sp-d16 -mfloat-abi=hard -mthumb -o "Core/Src/main.o"
../Core/Src/main.c: In function 'main':
../Core/Src/main.c:149:17: warning: implicit declaration of function 'sprintf' [-Wimplicit-function-declaration]
  149 |                 sprintf(str, "%d\n\r", intbuff);
      |                 ^~~~~~~
../Core/Src/main.c:21:1: note: include '<stdio.h>' or provide a declaration of 'sprintf'
   20 | #include "main.h"
  +++ |+#include <stdio.h>
   21 | 
../Core/Src/main.c:149:17: warning: incompatible implicit declaration of built-in function 'sprintf' [-Wbuiltin-declaration-mismatch]
  149 |                 sprintf(str, "%d\n\r", intbuff);
      |                 ^~~~~~~
../Core/Src/main.c:149:17: note: include '<stdio.h>' or provide a declaration of 'sprintf'
../Core/Src/main.c:149:25: warning: passing argument 1 of 'sprintf' makes pointer from integer without a cast [-Wint-conversion]
  149 |                 sprintf(str, "%d\n\r", intbuff);
      |                         ^~~
      |                         |
      |                         char
../Core/Src/main.c:149:25: note: expected 'char *' but argument is of type 'char'
../Core/Src/main.c:150:50: warning: implicit declaration of function 'strlen' [-Wimplicit-function-declaration]
  150 |                 HAL_UART_Transmit(&huart2, &str, strlen(str), 1000);
      |                                                  ^~~~~~
../Core/Src/main.c:21:1: note: include '<string.h>' or provide a declaration of 'strlen'
   20 | #include "main.h"
  +++ |+#include <string.h>
   21 | 
../Core/Src/main.c:150:50: warning: incompatible implicit declaration of built-in function 'strlen' [-Wbuiltin-declaration-mismatch]
  150 |                 HAL_UART_Transmit(&huart2, &str, strlen(str), 1000);
      |                                                  ^~~~~~
../Core/Src/main.c:150:50: note: include '<string.h>' or provide a declaration of 'strlen'
../Core/Src/main.c:150:57: warning: passing argument 1 of 'strlen' makes pointer from integer without a cast [-Wint-conversion]
  150 |                 HAL_UART_Transmit(&huart2, &str, strlen(str), 1000);
      |                                                         ^~~
      |                                                         |
      |                                                         char
../Core/Src/main.c:150:57: note: expected 'const char *' but argument is of type 'char'
../Core/Src/main.c:150:44: warning: pointer targets in passing argument 2 of 'HAL_UART_Transmit' differ in signedness [-Wpointer-sign]
  150 |                 HAL_UART_Transmit(&huart2, &str, strlen(str), 1000);
      |                                            ^~~~
      |                                            |
      |                                            char *
In file included from ../Core/Inc/stm32f3xx_hal_conf.h:327,
                 from ../Drivers/STM32F3xx_HAL_Driver/Inc/stm32f3xx_hal.h:29,
                 from ../Core/Inc/main.h:30,
                 from ../Core/Src/main.c:20:
../Drivers/STM32F3xx_HAL_Driver/Inc/stm32f3xx_hal_uart.h:1486:79: note: expected 'const uint8_t *' {aka 'const unsigned char *'} but argument is of type 'char *'
 1486 | HAL_StatusTypeDef HAL_UART_Transmit(UART_HandleTypeDef *huart, const uint8_t *pData, uint16_t Size, uint32_t Timeout);
      |                                                                ~~~~~~~~~~~~~~~^~~~~
At top level:
../Core/Src/main.c:109:17: warning: 'write_bits' defined but not used [-Wunused-function]
  109 |         int16_t write_bits(uint8_t regiAddr, uint8_t bitstart, uint8_t length,
      |                 ^~~~~~~~~~
arm-none-eabi-gcc -o "gyro_nolibrary.elf" @"objects.list"   -mcpu=cortex-m4 -T"C:\Users\mizun\Documents\GitHub\2024_Oidengiken\cubeIDE\gyro\gyro_nolibrary\STM32F303K8TX_FLASH.ld" --specs=nosys.specs -Wl,-Map="gyro_nolibrary.map" -Wl,--gc-sections -static --specs=nano.specs -mfpu=fpv4-sp-d16 -mfloat-abi=hard -mthumb -Wl,--start-group -lc -lm -Wl,--end-group
Finished building target: gyro_nolibrary.elf
 
arm-none-eabi-size  gyro_nolibrary.elf 
arm-none-eabi-objdump -h -S gyro_nolibrary.elf  > "gyro_nolibrary.list"
   text	   data	    bss	    dec	    hex	filename
  16456	    100	   2260	  18816	   4980	gyro_nolibrary.elf
Finished building: default.size.stdout
 
Finished building: gyro_nolibrary.list
 
22:32:11 **** Incremental Build of configuration Debug for project gyro_nolibrary ****
make -j16 all 
arm-none-eabi-gcc "../Core/Src/main.c" -mcpu=cortex-m4 -std=gnu11 -g3 -DDEBUG -DUSE_HAL_DRIVER -DSTM32F303x8 -c -I../Core/Inc -I../Drivers/STM32F3xx_HAL_Driver/Inc -I../Drivers/STM32F3xx_HAL_Driver/Inc/Legacy -I../Drivers/CMSIS/Device/ST/STM32F3xx/Include -I../Drivers/CMSIS/Include -O0 -ffunction-sections -fdata-sections -Wall -fstack-usage -fcyclomatic-complexity -MMD -MP -MF"Core/Src/main.d" -MT"Core/Src/main.o" --specs=nano.specs -mfpu=fpv4-sp-d16 -mfloat-abi=hard -mthumb -o "Core/Src/main.o"
../Core/Src/main.c: In function 'main':
../Core/Src/main.c:150:17: warning: implicit declaration of function 'sprintf' [-Wimplicit-function-declaration]
  150 |                 sprintf(str, "%d\n\r", intbuff);
      |                 ^~~~~~~
../Core/Src/main.c:21:1: note: include '<stdio.h>' or provide a declaration of 'sprintf'
   20 | #include "main.h"
  +++ |+#include <stdio.h>
   21 | 
../Core/Src/main.c:150:17: warning: incompatible implicit declaration of built-in function 'sprintf' [-Wbuiltin-declaration-mismatch]
  150 |                 sprintf(str, "%d\n\r", intbuff);
      |                 ^~~~~~~
../Core/Src/main.c:150:17: note: include '<stdio.h>' or provide a declaration of 'sprintf'
../Core/Src/main.c:150:25: warning: passing argument 1 of 'sprintf' makes pointer from integer without a cast [-Wint-conversion]
  150 |                 sprintf(str, "%d\n\r", intbuff);
      |                         ^~~
      |                         |
      |                         char
../Core/Src/main.c:150:25: note: expected 'char *' but argument is of type 'char'
../Core/Src/main.c:151:50: warning: implicit declaration of function 'strlen' [-Wimplicit-function-declaration]
  151 |                 HAL_UART_Transmit(&huart2, &str, strlen(str), 1000);
      |                                                  ^~~~~~
../Core/Src/main.c:21:1: note: include '<string.h>' or provide a declaration of 'strlen'
   20 | #include "main.h"
  +++ |+#include <string.h>
   21 | 
../Core/Src/main.c:151:50: warning: incompatible implicit declaration of built-in function 'strlen' [-Wbuiltin-declaration-mismatch]
  151 |                 HAL_UART_Transmit(&huart2, &str, strlen(str), 1000);
      |                                                  ^~~~~~
../Core/Src/main.c:151:50: note: include '<string.h>' or provide a declaration of 'strlen'
../Core/Src/main.c:151:57: warning: passing argument 1 of 'strlen' makes pointer from integer without a cast [-Wint-conversion]
  151 |                 HAL_UART_Transmit(&huart2, &str, strlen(str), 1000);
      |                                                         ^~~
      |                                                         |
      |                                                         char
../Core/Src/main.c:151:57: note: expected 'const char *' but argument is of type 'char'
../Core/Src/main.c:151:44: warning: pointer targets in passing argument 2 of 'HAL_UART_Transmit' differ in signedness [-Wpointer-sign]
  151 |                 HAL_UART_Transmit(&huart2, &str, strlen(str), 1000);
      |                                            ^~~~
      |                                            |
      |                                            char *
In file included from ../Core/Inc/stm32f3xx_hal_conf.h:327,
                 from ../Drivers/STM32F3xx_HAL_Driver/Inc/stm32f3xx_hal.h:29,
                 from ../Core/Inc/main.h:30,
                 from ../Core/Src/main.c:20:
../Drivers/STM32F3xx_HAL_Driver/Inc/stm32f3xx_hal_uart.h:1486:79: note: expected 'const uint8_t *' {aka 'const unsigned char *'} but argument is of type 'char *'
 1486 | HAL_StatusTypeDef HAL_UART_Transmit(UART_HandleTypeDef *huart, const uint8_t *pData, uint16_t Size, uint32_t Timeout);
      |                                                                ~~~~~~~~~~~~~~~^~~~~
At top level:
../Core/Src/main.c:109:17: warning: 'write_bits' defined but not used [-Wunused-function]
  109 |         int16_t write_bits(uint8_t regiAddr, uint8_t bitstart, uint8_t length,
      |                 ^~~~~~~~~~
arm-none-eabi-gcc -o "gyro_nolibrary.elf" @"objects.list"   -mcpu=cortex-m4 -T"C:\Users\mizun\Documents\GitHub\2024_Oidengiken\cubeIDE\gyro\gyro_nolibrary\STM32F303K8TX_FLASH.ld" --specs=nosys.specs -Wl,-Map="gyro_nolibrary.map" -Wl,--gc-sections -static --specs=nano.specs -mfpu=fpv4-sp-d16 -mfloat-abi=hard -mthumb -Wl,--start-group -lc -lm -Wl,--end-group
Finished building target: gyro_nolibrary.elf
 
arm-none-eabi-size  gyro_nolibrary.elf 
arm-none-eabi-objdump -h -S gyro_nolibrary.elf  > "gyro_nolibrary.list"
   text	   data	    bss	    dec	    hex	filename
  16456	    100	   2260	  18816	   4980	gyro_nolibrary.elf
Finished building: default.size.stdout
 
Finished building: gyro_nolibrary.list
 
22:33:14 **** Incremental Build of configuration Debug for project gyro_nolibrary ****
make -j16 all 
arm-none-eabi-size  gyro_nolibrary.elf 
   text	   data	    bss	    dec	    hex	filename
  16456	    100	   2260	  18816	   4980	gyro_nolibrary.elf
Finished building: default.size.stdout
 
22:34:06 **** Incremental Build of configuration Debug for project gyro_nolibrary ****
make -j16 all 
arm-none-eabi-size  gyro_nolibrary.elf 
   text	   data	    bss	    dec	    hex	filename
  16456	    100	   2260	  18816	   4980	gyro_nolibrary.elf
Finished building: default.size.stdout
 
22:34:35 **** Incremental Build of configuration Debug for project gyro_nolibrary ****
make -j16 all 
arm-none-eabi-size  gyro_nolibrary.elf 
   text	   data	    bss	    dec	    hex	filename
  16456	    100	   2260	  18816	   4980	gyro_nolibrary.elf
Finished building: default.size.stdout
 
22:36:52 **** Incremental Build of configuration Debug for project gyro_nolibrary ****
make -j16 all 
arm-none-eabi-gcc "../Core/Src/main.c" -mcpu=cortex-m4 -std=gnu11 -g3 -DDEBUG -DUSE_HAL_DRIVER -DSTM32F303x8 -c -I../Core/Inc -I../Drivers/STM32F3xx_HAL_Driver/Inc -I../Drivers/STM32F3xx_HAL_Driver/Inc/Legacy -I../Drivers/CMSIS/Device/ST/STM32F3xx/Include -I../Drivers/CMSIS/Include -O0 -ffunction-sections -fdata-sections -Wall -fstack-usage -fcyclomatic-complexity -MMD -MP -MF"Core/Src/main.d" -MT"Core/Src/main.o" --specs=nano.specs -mfpu=fpv4-sp-d16 -mfloat-abi=hard -mthumb -o "Core/Src/main.o"
../Core/Src/main.c: In function 'main':
../Core/Src/main.c:150:17: warning: implicit declaration of function 'sprintf' [-Wimplicit-function-declaration]
  150 |                 sprintf(str, "%d\n\r", intbuff);
      |                 ^~~~~~~
../Core/Src/main.c:21:1: note: include '<stdio.h>' or provide a declaration of 'sprintf'
   20 | #include "main.h"
  +++ |+#include <stdio.h>
   21 | 
../Core/Src/main.c:150:17: warning: incompatible implicit declaration of built-in function 'sprintf' [-Wbuiltin-declaration-mismatch]
  150 |                 sprintf(str, "%d\n\r", intbuff);
      |                 ^~~~~~~
../Core/Src/main.c:150:17: note: include '<stdio.h>' or provide a declaration of 'sprintf'
../Core/Src/main.c:150:25: warning: passing argument 1 of 'sprintf' makes pointer from integer without a cast [-Wint-conversion]
  150 |                 sprintf(str, "%d\n\r", intbuff);
      |                         ^~~
      |                         |
      |                         char
../Core/Src/main.c:150:25: note: expected 'char *' but argument is of type 'char'
../Core/Src/main.c:151:50: warning: implicit declaration of function 'strlen' [-Wimplicit-function-declaration]
  151 |                 HAL_UART_Transmit(&huart2, &str, strlen(str), 1000);
      |                                                  ^~~~~~
../Core/Src/main.c:21:1: note: include '<string.h>' or provide a declaration of 'strlen'
   20 | #include "main.h"
  +++ |+#include <string.h>
   21 | 
../Core/Src/main.c:151:50: warning: incompatible implicit declaration of built-in function 'strlen' [-Wbuiltin-declaration-mismatch]
  151 |                 HAL_UART_Transmit(&huart2, &str, strlen(str), 1000);
      |                                                  ^~~~~~
../Core/Src/main.c:151:50: note: include '<string.h>' or provide a declaration of 'strlen'
../Core/Src/main.c:151:57: warning: passing argument 1 of 'strlen' makes pointer from integer without a cast [-Wint-conversion]
  151 |                 HAL_UART_Transmit(&huart2, &str, strlen(str), 1000);
      |                                                         ^~~
      |                                                         |
      |                                                         char
../Core/Src/main.c:151:57: note: expected 'const char *' but argument is of type 'char'
../Core/Src/main.c:151:44: warning: pointer targets in passing argument 2 of 'HAL_UART_Transmit' differ in signedness [-Wpointer-sign]
  151 |                 HAL_UART_Transmit(&huart2, &str, strlen(str), 1000);
      |                                            ^~~~
      |                                            |
      |                                            char *
In file included from ../Core/Inc/stm32f3xx_hal_conf.h:327,
                 from ../Drivers/STM32F3xx_HAL_Driver/Inc/stm32f3xx_hal.h:29,
                 from ../Core/Inc/main.h:30,
                 from ../Core/Src/main.c:20:
../Drivers/STM32F3xx_HAL_Driver/Inc/stm32f3xx_hal_uart.h:1486:79: note: expected 'const uint8_t *' {aka 'const unsigned char *'} but argument is of type 'char *'
 1486 | HAL_StatusTypeDef HAL_UART_Transmit(UART_HandleTypeDef *huart, const uint8_t *pData, uint16_t Size, uint32_t Timeout);
      |                                                                ~~~~~~~~~~~~~~~^~~~~
../Core/Src/main.c:125:17: warning: unused variable 'buff' [-Wunused-variable]
  125 |         uint8_t buff;
      |                 ^~~~
At top level:
../Core/Src/main.c:109:17: warning: 'write_bits' defined but not used [-Wunused-function]
  109 |         int16_t write_bits(uint8_t regiAddr, uint8_t bitstart, uint8_t length,
      |                 ^~~~~~~~~~
arm-none-eabi-gcc -o "gyro_nolibrary.elf" @"objects.list"   -mcpu=cortex-m4 -T"C:\Users\mizun\Documents\GitHub\2024_Oidengiken\cubeIDE\gyro\gyro_nolibrary\STM32F303K8TX_FLASH.ld" --specs=nosys.specs -Wl,-Map="gyro_nolibrary.map" -Wl,--gc-sections -static --specs=nano.specs -mfpu=fpv4-sp-d16 -mfloat-abi=hard -mthumb -Wl,--start-group -lc -lm -Wl,--end-group
Finished building target: gyro_nolibrary.elf
 
arm-none-eabi-size  gyro_nolibrary.elf 
arm-none-eabi-objdump -h -S gyro_nolibrary.elf  > "gyro_nolibrary.list"
   text	   data	    bss	    dec	    hex	filename
  14636	    100	   2260	  16996	   4264	gyro_nolibrary.elf
Finished building: default.size.stdout
 
Finished building: gyro_nolibrary.list
 
22:37:25 **** Incremental Build of configuration Debug for project gyro_nolibrary ****
make -j16 all 
arm-none-eabi-gcc "../Core/Src/main.c" -mcpu=cortex-m4 -std=gnu11 -g3 -DDEBUG -DUSE_HAL_DRIVER -DSTM32F303x8 -c -I../Core/Inc -I../Drivers/STM32F3xx_HAL_Driver/Inc -I../Drivers/STM32F3xx_HAL_Driver/Inc/Legacy -I../Drivers/CMSIS/Device/ST/STM32F3xx/Include -I../Drivers/CMSIS/Include -O0 -ffunction-sections -fdata-sections -Wall -fstack-usage -fcyclomatic-complexity -MMD -MP -MF"Core/Src/main.d" -MT"Core/Src/main.o" --specs=nano.specs -mfpu=fpv4-sp-d16 -mfloat-abi=hard -mthumb -o "Core/Src/main.o"
../Core/Src/main.c: In function 'main':
../Core/Src/main.c:150:17: warning: implicit declaration of function 'sprintf' [-Wimplicit-function-declaration]
  150 |                 sprintf(str, "%d\n\r", intbuff);
      |                 ^~~~~~~
../Core/Src/main.c:21:1: note: include '<stdio.h>' or provide a declaration of 'sprintf'
   20 | #include "main.h"
  +++ |+#include <stdio.h>
   21 | 
../Core/Src/main.c:150:17: warning: incompatible implicit declaration of built-in function 'sprintf' [-Wbuiltin-declaration-mismatch]
  150 |                 sprintf(str, "%d\n\r", intbuff);
      |                 ^~~~~~~
../Core/Src/main.c:150:17: note: include '<stdio.h>' or provide a declaration of 'sprintf'
../Core/Src/main.c:150:25: warning: passing argument 1 of 'sprintf' makes pointer from integer without a cast [-Wint-conversion]
  150 |                 sprintf(str, "%d\n\r", intbuff);
      |                         ^~~
      |                         |
      |                         char
../Core/Src/main.c:150:25: note: expected 'char *' but argument is of type 'char'
../Core/Src/main.c:151:50: warning: implicit declaration of function 'strlen' [-Wimplicit-function-declaration]
  151 |                 HAL_UART_Transmit(&huart2, &str, strlen(str), 1000);
      |                                                  ^~~~~~
../Core/Src/main.c:21:1: note: include '<string.h>' or provide a declaration of 'strlen'
   20 | #include "main.h"
  +++ |+#include <string.h>
   21 | 
../Core/Src/main.c:151:50: warning: incompatible implicit declaration of built-in function 'strlen' [-Wbuiltin-declaration-mismatch]
  151 |                 HAL_UART_Transmit(&huart2, &str, strlen(str), 1000);
      |                                                  ^~~~~~
../Core/Src/main.c:151:50: note: include '<string.h>' or provide a declaration of 'strlen'
../Core/Src/main.c:151:57: warning: passing argument 1 of 'strlen' makes pointer from integer without a cast [-Wint-conversion]
  151 |                 HAL_UART_Transmit(&huart2, &str, strlen(str), 1000);
      |                                                         ^~~
      |                                                         |
      |                                                         char
../Core/Src/main.c:151:57: note: expected 'const char *' but argument is of type 'char'
../Core/Src/main.c:151:44: warning: pointer targets in passing argument 2 of 'HAL_UART_Transmit' differ in signedness [-Wpointer-sign]
  151 |                 HAL_UART_Transmit(&huart2, &str, strlen(str), 1000);
      |                                            ^~~~
      |                                            |
      |                                            char *
In file included from ../Core/Inc/stm32f3xx_hal_conf.h:327,
                 from ../Drivers/STM32F3xx_HAL_Driver/Inc/stm32f3xx_hal.h:29,
                 from ../Core/Inc/main.h:30,
                 from ../Core/Src/main.c:20:
../Drivers/STM32F3xx_HAL_Driver/Inc/stm32f3xx_hal_uart.h:1486:79: note: expected 'const uint8_t *' {aka 'const unsigned char *'} but argument is of type 'char *'
 1486 | HAL_StatusTypeDef HAL_UART_Transmit(UART_HandleTypeDef *huart, const uint8_t *pData, uint16_t Size, uint32_t Timeout);
      |                                                                ~~~~~~~~~~~~~~~^~~~~
../Core/Src/main.c:125:17: warning: unused variable 'buff' [-Wunused-variable]
  125 |         uint8_t buff;
      |                 ^~~~
arm-none-eabi-gcc -o "gyro_nolibrary.elf" @"objects.list"   -mcpu=cortex-m4 -T"C:\Users\mizun\Documents\GitHub\2024_Oidengiken\cubeIDE\gyro\gyro_nolibrary\STM32F303K8TX_FLASH.ld" --specs=nosys.specs -Wl,-Map="gyro_nolibrary.map" -Wl,--gc-sections -static --specs=nano.specs -mfpu=fpv4-sp-d16 -mfloat-abi=hard -mthumb -Wl,--start-group -lc -lm -Wl,--end-group
Finished building target: gyro_nolibrary.elf
 
arm-none-eabi-size  gyro_nolibrary.elf 
arm-none-eabi-objdump -h -S gyro_nolibrary.elf  > "gyro_nolibrary.list"
   text	   data	    bss	    dec	    hex	filename
  14628	    100	   2260	  16988	   425c	gyro_nolibrary.elf
Finished building: default.size.stdout
 
Finished building: gyro_nolibrary.list
 
22:41:05 **** Build of configuration Debug for project gyro_nolibrary2 ****
make -j16 all 
arm-none-eabi-gcc "../Drivers/STM32F3xx_HAL_Driver/Src/stm32f3xx_hal.c" -mcpu=cortex-m4 -std=gnu11 -g3 -DDEBUG -DUSE_HAL_DRIVER -DSTM32F303x8 -c -I../Core/Inc -I../Drivers/STM32F3xx_HAL_Driver/Inc -I../Drivers/STM32F3xx_HAL_Driver/Inc/Legacy -I../Drivers/CMSIS/Device/ST/STM32F3xx/Include -I../Drivers/CMSIS/Include -O0 -ffunction-sections -fdata-sections -Wall -fstack-usage -fcyclomatic-complexity -MMD -MP -MF"Drivers/STM32F3xx_HAL_Driver/Src/stm32f3xx_hal.d" -MT"Drivers/STM32F3xx_HAL_Driver/Src/stm32f3xx_hal.o" --specs=nano.specs -mfpu=fpv4-sp-d16 -mfloat-abi=hard -mthumb -o "Drivers/STM32F3xx_HAL_Driver/Src/stm32f3xx_hal.o"
arm-none-eabi-gcc "../Drivers/STM32F3xx_HAL_Driver/Src/stm32f3xx_hal_cortex.c" -mcpu=cortex-m4 -std=gnu11 -g3 -DDEBUG -DUSE_HAL_DRIVER -DSTM32F303x8 -c -I../Core/Inc -I../Drivers/STM32F3xx_HAL_Driver/Inc -I../Drivers/STM32F3xx_HAL_Driver/Inc/Legacy -I../Drivers/CMSIS/Device/ST/STM32F3xx/Include -I../Drivers/CMSIS/Include -O0 -ffunction-sections -fdata-sections -Wall -fstack-usage -fcyclomatic-complexity -MMD -MP -MF"Drivers/STM32F3xx_HAL_Driver/Src/stm32f3xx_hal_cortex.d" -MT"Drivers/STM32F3xx_HAL_Driver/Src/stm32f3xx_hal_cortex.o" --specs=nano.specs -mfpu=fpv4-sp-d16 -mfloat-abi=hard -mthumb -o "Drivers/STM32F3xx_HAL_Driver/Src/stm32f3xx_hal_cortex.o"
arm-none-eabi-gcc "../Drivers/STM32F3xx_HAL_Driver/Src/stm32f3xx_hal_dma.c" -mcpu=cortex-m4 -std=gnu11 -g3 -DDEBUG -DUSE_HAL_DRIVER -DSTM32F303x8 -c -I../Core/Inc -I../Drivers/STM32F3xx_HAL_Driver/Inc -I../Drivers/STM32F3xx_HAL_Driver/Inc/Legacy -I../Drivers/CMSIS/Device/ST/STM32F3xx/Include -I../Drivers/CMSIS/Include -O0 -ffunction-sections -fdata-sections -Wall -fstack-usage -fcyclomatic-complexity -MMD -MP -MF"Drivers/STM32F3xx_HAL_Driver/Src/stm32f3xx_hal_dma.d" -MT"Drivers/STM32F3xx_HAL_Driver/Src/stm32f3xx_hal_dma.o" --specs=nano.specs -mfpu=fpv4-sp-d16 -mfloat-abi=hard -mthumb -o "Drivers/STM32F3xx_HAL_Driver/Src/stm32f3xx_hal_dma.o"
arm-none-eabi-gcc "../Drivers/STM32F3xx_HAL_Driver/Src/stm32f3xx_hal_exti.c" -mcpu=cortex-m4 -std=gnu11 -g3 -DDEBUG -DUSE_HAL_DRIVER -DSTM32F303x8 -c -I../Core/Inc -I../Drivers/STM32F3xx_HAL_Driver/Inc -I../Drivers/STM32F3xx_HAL_Driver/Inc/Legacy -I../Drivers/CMSIS/Device/ST/STM32F3xx/Include -I../Drivers/CMSIS/Include -O0 -ffunction-sections -fdata-sections -Wall -fstack-usage -fcyclomatic-complexity -MMD -MP -MF"Drivers/STM32F3xx_HAL_Driver/Src/stm32f3xx_hal_exti.d" -MT"Drivers/STM32F3xx_HAL_Driver/Src/stm32f3xx_hal_exti.o" --specs=nano.specs -mfpu=fpv4-sp-d16 -mfloat-abi=hard -mthumb -o "Drivers/STM32F3xx_HAL_Driver/Src/stm32f3xx_hal_exti.o"
arm-none-eabi-gcc "../Drivers/STM32F3xx_HAL_Driver/Src/stm32f3xx_hal_flash.c" -mcpu=cortex-m4 -std=gnu11 -g3 -DDEBUG -DUSE_HAL_DRIVER -DSTM32F303x8 -c -I../Core/Inc -I../Drivers/STM32F3xx_HAL_Driver/Inc -I../Drivers/STM32F3xx_HAL_Driver/Inc/Legacy -I../Drivers/CMSIS/Device/ST/STM32F3xx/Include -I../Drivers/CMSIS/Include -O0 -ffunction-sections -fdata-sections -Wall -fstack-usage -fcyclomatic-complexity -MMD -MP -MF"Drivers/STM32F3xx_HAL_Driver/Src/stm32f3xx_hal_flash.d" -MT"Drivers/STM32F3xx_HAL_Driver/Src/stm32f3xx_hal_flash.o" --specs=nano.specs -mfpu=fpv4-sp-d16 -mfloat-abi=hard -mthumb -o "Drivers/STM32F3xx_HAL_Driver/Src/stm32f3xx_hal_flash.o"
arm-none-eabi-gcc "../Drivers/STM32F3xx_HAL_Driver/Src/stm32f3xx_hal_flash_ex.c" -mcpu=cortex-m4 -std=gnu11 -g3 -DDEBUG -DUSE_HAL_DRIVER -DSTM32F303x8 -c -I../Core/Inc -I../Drivers/STM32F3xx_HAL_Driver/Inc -I../Drivers/STM32F3xx_HAL_Driver/Inc/Legacy -I../Drivers/CMSIS/Device/ST/STM32F3xx/Include -I../Drivers/CMSIS/Include -O0 -ffunction-sections -fdata-sections -Wall -fstack-usage -fcyclomatic-complexity -MMD -MP -MF"Drivers/STM32F3xx_HAL_Driver/Src/stm32f3xx_hal_flash_ex.d" -MT"Drivers/STM32F3xx_HAL_Driver/Src/stm32f3xx_hal_flash_ex.o" --specs=nano.specs -mfpu=fpv4-sp-d16 -mfloat-abi=hard -mthumb -o "Drivers/STM32F3xx_HAL_Driver/Src/stm32f3xx_hal_flash_ex.o"
arm-none-eabi-gcc "../Drivers/STM32F3xx_HAL_Driver/Src/stm32f3xx_hal_gpio.c" -mcpu=cortex-m4 -std=gnu11 -g3 -DDEBUG -DUSE_HAL_DRIVER -DSTM32F303x8 -c -I../Core/Inc -I../Drivers/STM32F3xx_HAL_Driver/Inc -I../Drivers/STM32F3xx_HAL_Driver/Inc/Legacy -I../Drivers/CMSIS/Device/ST/STM32F3xx/Include -I../Drivers/CMSIS/Include -O0 -ffunction-sections -fdata-sections -Wall -fstack-usage -fcyclomatic-complexity -MMD -MP -MF"Drivers/STM32F3xx_HAL_Driver/Src/stm32f3xx_hal_gpio.d" -MT"Drivers/STM32F3xx_HAL_Driver/Src/stm32f3xx_hal_gpio.o" --specs=nano.specs -mfpu=fpv4-sp-d16 -mfloat-abi=hard -mthumb -o "Drivers/STM32F3xx_HAL_Driver/Src/stm32f3xx_hal_gpio.o"
arm-none-eabi-gcc "../Drivers/STM32F3xx_HAL_Driver/Src/stm32f3xx_hal_i2c.c" -mcpu=cortex-m4 -std=gnu11 -g3 -DDEBUG -DUSE_HAL_DRIVER -DSTM32F303x8 -c -I../Core/Inc -I../Drivers/STM32F3xx_HAL_Driver/Inc -I../Drivers/STM32F3xx_HAL_Driver/Inc/Legacy -I../Drivers/CMSIS/Device/ST/STM32F3xx/Include -I../Drivers/CMSIS/Include -O0 -ffunction-sections -fdata-sections -Wall -fstack-usage -fcyclomatic-complexity -MMD -MP -MF"Drivers/STM32F3xx_HAL_Driver/Src/stm32f3xx_hal_i2c.d" -MT"Drivers/STM32F3xx_HAL_Driver/Src/stm32f3xx_hal_i2c.o" --specs=nano.specs -mfpu=fpv4-sp-d16 -mfloat-abi=hard -mthumb -o "Drivers/STM32F3xx_HAL_Driver/Src/stm32f3xx_hal_i2c.o"
arm-none-eabi-gcc "../Drivers/STM32F3xx_HAL_Driver/Src/stm32f3xx_hal_i2c_ex.c" -mcpu=cortex-m4 -std=gnu11 -g3 -DDEBUG -DUSE_HAL_DRIVER -DSTM32F303x8 -c -I../Core/Inc -I../Drivers/STM32F3xx_HAL_Driver/Inc -I../Drivers/STM32F3xx_HAL_Driver/Inc/Legacy -I../Drivers/CMSIS/Device/ST/STM32F3xx/Include -I../Drivers/CMSIS/Include -O0 -ffunction-sections -fdata-sections -Wall -fstack-usage -fcyclomatic-complexity -MMD -MP -MF"Drivers/STM32F3xx_HAL_Driver/Src/stm32f3xx_hal_i2c_ex.d" -MT"Drivers/STM32F3xx_HAL_Driver/Src/stm32f3xx_hal_i2c_ex.o" --specs=nano.specs -mfpu=fpv4-sp-d16 -mfloat-abi=hard -mthumb -o "Drivers/STM32F3xx_HAL_Driver/Src/stm32f3xx_hal_i2c_ex.o"
arm-none-eabi-gcc "../Drivers/STM32F3xx_HAL_Driver/Src/stm32f3xx_hal_pwr.c" -mcpu=cortex-m4 -std=gnu11 -g3 -DDEBUG -DUSE_HAL_DRIVER -DSTM32F303x8 -c -I../Core/Inc -I../Drivers/STM32F3xx_HAL_Driver/Inc -I../Drivers/STM32F3xx_HAL_Driver/Inc/Legacy -I../Drivers/CMSIS/Device/ST/STM32F3xx/Include -I../Drivers/CMSIS/Include -O0 -ffunction-sections -fdata-sections -Wall -fstack-usage -fcyclomatic-complexity -MMD -MP -MF"Drivers/STM32F3xx_HAL_Driver/Src/stm32f3xx_hal_pwr.d" -MT"Drivers/STM32F3xx_HAL_Driver/Src/stm32f3xx_hal_pwr.o" --specs=nano.specs -mfpu=fpv4-sp-d16 -mfloat-abi=hard -mthumb -o "Drivers/STM32F3xx_HAL_Driver/Src/stm32f3xx_hal_pwr.o"
arm-none-eabi-gcc "../Drivers/STM32F3xx_HAL_Driver/Src/stm32f3xx_hal_pwr_ex.c" -mcpu=cortex-m4 -std=gnu11 -g3 -DDEBUG -DUSE_HAL_DRIVER -DSTM32F303x8 -c -I../Core/Inc -I../Drivers/STM32F3xx_HAL_Driver/Inc -I../Drivers/STM32F3xx_HAL_Driver/Inc/Legacy -I../Drivers/CMSIS/Device/ST/STM32F3xx/Include -I../Drivers/CMSIS/Include -O0 -ffunction-sections -fdata-sections -Wall -fstack-usage -fcyclomatic-complexity -MMD -MP -MF"Drivers/STM32F3xx_HAL_Driver/Src/stm32f3xx_hal_pwr_ex.d" -MT"Drivers/STM32F3xx_HAL_Driver/Src/stm32f3xx_hal_pwr_ex.o" --specs=nano.specs -mfpu=fpv4-sp-d16 -mfloat-abi=hard -mthumb -o "Drivers/STM32F3xx_HAL_Driver/Src/stm32f3xx_hal_pwr_ex.o"
arm-none-eabi-gcc "../Drivers/STM32F3xx_HAL_Driver/Src/stm32f3xx_hal_rcc.c" -mcpu=cortex-m4 -std=gnu11 -g3 -DDEBUG -DUSE_HAL_DRIVER -DSTM32F303x8 -c -I../Core/Inc -I../Drivers/STM32F3xx_HAL_Driver/Inc -I../Drivers/STM32F3xx_HAL_Driver/Inc/Legacy -I../Drivers/CMSIS/Device/ST/STM32F3xx/Include -I../Drivers/CMSIS/Include -O0 -ffunction-sections -fdata-sections -Wall -fstack-usage -fcyclomatic-complexity -MMD -MP -MF"Drivers/STM32F3xx_HAL_Driver/Src/stm32f3xx_hal_rcc.d" -MT"Drivers/STM32F3xx_HAL_Driver/Src/stm32f3xx_hal_rcc.o" --specs=nano.specs -mfpu=fpv4-sp-d16 -mfloat-abi=hard -mthumb -o "Drivers/STM32F3xx_HAL_Driver/Src/stm32f3xx_hal_rcc.o"
arm-none-eabi-gcc "../Drivers/STM32F3xx_HAL_Driver/Src/stm32f3xx_hal_rcc_ex.c" -mcpu=cortex-m4 -std=gnu11 -g3 -DDEBUG -DUSE_HAL_DRIVER -DSTM32F303x8 -c -I../Core/Inc -I../Drivers/STM32F3xx_HAL_Driver/Inc -I../Drivers/STM32F3xx_HAL_Driver/Inc/Legacy -I../Drivers/CMSIS/Device/ST/STM32F3xx/Include -I../Drivers/CMSIS/Include -O0 -ffunction-sections -fdata-sections -Wall -fstack-usage -fcyclomatic-complexity -MMD -MP -MF"Drivers/STM32F3xx_HAL_Driver/Src/stm32f3xx_hal_rcc_ex.d" -MT"Drivers/STM32F3xx_HAL_Driver/Src/stm32f3xx_hal_rcc_ex.o" --specs=nano.specs -mfpu=fpv4-sp-d16 -mfloat-abi=hard -mthumb -o "Drivers/STM32F3xx_HAL_Driver/Src/stm32f3xx_hal_rcc_ex.o"
arm-none-eabi-gcc "../Drivers/STM32F3xx_HAL_Driver/Src/stm32f3xx_hal_tim.c" -mcpu=cortex-m4 -std=gnu11 -g3 -DDEBUG -DUSE_HAL_DRIVER -DSTM32F303x8 -c -I../Core/Inc -I../Drivers/STM32F3xx_HAL_Driver/Inc -I../Drivers/STM32F3xx_HAL_Driver/Inc/Legacy -I../Drivers/CMSIS/Device/ST/STM32F3xx/Include -I../Drivers/CMSIS/Include -O0 -ffunction-sections -fdata-sections -Wall -fstack-usage -fcyclomatic-complexity -MMD -MP -MF"Drivers/STM32F3xx_HAL_Driver/Src/stm32f3xx_hal_tim.d" -MT"Drivers/STM32F3xx_HAL_Driver/Src/stm32f3xx_hal_tim.o" --specs=nano.specs -mfpu=fpv4-sp-d16 -mfloat-abi=hard -mthumb -o "Drivers/STM32F3xx_HAL_Driver/Src/stm32f3xx_hal_tim.o"
arm-none-eabi-gcc "../Drivers/STM32F3xx_HAL_Driver/Src/stm32f3xx_hal_tim_ex.c" -mcpu=cortex-m4 -std=gnu11 -g3 -DDEBUG -DUSE_HAL_DRIVER -DSTM32F303x8 -c -I../Core/Inc -I../Drivers/STM32F3xx_HAL_Driver/Inc -I../Drivers/STM32F3xx_HAL_Driver/Inc/Legacy -I../Drivers/CMSIS/Device/ST/STM32F3xx/Include -I../Drivers/CMSIS/Include -O0 -ffunction-sections -fdata-sections -Wall -fstack-usage -fcyclomatic-complexity -MMD -MP -MF"Drivers/STM32F3xx_HAL_Driver/Src/stm32f3xx_hal_tim_ex.d" -MT"Drivers/STM32F3xx_HAL_Driver/Src/stm32f3xx_hal_tim_ex.o" --specs=nano.specs -mfpu=fpv4-sp-d16 -mfloat-abi=hard -mthumb -o "Drivers/STM32F3xx_HAL_Driver/Src/stm32f3xx_hal_tim_ex.o"
arm-none-eabi-gcc "../Drivers/STM32F3xx_HAL_Driver/Src/stm32f3xx_hal_uart.c" -mcpu=cortex-m4 -std=gnu11 -g3 -DDEBUG -DUSE_HAL_DRIVER -DSTM32F303x8 -c -I../Core/Inc -I../Drivers/STM32F3xx_HAL_Driver/Inc -I../Drivers/STM32F3xx_HAL_Driver/Inc/Legacy -I../Drivers/CMSIS/Device/ST/STM32F3xx/Include -I../Drivers/CMSIS/Include -O0 -ffunction-sections -fdata-sections -Wall -fstack-usage -fcyclomatic-complexity -MMD -MP -MF"Drivers/STM32F3xx_HAL_Driver/Src/stm32f3xx_hal_uart.d" -MT"Drivers/STM32F3xx_HAL_Driver/Src/stm32f3xx_hal_uart.o" --specs=nano.specs -mfpu=fpv4-sp-d16 -mfloat-abi=hard -mthumb -o "Drivers/STM32F3xx_HAL_Driver/Src/stm32f3xx_hal_uart.o"
arm-none-eabi-gcc "../Drivers/STM32F3xx_HAL_Driver/Src/stm32f3xx_hal_uart_ex.c" -mcpu=cortex-m4 -std=gnu11 -g3 -DDEBUG -DUSE_HAL_DRIVER -DSTM32F303x8 -c -I../Core/Inc -I../Drivers/STM32F3xx_HAL_Driver/Inc -I../Drivers/STM32F3xx_HAL_Driver/Inc/Legacy -I../Drivers/CMSIS/Device/ST/STM32F3xx/Include -I../Drivers/CMSIS/Include -O0 -ffunction-sections -fdata-sections -Wall -fstack-usage -fcyclomatic-complexity -MMD -MP -MF"Drivers/STM32F3xx_HAL_Driver/Src/stm32f3xx_hal_uart_ex.d" -MT"Drivers/STM32F3xx_HAL_Driver/Src/stm32f3xx_hal_uart_ex.o" --specs=nano.specs -mfpu=fpv4-sp-d16 -mfloat-abi=hard -mthumb -o "Drivers/STM32F3xx_HAL_Driver/Src/stm32f3xx_hal_uart_ex.o"
arm-none-eabi-gcc -mcpu=cortex-m4 -g3 -DDEBUG -c -x assembler-with-cpp -MMD -MP -MF"Core/Startup/startup_stm32f303k8tx.d" -MT"Core/Startup/startup_stm32f303k8tx.o" --specs=nano.specs -mfpu=fpv4-sp-d16 -mfloat-abi=hard -mthumb -o "Core/Startup/startup_stm32f303k8tx.o" "../Core/Startup/startup_stm32f303k8tx.s"
arm-none-eabi-gcc "../Core/Src/main.c" -mcpu=cortex-m4 -std=gnu11 -g3 -DDEBUG -DUSE_HAL_DRIVER -DSTM32F303x8 -c -I../Core/Inc -I../Drivers/STM32F3xx_HAL_Driver/Inc -I../Drivers/STM32F3xx_HAL_Driver/Inc/Legacy -I../Drivers/CMSIS/Device/ST/STM32F3xx/Include -I../Drivers/CMSIS/Include -O0 -ffunction-sections -fdata-sections -Wall -fstack-usage -fcyclomatic-complexity -MMD -MP -MF"Core/Src/main.d" -MT"Core/Src/main.o" --specs=nano.specs -mfpu=fpv4-sp-d16 -mfloat-abi=hard -mthumb -o "Core/Src/main.o"
arm-none-eabi-gcc "../Core/Src/stm32f3xx_hal_msp.c" -mcpu=cortex-m4 -std=gnu11 -g3 -DDEBUG -DUSE_HAL_DRIVER -DSTM32F303x8 -c -I../Core/Inc -I../Drivers/STM32F3xx_HAL_Driver/Inc -I../Drivers/STM32F3xx_HAL_Driver/Inc/Legacy -I../Drivers/CMSIS/Device/ST/STM32F3xx/Include -I../Drivers/CMSIS/Include -O0 -ffunction-sections -fdata-sections -Wall -fstack-usage -fcyclomatic-complexity -MMD -MP -MF"Core/Src/stm32f3xx_hal_msp.d" -MT"Core/Src/stm32f3xx_hal_msp.o" --specs=nano.specs -mfpu=fpv4-sp-d16 -mfloat-abi=hard -mthumb -o "Core/Src/stm32f3xx_hal_msp.o"
arm-none-eabi-gcc "../Core/Src/stm32f3xx_it.c" -mcpu=cortex-m4 -std=gnu11 -g3 -DDEBUG -DUSE_HAL_DRIVER -DSTM32F303x8 -c -I../Core/Inc -I../Drivers/STM32F3xx_HAL_Driver/Inc -I../Drivers/STM32F3xx_HAL_Driver/Inc/Legacy -I../Drivers/CMSIS/Device/ST/STM32F3xx/Include -I../Drivers/CMSIS/Include -O0 -ffunction-sections -fdata-sections -Wall -fstack-usage -fcyclomatic-complexity -MMD -MP -MF"Core/Src/stm32f3xx_it.d" -MT"Core/Src/stm32f3xx_it.o" --specs=nano.specs -mfpu=fpv4-sp-d16 -mfloat-abi=hard -mthumb -o "Core/Src/stm32f3xx_it.o"
arm-none-eabi-gcc "../Core/Src/syscalls.c" -mcpu=cortex-m4 -std=gnu11 -g3 -DDEBUG -DUSE_HAL_DRIVER -DSTM32F303x8 -c -I../Core/Inc -I../Drivers/STM32F3xx_HAL_Driver/Inc -I../Drivers/STM32F3xx_HAL_Driver/Inc/Legacy -I../Drivers/CMSIS/Device/ST/STM32F3xx/Include -I../Drivers/CMSIS/Include -O0 -ffunction-sections -fdata-sections -Wall -fstack-usage -fcyclomatic-complexity -MMD -MP -MF"Core/Src/syscalls.d" -MT"Core/Src/syscalls.o" --specs=nano.specs -mfpu=fpv4-sp-d16 -mfloat-abi=hard -mthumb -o "Core/Src/syscalls.o"
arm-none-eabi-gcc "../Core/Src/sysmem.c" -mcpu=cortex-m4 -std=gnu11 -g3 -DDEBUG -DUSE_HAL_DRIVER -DSTM32F303x8 -c -I../Core/Inc -I../Drivers/STM32F3xx_HAL_Driver/Inc -I../Drivers/STM32F3xx_HAL_Driver/Inc/Legacy -I../Drivers/CMSIS/Device/ST/STM32F3xx/Include -I../Drivers/CMSIS/Include -O0 -ffunction-sections -fdata-sections -Wall -fstack-usage -fcyclomatic-complexity -MMD -MP -MF"Core/Src/sysmem.d" -MT"Core/Src/sysmem.o" --specs=nano.specs -mfpu=fpv4-sp-d16 -mfloat-abi=hard -mthumb -o "Core/Src/sysmem.o"
arm-none-eabi-gcc "../Core/Src/system_stm32f3xx.c" -mcpu=cortex-m4 -std=gnu11 -g3 -DDEBUG -DUSE_HAL_DRIVER -DSTM32F303x8 -c -I../Core/Inc -I../Drivers/STM32F3xx_HAL_Driver/Inc -I../Drivers/STM32F3xx_HAL_Driver/Inc/Legacy -I../Drivers/CMSIS/Device/ST/STM32F3xx/Include -I../Drivers/CMSIS/Include -O0 -ffunction-sections -fdata-sections -Wall -fstack-usage -fcyclomatic-complexity -MMD -MP -MF"Core/Src/system_stm32f3xx.d" -MT"Core/Src/system_stm32f3xx.o" --specs=nano.specs -mfpu=fpv4-sp-d16 -mfloat-abi=hard -mthumb -o "Core/Src/system_stm32f3xx.o"
arm-none-eabi-gcc -o "gyro_nolibrary2.elf" @"objects.list"   -mcpu=cortex-m4 -T"C:\Users\mizun\Documents\GitHub\2024_Oidengiken\cubeIDE\gyro\gyro_nolibrary2\STM32F303K8TX_FLASH.ld" --specs=nosys.specs -Wl,-Map="gyro_nolibrary2.map" -Wl,--gc-sections -static --specs=nano.specs -mfpu=fpv4-sp-d16 -mfloat-abi=hard -mthumb -Wl,--start-group -lc -lm -Wl,--end-group
Finished building target: gyro_nolibrary2.elf
 
arm-none-eabi-size  gyro_nolibrary2.elf 
arm-none-eabi-objdump -h -S gyro_nolibrary2.elf  > "gyro_nolibrary2.list"
   text	   data	    bss	    dec	    hex	filename
  11472	     20	   1788	  13280	   33e0	gyro_nolibrary2.elf
Finished building: default.size.stdout
 
Finished building: gyro_nolibrary2.list
 
22:41:11 **** Incremental Build of configuration Debug for project gyro_nolibrary2 ****
make -j16 all 
arm-none-eabi-gcc "../Core/Src/main.c" -mcpu=cortex-m4 -std=gnu11 -g3 -DDEBUG -DUSE_HAL_DRIVER -DSTM32F303x8 -c -I../Core/Inc -I../Drivers/STM32F3xx_HAL_Driver/Inc -I../Drivers/STM32F3xx_HAL_Driver/Inc/Legacy -I../Drivers/CMSIS/Device/ST/STM32F3xx/Include -I../Drivers/CMSIS/Include -O0 -ffunction-sections -fdata-sections -Wall -fstack-usage -fcyclomatic-complexity -MMD -MP -MF"Core/Src/main.d" -MT"Core/Src/main.o" --specs=nano.specs -mfpu=fpv4-sp-d16 -mfloat-abi=hard -mthumb -o "Core/Src/main.o"
../Core/Src/main.c: In function 'main':
../Core/Src/main.c:105:17: warning: implicit declaration of function 'sprintf' [-Wimplicit-function-declaration]
  105 |                 sprintf(str, "%d\n\r", intbuff);
      |                 ^~~~~~~
../Core/Src/main.c:21:1: note: include '<stdio.h>' or provide a declaration of 'sprintf'
   20 | #include "main.h"
  +++ |+#include <stdio.h>
   21 | 
../Core/Src/main.c:105:17: warning: incompatible implicit declaration of built-in function 'sprintf' [-Wbuiltin-declaration-mismatch]
  105 |                 sprintf(str, "%d\n\r", intbuff);
      |                 ^~~~~~~
../Core/Src/main.c:105:17: note: include '<stdio.h>' or provide a declaration of 'sprintf'
../Core/Src/main.c:105:25: warning: passing argument 1 of 'sprintf' makes pointer from integer without a cast [-Wint-conversion]
  105 |                 sprintf(str, "%d\n\r", intbuff);
      |                         ^~~
      |                         |
      |                         char
../Core/Src/main.c:105:25: note: expected 'char *' but argument is of type 'char'
../Core/Src/main.c:106:50: warning: implicit declaration of function 'strlen' [-Wimplicit-function-declaration]
  106 |                 HAL_UART_Transmit(&huart2, &str, strlen(str), 1000);
      |                                                  ^~~~~~
../Core/Src/main.c:21:1: note: include '<string.h>' or provide a declaration of 'strlen'
   20 | #include "main.h"
  +++ |+#include <string.h>
   21 | 
../Core/Src/main.c:106:50: warning: incompatible implicit declaration of built-in function 'strlen' [-Wbuiltin-declaration-mismatch]
  106 |                 HAL_UART_Transmit(&huart2, &str, strlen(str), 1000);
      |                                                  ^~~~~~
../Core/Src/main.c:106:50: note: include '<string.h>' or provide a declaration of 'strlen'
../Core/Src/main.c:106:57: warning: passing argument 1 of 'strlen' makes pointer from integer without a cast [-Wint-conversion]
  106 |                 HAL_UART_Transmit(&huart2, &str, strlen(str), 1000);
      |                                                         ^~~
      |                                                         |
      |                                                         char
../Core/Src/main.c:106:57: note: expected 'const char *' but argument is of type 'char'
../Core/Src/main.c:106:44: warning: pointer targets in passing argument 2 of 'HAL_UART_Transmit' differ in signedness [-Wpointer-sign]
  106 |                 HAL_UART_Transmit(&huart2, &str, strlen(str), 1000);
      |                                            ^~~~
      |                                            |
      |                                            char *
In file included from ../Core/Inc/stm32f3xx_hal_conf.h:327,
                 from ../Drivers/STM32F3xx_HAL_Driver/Inc/stm32f3xx_hal.h:29,
                 from ../Core/Inc/main.h:30,
                 from ../Core/Src/main.c:20:
../Drivers/STM32F3xx_HAL_Driver/Inc/stm32f3xx_hal_uart.h:1486:79: note: expected 'const uint8_t *' {aka 'const unsigned char *'} but argument is of type 'char *'
 1486 | HAL_StatusTypeDef HAL_UART_Transmit(UART_HandleTypeDef *huart, const uint8_t *pData, uint16_t Size, uint32_t Timeout);
      |                                                                ~~~~~~~~~~~~~~~^~~~~
../Core/Src/main.c:95:17: warning: unused variable 'buff' [-Wunused-variable]
   95 |         uint8_t buff;
      |                 ^~~~
arm-none-eabi-gcc -o "gyro_nolibrary2.elf" @"objects.list"   -mcpu=cortex-m4 -T"C:\Users\mizun\Documents\GitHub\2024_Oidengiken\cubeIDE\gyro\gyro_nolibrary2\STM32F303K8TX_FLASH.ld" --specs=nosys.specs -Wl,-Map="gyro_nolibrary2.map" -Wl,--gc-sections -static --specs=nano.specs -mfpu=fpv4-sp-d16 -mfloat-abi=hard -mthumb -Wl,--start-group -lc -lm -Wl,--end-group
Finished building target: gyro_nolibrary2.elf
 
arm-none-eabi-size  gyro_nolibrary2.elf 
arm-none-eabi-objdump -h -S gyro_nolibrary2.elf  > "gyro_nolibrary2.list"
   text	   data	    bss	    dec	    hex	filename
  14428	    100	   2124	  16652	   410c	gyro_nolibrary2.elf
Finished building: default.size.stdout
 
Finished building: gyro_nolibrary2.list
 
22:42:25 **** Incremental Build of configuration Debug for project gyro_nolibrary2 ****
make -j16 all 
arm-none-eabi-size  gyro_nolibrary2.elf 
   text	   data	    bss	    dec	    hex	filename
  14428	    100	   2124	  16652	   410c	gyro_nolibrary2.elf
Finished building: default.size.stdout
 
22:42:55 **** Incremental Build of configuration Debug for project gyro_nolibrary2 ****
make -j16 all 
arm-none-eabi-size  gyro_nolibrary2.elf 
   text	   data	    bss	    dec	    hex	filename
  14428	    100	   2124	  16652	   410c	gyro_nolibrary2.elf
Finished building: default.size.stdout
 
22:43:10 **** Incremental Build of configuration Debug for project gyro_nolibrary2 ****
make -j16 all 
arm-none-eabi-size  gyro_nolibrary2.elf 
   text	   data	    bss	    dec	    hex	filename
  14428	    100	   2124	  16652	   410c	gyro_nolibrary2.elf
Finished building: default.size.stdout
 
22:44:13 **** Incremental Build of configuration Debug for project gyro_nolibrary2 ****
make -j16 all 
arm-none-eabi-size  gyro_nolibrary2.elf 
   text	   data	    bss	    dec	    hex	filename
  14428	    100	   2124	  16652	   410c	gyro_nolibrary2.elf
Finished building: default.size.stdout
 
22:45:11 **** Build of configuration Debug for project erro ****
make -j16 all 
arm-none-eabi-gcc "../Drivers/STM32F3xx_HAL_Driver/Src/stm32f3xx_hal.c" -mcpu=cortex-m4 -std=gnu11 -g3 -DDEBUG -DUSE_HAL_DRIVER -DSTM32F303x8 -c -I../Core/Inc -I../Drivers/STM32F3xx_HAL_Driver/Inc -I../Drivers/STM32F3xx_HAL_Driver/Inc/Legacy -I../Drivers/CMSIS/Device/ST/STM32F3xx/Include -I../Drivers/CMSIS/Include -O0 -ffunction-sections -fdata-sections -Wall -fstack-usage -fcyclomatic-complexity -MMD -MP -MF"Drivers/STM32F3xx_HAL_Driver/Src/stm32f3xx_hal.d" -MT"Drivers/STM32F3xx_HAL_Driver/Src/stm32f3xx_hal.o" --specs=nano.specs -mfpu=fpv4-sp-d16 -mfloat-abi=hard -mthumb -o "Drivers/STM32F3xx_HAL_Driver/Src/stm32f3xx_hal.o"
arm-none-eabi-gcc "../Drivers/STM32F3xx_HAL_Driver/Src/stm32f3xx_hal_cortex.c" -mcpu=cortex-m4 -std=gnu11 -g3 -DDEBUG -DUSE_HAL_DRIVER -DSTM32F303x8 -c -I../Core/Inc -I../Drivers/STM32F3xx_HAL_Driver/Inc -I../Drivers/STM32F3xx_HAL_Driver/Inc/Legacy -I../Drivers/CMSIS/Device/ST/STM32F3xx/Include -I../Drivers/CMSIS/Include -O0 -ffunction-sections -fdata-sections -Wall -fstack-usage -fcyclomatic-complexity -MMD -MP -MF"Drivers/STM32F3xx_HAL_Driver/Src/stm32f3xx_hal_cortex.d" -MT"Drivers/STM32F3xx_HAL_Driver/Src/stm32f3xx_hal_cortex.o" --specs=nano.specs -mfpu=fpv4-sp-d16 -mfloat-abi=hard -mthumb -o "Drivers/STM32F3xx_HAL_Driver/Src/stm32f3xx_hal_cortex.o"
arm-none-eabi-gcc "../Drivers/STM32F3xx_HAL_Driver/Src/stm32f3xx_hal_dma.c" -mcpu=cortex-m4 -std=gnu11 -g3 -DDEBUG -DUSE_HAL_DRIVER -DSTM32F303x8 -c -I../Core/Inc -I../Drivers/STM32F3xx_HAL_Driver/Inc -I../Drivers/STM32F3xx_HAL_Driver/Inc/Legacy -I../Drivers/CMSIS/Device/ST/STM32F3xx/Include -I../Drivers/CMSIS/Include -O0 -ffunction-sections -fdata-sections -Wall -fstack-usage -fcyclomatic-complexity -MMD -MP -MF"Drivers/STM32F3xx_HAL_Driver/Src/stm32f3xx_hal_dma.d" -MT"Drivers/STM32F3xx_HAL_Driver/Src/stm32f3xx_hal_dma.o" --specs=nano.specs -mfpu=fpv4-sp-d16 -mfloat-abi=hard -mthumb -o "Drivers/STM32F3xx_HAL_Driver/Src/stm32f3xx_hal_dma.o"
arm-none-eabi-gcc "../Drivers/STM32F3xx_HAL_Driver/Src/stm32f3xx_hal_exti.c" -mcpu=cortex-m4 -std=gnu11 -g3 -DDEBUG -DUSE_HAL_DRIVER -DSTM32F303x8 -c -I../Core/Inc -I../Drivers/STM32F3xx_HAL_Driver/Inc -I../Drivers/STM32F3xx_HAL_Driver/Inc/Legacy -I../Drivers/CMSIS/Device/ST/STM32F3xx/Include -I../Drivers/CMSIS/Include -O0 -ffunction-sections -fdata-sections -Wall -fstack-usage -fcyclomatic-complexity -MMD -MP -MF"Drivers/STM32F3xx_HAL_Driver/Src/stm32f3xx_hal_exti.d" -MT"Drivers/STM32F3xx_HAL_Driver/Src/stm32f3xx_hal_exti.o" --specs=nano.specs -mfpu=fpv4-sp-d16 -mfloat-abi=hard -mthumb -o "Drivers/STM32F3xx_HAL_Driver/Src/stm32f3xx_hal_exti.o"
arm-none-eabi-gcc "../Drivers/STM32F3xx_HAL_Driver/Src/stm32f3xx_hal_flash.c" -mcpu=cortex-m4 -std=gnu11 -g3 -DDEBUG -DUSE_HAL_DRIVER -DSTM32F303x8 -c -I../Core/Inc -I../Drivers/STM32F3xx_HAL_Driver/Inc -I../Drivers/STM32F3xx_HAL_Driver/Inc/Legacy -I../Drivers/CMSIS/Device/ST/STM32F3xx/Include -I../Drivers/CMSIS/Include -O0 -ffunction-sections -fdata-sections -Wall -fstack-usage -fcyclomatic-complexity -MMD -MP -MF"Drivers/STM32F3xx_HAL_Driver/Src/stm32f3xx_hal_flash.d" -MT"Drivers/STM32F3xx_HAL_Driver/Src/stm32f3xx_hal_flash.o" --specs=nano.specs -mfpu=fpv4-sp-d16 -mfloat-abi=hard -mthumb -o "Drivers/STM32F3xx_HAL_Driver/Src/stm32f3xx_hal_flash.o"
arm-none-eabi-gcc "../Drivers/STM32F3xx_HAL_Driver/Src/stm32f3xx_hal_flash_ex.c" -mcpu=cortex-m4 -std=gnu11 -g3 -DDEBUG -DUSE_HAL_DRIVER -DSTM32F303x8 -c -I../Core/Inc -I../Drivers/STM32F3xx_HAL_Driver/Inc -I../Drivers/STM32F3xx_HAL_Driver/Inc/Legacy -I../Drivers/CMSIS/Device/ST/STM32F3xx/Include -I../Drivers/CMSIS/Include -O0 -ffunction-sections -fdata-sections -Wall -fstack-usage -fcyclomatic-complexity -MMD -MP -MF"Drivers/STM32F3xx_HAL_Driver/Src/stm32f3xx_hal_flash_ex.d" -MT"Drivers/STM32F3xx_HAL_Driver/Src/stm32f3xx_hal_flash_ex.o" --specs=nano.specs -mfpu=fpv4-sp-d16 -mfloat-abi=hard -mthumb -o "Drivers/STM32F3xx_HAL_Driver/Src/stm32f3xx_hal_flash_ex.o"
arm-none-eabi-gcc "../Drivers/STM32F3xx_HAL_Driver/Src/stm32f3xx_hal_gpio.c" -mcpu=cortex-m4 -std=gnu11 -g3 -DDEBUG -DUSE_HAL_DRIVER -DSTM32F303x8 -c -I../Core/Inc -I../Drivers/STM32F3xx_HAL_Driver/Inc -I../Drivers/STM32F3xx_HAL_Driver/Inc/Legacy -I../Drivers/CMSIS/Device/ST/STM32F3xx/Include -I../Drivers/CMSIS/Include -O0 -ffunction-sections -fdata-sections -Wall -fstack-usage -fcyclomatic-complexity -MMD -MP -MF"Drivers/STM32F3xx_HAL_Driver/Src/stm32f3xx_hal_gpio.d" -MT"Drivers/STM32F3xx_HAL_Driver/Src/stm32f3xx_hal_gpio.o" --specs=nano.specs -mfpu=fpv4-sp-d16 -mfloat-abi=hard -mthumb -o "Drivers/STM32F3xx_HAL_Driver/Src/stm32f3xx_hal_gpio.o"
arm-none-eabi-gcc "../Drivers/STM32F3xx_HAL_Driver/Src/stm32f3xx_hal_i2c.c" -mcpu=cortex-m4 -std=gnu11 -g3 -DDEBUG -DUSE_HAL_DRIVER -DSTM32F303x8 -c -I../Core/Inc -I../Drivers/STM32F3xx_HAL_Driver/Inc -I../Drivers/STM32F3xx_HAL_Driver/Inc/Legacy -I../Drivers/CMSIS/Device/ST/STM32F3xx/Include -I../Drivers/CMSIS/Include -O0 -ffunction-sections -fdata-sections -Wall -fstack-usage -fcyclomatic-complexity -MMD -MP -MF"Drivers/STM32F3xx_HAL_Driver/Src/stm32f3xx_hal_i2c.d" -MT"Drivers/STM32F3xx_HAL_Driver/Src/stm32f3xx_hal_i2c.o" --specs=nano.specs -mfpu=fpv4-sp-d16 -mfloat-abi=hard -mthumb -o "Drivers/STM32F3xx_HAL_Driver/Src/stm32f3xx_hal_i2c.o"
arm-none-eabi-gcc "../Drivers/STM32F3xx_HAL_Driver/Src/stm32f3xx_hal_i2c_ex.c" -mcpu=cortex-m4 -std=gnu11 -g3 -DDEBUG -DUSE_HAL_DRIVER -DSTM32F303x8 -c -I../Core/Inc -I../Drivers/STM32F3xx_HAL_Driver/Inc -I../Drivers/STM32F3xx_HAL_Driver/Inc/Legacy -I../Drivers/CMSIS/Device/ST/STM32F3xx/Include -I../Drivers/CMSIS/Include -O0 -ffunction-sections -fdata-sections -Wall -fstack-usage -fcyclomatic-complexity -MMD -MP -MF"Drivers/STM32F3xx_HAL_Driver/Src/stm32f3xx_hal_i2c_ex.d" -MT"Drivers/STM32F3xx_HAL_Driver/Src/stm32f3xx_hal_i2c_ex.o" --specs=nano.specs -mfpu=fpv4-sp-d16 -mfloat-abi=hard -mthumb -o "Drivers/STM32F3xx_HAL_Driver/Src/stm32f3xx_hal_i2c_ex.o"
arm-none-eabi-gcc "../Drivers/STM32F3xx_HAL_Driver/Src/stm32f3xx_hal_pwr.c" -mcpu=cortex-m4 -std=gnu11 -g3 -DDEBUG -DUSE_HAL_DRIVER -DSTM32F303x8 -c -I../Core/Inc -I../Drivers/STM32F3xx_HAL_Driver/Inc -I../Drivers/STM32F3xx_HAL_Driver/Inc/Legacy -I../Drivers/CMSIS/Device/ST/STM32F3xx/Include -I../Drivers/CMSIS/Include -O0 -ffunction-sections -fdata-sections -Wall -fstack-usage -fcyclomatic-complexity -MMD -MP -MF"Drivers/STM32F3xx_HAL_Driver/Src/stm32f3xx_hal_pwr.d" -MT"Drivers/STM32F3xx_HAL_Driver/Src/stm32f3xx_hal_pwr.o" --specs=nano.specs -mfpu=fpv4-sp-d16 -mfloat-abi=hard -mthumb -o "Drivers/STM32F3xx_HAL_Driver/Src/stm32f3xx_hal_pwr.o"
arm-none-eabi-gcc "../Drivers/STM32F3xx_HAL_Driver/Src/stm32f3xx_hal_pwr_ex.c" -mcpu=cortex-m4 -std=gnu11 -g3 -DDEBUG -DUSE_HAL_DRIVER -DSTM32F303x8 -c -I../Core/Inc -I../Drivers/STM32F3xx_HAL_Driver/Inc -I../Drivers/STM32F3xx_HAL_Driver/Inc/Legacy -I../Drivers/CMSIS/Device/ST/STM32F3xx/Include -I../Drivers/CMSIS/Include -O0 -ffunction-sections -fdata-sections -Wall -fstack-usage -fcyclomatic-complexity -MMD -MP -MF"Drivers/STM32F3xx_HAL_Driver/Src/stm32f3xx_hal_pwr_ex.d" -MT"Drivers/STM32F3xx_HAL_Driver/Src/stm32f3xx_hal_pwr_ex.o" --specs=nano.specs -mfpu=fpv4-sp-d16 -mfloat-abi=hard -mthumb -o "Drivers/STM32F3xx_HAL_Driver/Src/stm32f3xx_hal_pwr_ex.o"
arm-none-eabi-gcc "../Drivers/STM32F3xx_HAL_Driver/Src/stm32f3xx_hal_rcc.c" -mcpu=cortex-m4 -std=gnu11 -g3 -DDEBUG -DUSE_HAL_DRIVER -DSTM32F303x8 -c -I../Core/Inc -I../Drivers/STM32F3xx_HAL_Driver/Inc -I../Drivers/STM32F3xx_HAL_Driver/Inc/Legacy -I../Drivers/CMSIS/Device/ST/STM32F3xx/Include -I../Drivers/CMSIS/Include -O0 -ffunction-sections -fdata-sections -Wall -fstack-usage -fcyclomatic-complexity -MMD -MP -MF"Drivers/STM32F3xx_HAL_Driver/Src/stm32f3xx_hal_rcc.d" -MT"Drivers/STM32F3xx_HAL_Driver/Src/stm32f3xx_hal_rcc.o" --specs=nano.specs -mfpu=fpv4-sp-d16 -mfloat-abi=hard -mthumb -o "Drivers/STM32F3xx_HAL_Driver/Src/stm32f3xx_hal_rcc.o"
arm-none-eabi-gcc "../Drivers/STM32F3xx_HAL_Driver/Src/stm32f3xx_hal_rcc_ex.c" -mcpu=cortex-m4 -std=gnu11 -g3 -DDEBUG -DUSE_HAL_DRIVER -DSTM32F303x8 -c -I../Core/Inc -I../Drivers/STM32F3xx_HAL_Driver/Inc -I../Drivers/STM32F3xx_HAL_Driver/Inc/Legacy -I../Drivers/CMSIS/Device/ST/STM32F3xx/Include -I../Drivers/CMSIS/Include -O0 -ffunction-sections -fdata-sections -Wall -fstack-usage -fcyclomatic-complexity -MMD -MP -MF"Drivers/STM32F3xx_HAL_Driver/Src/stm32f3xx_hal_rcc_ex.d" -MT"Drivers/STM32F3xx_HAL_Driver/Src/stm32f3xx_hal_rcc_ex.o" --specs=nano.specs -mfpu=fpv4-sp-d16 -mfloat-abi=hard -mthumb -o "Drivers/STM32F3xx_HAL_Driver/Src/stm32f3xx_hal_rcc_ex.o"
arm-none-eabi-gcc "../Drivers/STM32F3xx_HAL_Driver/Src/stm32f3xx_hal_tim.c" -mcpu=cortex-m4 -std=gnu11 -g3 -DDEBUG -DUSE_HAL_DRIVER -DSTM32F303x8 -c -I../Core/Inc -I../Drivers/STM32F3xx_HAL_Driver/Inc -I../Drivers/STM32F3xx_HAL_Driver/Inc/Legacy -I../Drivers/CMSIS/Device/ST/STM32F3xx/Include -I../Drivers/CMSIS/Include -O0 -ffunction-sections -fdata-sections -Wall -fstack-usage -fcyclomatic-complexity -MMD -MP -MF"Drivers/STM32F3xx_HAL_Driver/Src/stm32f3xx_hal_tim.d" -MT"Drivers/STM32F3xx_HAL_Driver/Src/stm32f3xx_hal_tim.o" --specs=nano.specs -mfpu=fpv4-sp-d16 -mfloat-abi=hard -mthumb -o "Drivers/STM32F3xx_HAL_Driver/Src/stm32f3xx_hal_tim.o"
arm-none-eabi-gcc "../Drivers/STM32F3xx_HAL_Driver/Src/stm32f3xx_hal_tim_ex.c" -mcpu=cortex-m4 -std=gnu11 -g3 -DDEBUG -DUSE_HAL_DRIVER -DSTM32F303x8 -c -I../Core/Inc -I../Drivers/STM32F3xx_HAL_Driver/Inc -I../Drivers/STM32F3xx_HAL_Driver/Inc/Legacy -I../Drivers/CMSIS/Device/ST/STM32F3xx/Include -I../Drivers/CMSIS/Include -O0 -ffunction-sections -fdata-sections -Wall -fstack-usage -fcyclomatic-complexity -MMD -MP -MF"Drivers/STM32F3xx_HAL_Driver/Src/stm32f3xx_hal_tim_ex.d" -MT"Drivers/STM32F3xx_HAL_Driver/Src/stm32f3xx_hal_tim_ex.o" --specs=nano.specs -mfpu=fpv4-sp-d16 -mfloat-abi=hard -mthumb -o "Drivers/STM32F3xx_HAL_Driver/Src/stm32f3xx_hal_tim_ex.o"
arm-none-eabi-gcc "../Drivers/STM32F3xx_HAL_Driver/Src/stm32f3xx_hal_uart.c" -mcpu=cortex-m4 -std=gnu11 -g3 -DDEBUG -DUSE_HAL_DRIVER -DSTM32F303x8 -c -I../Core/Inc -I../Drivers/STM32F3xx_HAL_Driver/Inc -I../Drivers/STM32F3xx_HAL_Driver/Inc/Legacy -I../Drivers/CMSIS/Device/ST/STM32F3xx/Include -I../Drivers/CMSIS/Include -O0 -ffunction-sections -fdata-sections -Wall -fstack-usage -fcyclomatic-complexity -MMD -MP -MF"Drivers/STM32F3xx_HAL_Driver/Src/stm32f3xx_hal_uart.d" -MT"Drivers/STM32F3xx_HAL_Driver/Src/stm32f3xx_hal_uart.o" --specs=nano.specs -mfpu=fpv4-sp-d16 -mfloat-abi=hard -mthumb -o "Drivers/STM32F3xx_HAL_Driver/Src/stm32f3xx_hal_uart.o"
arm-none-eabi-gcc "../Drivers/STM32F3xx_HAL_Driver/Src/stm32f3xx_hal_uart_ex.c" -mcpu=cortex-m4 -std=gnu11 -g3 -DDEBUG -DUSE_HAL_DRIVER -DSTM32F303x8 -c -I../Core/Inc -I../Drivers/STM32F3xx_HAL_Driver/Inc -I../Drivers/STM32F3xx_HAL_Driver/Inc/Legacy -I../Drivers/CMSIS/Device/ST/STM32F3xx/Include -I../Drivers/CMSIS/Include -O0 -ffunction-sections -fdata-sections -Wall -fstack-usage -fcyclomatic-complexity -MMD -MP -MF"Drivers/STM32F3xx_HAL_Driver/Src/stm32f3xx_hal_uart_ex.d" -MT"Drivers/STM32F3xx_HAL_Driver/Src/stm32f3xx_hal_uart_ex.o" --specs=nano.specs -mfpu=fpv4-sp-d16 -mfloat-abi=hard -mthumb -o "Drivers/STM32F3xx_HAL_Driver/Src/stm32f3xx_hal_uart_ex.o"
arm-none-eabi-gcc -mcpu=cortex-m4 -g3 -DDEBUG -c -x assembler-with-cpp -MMD -MP -MF"Core/Startup/startup_stm32f303k8tx.d" -MT"Core/Startup/startup_stm32f303k8tx.o" --specs=nano.specs -mfpu=fpv4-sp-d16 -mfloat-abi=hard -mthumb -o "Core/Startup/startup_stm32f303k8tx.o" "../Core/Startup/startup_stm32f303k8tx.s"
arm-none-eabi-gcc "../Core/Src/main.c" -mcpu=cortex-m4 -std=gnu11 -g3 -DDEBUG -DUSE_HAL_DRIVER -DSTM32F303x8 -c -I../Core/Inc -I../Drivers/STM32F3xx_HAL_Driver/Inc -I../Drivers/STM32F3xx_HAL_Driver/Inc/Legacy -I../Drivers/CMSIS/Device/ST/STM32F3xx/Include -I../Drivers/CMSIS/Include -O0 -ffunction-sections -fdata-sections -Wall -fstack-usage -fcyclomatic-complexity -MMD -MP -MF"Core/Src/main.d" -MT"Core/Src/main.o" --specs=nano.specs -mfpu=fpv4-sp-d16 -mfloat-abi=hard -mthumb -o "Core/Src/main.o"
arm-none-eabi-gcc "../Core/Src/stm32f3xx_hal_msp.c" -mcpu=cortex-m4 -std=gnu11 -g3 -DDEBUG -DUSE_HAL_DRIVER -DSTM32F303x8 -c -I../Core/Inc -I../Drivers/STM32F3xx_HAL_Driver/Inc -I../Drivers/STM32F3xx_HAL_Driver/Inc/Legacy -I../Drivers/CMSIS/Device/ST/STM32F3xx/Include -I../Drivers/CMSIS/Include -O0 -ffunction-sections -fdata-sections -Wall -fstack-usage -fcyclomatic-complexity -MMD -MP -MF"Core/Src/stm32f3xx_hal_msp.d" -MT"Core/Src/stm32f3xx_hal_msp.o" --specs=nano.specs -mfpu=fpv4-sp-d16 -mfloat-abi=hard -mthumb -o "Core/Src/stm32f3xx_hal_msp.o"
arm-none-eabi-gcc "../Core/Src/stm32f3xx_it.c" -mcpu=cortex-m4 -std=gnu11 -g3 -DDEBUG -DUSE_HAL_DRIVER -DSTM32F303x8 -c -I../Core/Inc -I../Drivers/STM32F3xx_HAL_Driver/Inc -I../Drivers/STM32F3xx_HAL_Driver/Inc/Legacy -I../Drivers/CMSIS/Device/ST/STM32F3xx/Include -I../Drivers/CMSIS/Include -O0 -ffunction-sections -fdata-sections -Wall -fstack-usage -fcyclomatic-complexity -MMD -MP -MF"Core/Src/stm32f3xx_it.d" -MT"Core/Src/stm32f3xx_it.o" --specs=nano.specs -mfpu=fpv4-sp-d16 -mfloat-abi=hard -mthumb -o "Core/Src/stm32f3xx_it.o"
arm-none-eabi-gcc "../Core/Src/syscalls.c" -mcpu=cortex-m4 -std=gnu11 -g3 -DDEBUG -DUSE_HAL_DRIVER -DSTM32F303x8 -c -I../Core/Inc -I../Drivers/STM32F3xx_HAL_Driver/Inc -I../Drivers/STM32F3xx_HAL_Driver/Inc/Legacy -I../Drivers/CMSIS/Device/ST/STM32F3xx/Include -I../Drivers/CMSIS/Include -O0 -ffunction-sections -fdata-sections -Wall -fstack-usage -fcyclomatic-complexity -MMD -MP -MF"Core/Src/syscalls.d" -MT"Core/Src/syscalls.o" --specs=nano.specs -mfpu=fpv4-sp-d16 -mfloat-abi=hard -mthumb -o "Core/Src/syscalls.o"
arm-none-eabi-gcc "../Core/Src/sysmem.c" -mcpu=cortex-m4 -std=gnu11 -g3 -DDEBUG -DUSE_HAL_DRIVER -DSTM32F303x8 -c -I../Core/Inc -I../Drivers/STM32F3xx_HAL_Driver/Inc -I../Drivers/STM32F3xx_HAL_Driver/Inc/Legacy -I../Drivers/CMSIS/Device/ST/STM32F3xx/Include -I../Drivers/CMSIS/Include -O0 -ffunction-sections -fdata-sections -Wall -fstack-usage -fcyclomatic-complexity -MMD -MP -MF"Core/Src/sysmem.d" -MT"Core/Src/sysmem.o" --specs=nano.specs -mfpu=fpv4-sp-d16 -mfloat-abi=hard -mthumb -o "Core/Src/sysmem.o"
arm-none-eabi-gcc "../Core/Src/system_stm32f3xx.c" -mcpu=cortex-m4 -std=gnu11 -g3 -DDEBUG -DUSE_HAL_DRIVER -DSTM32F303x8 -c -I../Core/Inc -I../Drivers/STM32F3xx_HAL_Driver/Inc -I../Drivers/STM32F3xx_HAL_Driver/Inc/Legacy -I../Drivers/CMSIS/Device/ST/STM32F3xx/Include -I../Drivers/CMSIS/Include -O0 -ffunction-sections -fdata-sections -Wall -fstack-usage -fcyclomatic-complexity -MMD -MP -MF"Core/Src/system_stm32f3xx.d" -MT"Core/Src/system_stm32f3xx.o" --specs=nano.specs -mfpu=fpv4-sp-d16 -mfloat-abi=hard -mthumb -o "Core/Src/system_stm32f3xx.o"
arm-none-eabi-gcc -o "erro.elf" @"objects.list"   -mcpu=cortex-m4 -T"C:\Users\mizun\Documents\GitHub\2024_Oidengiken\cubeIDE\gyro\erro\STM32F303K8TX_FLASH.ld" --specs=nosys.specs -Wl,-Map="erro.map" -Wl,--gc-sections -static --specs=nano.specs -mfpu=fpv4-sp-d16 -mfloat-abi=hard -mthumb -Wl,--start-group -lc -lm -Wl,--end-group
Finished building target: erro.elf
 
arm-none-eabi-size  erro.elf 
arm-none-eabi-objdump -h -S erro.elf  > "erro.list"
   text	   data	    bss	    dec	    hex	filename
   9956	     20	   1708	  11684	   2da4	erro.elf
Finished building: default.size.stdout
 
Finished building: erro.list
 
22:45:16 **** Incremental Build of configuration Debug for project erro ****
make -j16 all 
arm-none-eabi-size  erro.elf 
   text	   data	    bss	    dec	    hex	filename
   9956	     20	   1708	  11684	   2da4	erro.elf
Finished building: default.size.stdout
 
22:45:28 **** Incremental Build of configuration Debug for project erro ****
make -j16 all 
arm-none-eabi-size  erro.elf 
   text	   data	    bss	    dec	    hex	filename
   9956	     20	   1708	  11684	   2da4	erro.elf
Finished building: default.size.stdout
 
22:46:08 **** Incremental Build of configuration Debug for project erro ****
make -j16 all 
arm-none-eabi-gcc "../Core/Src/main.c" -mcpu=cortex-m4 -std=gnu11 -g3 -DDEBUG -DUSE_HAL_DRIVER -DSTM32F303x8 -c -I../Core/Inc -I../Drivers/STM32F3xx_HAL_Driver/Inc -I../Drivers/STM32F3xx_HAL_Driver/Inc/Legacy -I../Drivers/CMSIS/Device/ST/STM32F3xx/Include -I../Drivers/CMSIS/Include -O0 -ffunction-sections -fdata-sections -Wall -fstack-usage -fcyclomatic-complexity -MMD -MP -MF"Core/Src/main.d" -MT"Core/Src/main.o" --specs=nano.specs -mfpu=fpv4-sp-d16 -mfloat-abi=hard -mthumb -o "Core/Src/main.o"
arm-none-eabi-gcc "../Core/Src/stm32f3xx_hal_msp.c" -mcpu=cortex-m4 -std=gnu11 -g3 -DDEBUG -DUSE_HAL_DRIVER -DSTM32F303x8 -c -I../Core/Inc -I../Drivers/STM32F3xx_HAL_Driver/Inc -I../Drivers/STM32F3xx_HAL_Driver/Inc/Legacy -I../Drivers/CMSIS/Device/ST/STM32F3xx/Include -I../Drivers/CMSIS/Include -O0 -ffunction-sections -fdata-sections -Wall -fstack-usage -fcyclomatic-complexity -MMD -MP -MF"Core/Src/stm32f3xx_hal_msp.d" -MT"Core/Src/stm32f3xx_hal_msp.o" --specs=nano.specs -mfpu=fpv4-sp-d16 -mfloat-abi=hard -mthumb -o "Core/Src/stm32f3xx_hal_msp.o"
arm-none-eabi-gcc -o "erro.elf" @"objects.list"   -mcpu=cortex-m4 -T"C:\Users\mizun\Documents\GitHub\2024_Oidengiken\cubeIDE\gyro\erro\STM32F303K8TX_FLASH.ld" --specs=nosys.specs -Wl,-Map="erro.map" -Wl,--gc-sections -static --specs=nano.specs -mfpu=fpv4-sp-d16 -mfloat-abi=hard -mthumb -Wl,--start-group -lc -lm -Wl,--end-group
Finished building target: erro.elf
 
arm-none-eabi-size  erro.elf 
arm-none-eabi-objdump -h -S erro.elf  > "erro.list"
   text	   data	    bss	    dec	    hex	filename
  11472	     20	   1788	  13280	   33e0	erro.elf
Finished building: default.size.stdout
 
Finished building: erro.list
 
22:46:52 **** Incremental Build of configuration Debug for project erro ****
make -j16 all 
arm-none-eabi-gcc "../Core/Src/main.c" -mcpu=cortex-m4 -std=gnu11 -g3 -DDEBUG -DUSE_HAL_DRIVER -DSTM32F303x8 -c -I../Core/Inc -I../Drivers/STM32F3xx_HAL_Driver/Inc -I../Drivers/STM32F3xx_HAL_Driver/Inc/Legacy -I../Drivers/CMSIS/Device/ST/STM32F3xx/Include -I../Drivers/CMSIS/Include -O0 -ffunction-sections -fdata-sections -Wall -fstack-usage -fcyclomatic-complexity -MMD -MP -MF"Core/Src/main.d" -MT"Core/Src/main.o" --specs=nano.specs -mfpu=fpv4-sp-d16 -mfloat-abi=hard -mthumb -o "Core/Src/main.o"
../Core/Src/main.c: In function 'main':
../Core/Src/main.c:97:14: warning: unused variable 'str' [-Wunused-variable]
   97 |         char str;
      |              ^~~
../Core/Src/main.c:96:13: warning: unused variable 'intbuff' [-Wunused-variable]
   96 |         int intbuff;
      |             ^~~~~~~
../Core/Src/main.c:95:17: warning: unused variable 'buff' [-Wunused-variable]
   95 |         uint8_t buff;
      |                 ^~~~
arm-none-eabi-gcc -o "erro.elf" @"objects.list"   -mcpu=cortex-m4 -T"C:\Users\mizun\Documents\GitHub\2024_Oidengiken\cubeIDE\gyro\erro\STM32F303K8TX_FLASH.ld" --specs=nosys.specs -Wl,-Map="erro.map" -Wl,--gc-sections -static --specs=nano.specs -mfpu=fpv4-sp-d16 -mfloat-abi=hard -mthumb -Wl,--start-group -lc -lm -Wl,--end-group
Finished building target: erro.elf
 
arm-none-eabi-size  erro.elf 
arm-none-eabi-objdump -h -S erro.elf  > "erro.list"
   text	   data	    bss	    dec	    hex	filename
  11472	     20	   1788	  13280	   33e0	erro.elf
Finished building: default.size.stdout
 
Finished building: erro.list
 
22:47:02 **** Incremental Build of configuration Debug for project erro ****
make -j16 all 
arm-none-eabi-size  erro.elf 
   text	   data	    bss	    dec	    hex	filename
  11472	     20	   1788	  13280	   33e0	erro.elf
Finished building: default.size.stdout
 
22:47:16 **** Incremental Build of configuration Debug for project erro ****
make -j16 all 
arm-none-eabi-size  erro.elf 
   text	   data	    bss	    dec	    hex	filename
  11472	     20	   1788	  13280	   33e0	erro.elf
Finished building: default.size.stdout
 
22:47:47 **** Incremental Build of configuration Debug for project erro ****
make -j16 all 
arm-none-eabi-gcc "../Core/Src/main.c" -mcpu=cortex-m4 -std=gnu11 -g3 -DDEBUG -DUSE_HAL_DRIVER -DSTM32F303x8 -c -I../Core/Inc -I../Drivers/STM32F3xx_HAL_Driver/Inc -I../Drivers/STM32F3xx_HAL_Driver/Inc/Legacy -I../Drivers/CMSIS/Device/ST/STM32F3xx/Include -I../Drivers/CMSIS/Include -O0 -ffunction-sections -fdata-sections -Wall -fstack-usage -fcyclomatic-complexity -MMD -MP -MF"Core/Src/main.d" -MT"Core/Src/main.o" --specs=nano.specs -mfpu=fpv4-sp-d16 -mfloat-abi=hard -mthumb -o "Core/Src/main.o"
../Core/Src/main.c: In function 'main':
../Core/Src/main.c:105:17: warning: implicit declaration of function 'sprintf' [-Wimplicit-function-declaration]
  105 |                 sprintf(str, "%d\n\r", intbuff);
      |                 ^~~~~~~
../Core/Src/main.c:21:1: note: include '<stdio.h>' or provide a declaration of 'sprintf'
   20 | #include "main.h"
  +++ |+#include <stdio.h>
   21 | 
../Core/Src/main.c:105:17: warning: incompatible implicit declaration of built-in function 'sprintf' [-Wbuiltin-declaration-mismatch]
  105 |                 sprintf(str, "%d\n\r", intbuff);
      |                 ^~~~~~~
../Core/Src/main.c:105:17: note: include '<stdio.h>' or provide a declaration of 'sprintf'
../Core/Src/main.c:105:25: warning: passing argument 1 of 'sprintf' makes pointer from integer without a cast [-Wint-conversion]
  105 |                 sprintf(str, "%d\n\r", intbuff);
      |                         ^~~
      |                         |
      |                         char
../Core/Src/main.c:105:25: note: expected 'char *' but argument is of type 'char'
../Core/Src/main.c:106:50: warning: implicit declaration of function 'strlen' [-Wimplicit-function-declaration]
  106 |                 HAL_UART_Transmit(&huart2, &str, strlen(str), 1000);
      |                                                  ^~~~~~
../Core/Src/main.c:21:1: note: include '<string.h>' or provide a declaration of 'strlen'
   20 | #include "main.h"
  +++ |+#include <string.h>
   21 | 
../Core/Src/main.c:106:50: warning: incompatible implicit declaration of built-in function 'strlen' [-Wbuiltin-declaration-mismatch]
  106 |                 HAL_UART_Transmit(&huart2, &str, strlen(str), 1000);
      |                                                  ^~~~~~
../Core/Src/main.c:106:50: note: include '<string.h>' or provide a declaration of 'strlen'
../Core/Src/main.c:106:57: warning: passing argument 1 of 'strlen' makes pointer from integer without a cast [-Wint-conversion]
  106 |                 HAL_UART_Transmit(&huart2, &str, strlen(str), 1000);
      |                                                         ^~~
      |                                                         |
      |                                                         char
../Core/Src/main.c:106:57: note: expected 'const char *' but argument is of type 'char'
../Core/Src/main.c:106:44: warning: pointer targets in passing argument 2 of 'HAL_UART_Transmit' differ in signedness [-Wpointer-sign]
  106 |                 HAL_UART_Transmit(&huart2, &str, strlen(str), 1000);
      |                                            ^~~~
      |                                            |
      |                                            char *
In file included from ../Core/Inc/stm32f3xx_hal_conf.h:327,
                 from ../Drivers/STM32F3xx_HAL_Driver/Inc/stm32f3xx_hal.h:29,
                 from ../Core/Inc/main.h:30,
                 from ../Core/Src/main.c:20:
../Drivers/STM32F3xx_HAL_Driver/Inc/stm32f3xx_hal_uart.h:1486:79: note: expected 'const uint8_t *' {aka 'const unsigned char *'} but argument is of type 'char *'
 1486 | HAL_StatusTypeDef HAL_UART_Transmit(UART_HandleTypeDef *huart, const uint8_t *pData, uint16_t Size, uint32_t Timeout);
      |                                                                ~~~~~~~~~~~~~~~^~~~~
../Core/Src/main.c:95:17: warning: unused variable 'buff' [-Wunused-variable]
   95 |         uint8_t buff;
      |                 ^~~~
arm-none-eabi-gcc -o "erro.elf" @"objects.list"   -mcpu=cortex-m4 -T"C:\Users\mizun\Documents\GitHub\2024_Oidengiken\cubeIDE\gyro\erro\STM32F303K8TX_FLASH.ld" --specs=nosys.specs -Wl,-Map="erro.map" -Wl,--gc-sections -static --specs=nano.specs -mfpu=fpv4-sp-d16 -mfloat-abi=hard -mthumb -Wl,--start-group -lc -lm -Wl,--end-group
Finished building target: erro.elf
 
arm-none-eabi-size  erro.elf 
arm-none-eabi-objdump -h -S erro.elf  > "erro.list"
   text	   data	    bss	    dec	    hex	filename
  14428	    100	   2124	  16652	   410c	erro.elf
Finished building: default.size.stdout
 
Finished building: erro.list
 
22:49:44 **** Incremental Build of configuration Debug for project gyro_nolibrary2 ****
make -j16 all 
arm-none-eabi-gcc "../Core/Src/main.c" -mcpu=cortex-m4 -std=gnu11 -g3 -DDEBUG -DUSE_HAL_DRIVER -DSTM32F303x8 -c -I../Core/Inc -I../Drivers/STM32F3xx_HAL_Driver/Inc -I../Drivers/STM32F3xx_HAL_Driver/Inc/Legacy -I../Drivers/CMSIS/Device/ST/STM32F3xx/Include -I../Drivers/CMSIS/Include -O0 -ffunction-sections -fdata-sections -Wall -fstack-usage -fcyclomatic-complexity -MMD -MP -MF"Core/Src/main.d" -MT"Core/Src/main.o" --specs=nano.specs -mfpu=fpv4-sp-d16 -mfloat-abi=hard -mthumb -o "Core/Src/main.o"
../Core/Src/main.c: In function 'main':
../Core/Src/main.c:105:17: warning: implicit declaration of function 'sprintf' [-Wimplicit-function-declaration]
  105 |                 sprintf(str, "%d\n\r", intbuff);
      |                 ^~~~~~~
../Core/Src/main.c:21:1: note: include '<stdio.h>' or provide a declaration of 'sprintf'
   20 | #include "main.h"
  +++ |+#include <stdio.h>
   21 | 
../Core/Src/main.c:105:17: warning: incompatible implicit declaration of built-in function 'sprintf' [-Wbuiltin-declaration-mismatch]
  105 |                 sprintf(str, "%d\n\r", intbuff);
      |                 ^~~~~~~
../Core/Src/main.c:105:17: note: include '<stdio.h>' or provide a declaration of 'sprintf'
../Core/Src/main.c:106:50: warning: implicit declaration of function 'strlen' [-Wimplicit-function-declaration]
  106 |                 HAL_UART_Transmit(&huart2, &str, strlen(str), 1000);
      |                                                  ^~~~~~
../Core/Src/main.c:21:1: note: include '<string.h>' or provide a declaration of 'strlen'
   20 | #include "main.h"
  +++ |+#include <string.h>
   21 | 
../Core/Src/main.c:106:50: warning: incompatible implicit declaration of built-in function 'strlen' [-Wbuiltin-declaration-mismatch]
  106 |                 HAL_UART_Transmit(&huart2, &str, strlen(str), 1000);
      |                                                  ^~~~~~
../Core/Src/main.c:106:50: note: include '<string.h>' or provide a declaration of 'strlen'
../Core/Src/main.c:106:44: warning: passing argument 2 of 'HAL_UART_Transmit' from incompatible pointer type [-Wincompatible-pointer-types]
  106 |                 HAL_UART_Transmit(&huart2, &str, strlen(str), 1000);
      |                                            ^~~~
      |                                            |
      |                                            char (*)[10]
In file included from ../Core/Inc/stm32f3xx_hal_conf.h:327,
                 from ../Drivers/STM32F3xx_HAL_Driver/Inc/stm32f3xx_hal.h:29,
                 from ../Core/Inc/main.h:30,
                 from ../Core/Src/main.c:20:
../Drivers/STM32F3xx_HAL_Driver/Inc/stm32f3xx_hal_uart.h:1486:79: note: expected 'const uint8_t *' {aka 'const unsigned char *'} but argument is of type 'char (*)[10]'
 1486 | HAL_StatusTypeDef HAL_UART_Transmit(UART_HandleTypeDef *huart, const uint8_t *pData, uint16_t Size, uint32_t Timeout);
      |                                                                ~~~~~~~~~~~~~~~^~~~~
../Core/Src/main.c:95:17: warning: unused variable 'buff' [-Wunused-variable]
   95 |         uint8_t buff;
      |                 ^~~~
arm-none-eabi-gcc -o "gyro_nolibrary2.elf" @"objects.list"   -mcpu=cortex-m4 -T"C:\Users\mizun\Documents\GitHub\2024_Oidengiken\cubeIDE\gyro\gyro_nolibrary2\STM32F303K8TX_FLASH.ld" --specs=nosys.specs -Wl,-Map="gyro_nolibrary2.map" -Wl,--gc-sections -static --specs=nano.specs -mfpu=fpv4-sp-d16 -mfloat-abi=hard -mthumb -Wl,--start-group -lc -lm -Wl,--end-group
Finished building target: gyro_nolibrary2.elf
 
arm-none-eabi-size  gyro_nolibrary2.elf 
arm-none-eabi-objdump -h -S gyro_nolibrary2.elf  > "gyro_nolibrary2.list"
   text	   data	    bss	    dec	    hex	filename
  14428	    100	   2124	  16652	   410c	gyro_nolibrary2.elf
Finished building: default.size.stdout
 
Finished building: gyro_nolibrary2.list
 
22:49:56 **** Incremental Build of configuration Debug for project gyro_nolibrary2 ****
make -j16 all 
arm-none-eabi-size  gyro_nolibrary2.elf 
   text	   data	    bss	    dec	    hex	filename
  14428	    100	   2124	  16652	   410c	gyro_nolibrary2.elf
Finished building: default.size.stdout
 
22:51:08 **** Incremental Build of configuration Debug for project gyro_nolibrary2 ****
make -j16 all 
arm-none-eabi-gcc "../Core/Src/main.c" -mcpu=cortex-m4 -std=gnu11 -g3 -DDEBUG -DUSE_HAL_DRIVER -DSTM32F303x8 -c -I../Core/Inc -I../Drivers/STM32F3xx_HAL_Driver/Inc -I../Drivers/STM32F3xx_HAL_Driver/Inc/Legacy -I../Drivers/CMSIS/Device/ST/STM32F3xx/Include -I../Drivers/CMSIS/Include -O0 -ffunction-sections -fdata-sections -Wall -fstack-usage -fcyclomatic-complexity -MMD -MP -MF"Core/Src/main.d" -MT"Core/Src/main.o" --specs=nano.specs -mfpu=fpv4-sp-d16 -mfloat-abi=hard -mthumb -o "Core/Src/main.o"
../Core/Src/main.c: In function 'main':
../Core/Src/main.c:105:17: warning: implicit declaration of function 'sprintf' [-Wimplicit-function-declaration]
  105 |                 sprintf(str, "%d\n\r", intbuff);
      |                 ^~~~~~~
../Core/Src/main.c:21:1: note: include '<stdio.h>' or provide a declaration of 'sprintf'
   20 | #include "main.h"
  +++ |+#include <stdio.h>
   21 | 
../Core/Src/main.c:105:17: warning: incompatible implicit declaration of built-in function 'sprintf' [-Wbuiltin-declaration-mismatch]
  105 |                 sprintf(str, "%d\n\r", intbuff);
      |                 ^~~~~~~
../Core/Src/main.c:105:17: note: include '<stdio.h>' or provide a declaration of 'sprintf'
../Core/Src/main.c:106:50: warning: implicit declaration of function 'strlen' [-Wimplicit-function-declaration]
  106 |                 HAL_UART_Transmit(&huart2, &str, strlen(str), 1000);
      |                                                  ^~~~~~
../Core/Src/main.c:21:1: note: include '<string.h>' or provide a declaration of 'strlen'
   20 | #include "main.h"
  +++ |+#include <string.h>
   21 | 
../Core/Src/main.c:106:50: warning: incompatible implicit declaration of built-in function 'strlen' [-Wbuiltin-declaration-mismatch]
  106 |                 HAL_UART_Transmit(&huart2, &str, strlen(str), 1000);
      |                                                  ^~~~~~
../Core/Src/main.c:106:50: note: include '<string.h>' or provide a declaration of 'strlen'
../Core/Src/main.c:106:44: warning: passing argument 2 of 'HAL_UART_Transmit' from incompatible pointer type [-Wincompatible-pointer-types]
  106 |                 HAL_UART_Transmit(&huart2, &str, strlen(str), 1000);
      |                                            ^~~~
      |                                            |
      |                                            char (*)[10]
In file included from ../Core/Inc/stm32f3xx_hal_conf.h:327,
                 from ../Drivers/STM32F3xx_HAL_Driver/Inc/stm32f3xx_hal.h:29,
                 from ../Core/Inc/main.h:30,
                 from ../Core/Src/main.c:20:
../Drivers/STM32F3xx_HAL_Driver/Inc/stm32f3xx_hal_uart.h:1486:79: note: expected 'const uint8_t *' {aka 'const unsigned char *'} but argument is of type 'char (*)[10]'
 1486 | HAL_StatusTypeDef HAL_UART_Transmit(UART_HandleTypeDef *huart, const uint8_t *pData, uint16_t Size, uint32_t Timeout);
      |                                                                ~~~~~~~~~~~~~~~^~~~~
../Core/Src/main.c:95:17: warning: unused variable 'buff' [-Wunused-variable]
   95 |         uint8_t buff;
      |                 ^~~~
arm-none-eabi-gcc -o "gyro_nolibrary2.elf" @"objects.list"   -mcpu=cortex-m4 -T"C:\Users\mizun\Documents\GitHub\2024_Oidengiken\cubeIDE\gyro\gyro_nolibrary2\STM32F303K8TX_FLASH.ld" --specs=nosys.specs -Wl,-Map="gyro_nolibrary2.map" -Wl,--gc-sections -static --specs=nano.specs -mfpu=fpv4-sp-d16 -mfloat-abi=hard -mthumb -Wl,--start-group -lc -lm -Wl,--end-group
Finished building target: gyro_nolibrary2.elf
 
arm-none-eabi-size  gyro_nolibrary2.elf 
arm-none-eabi-objdump -h -S gyro_nolibrary2.elf  > "gyro_nolibrary2.list"
   text	   data	    bss	    dec	    hex	filename
  14428	    100	   2124	  16652	   410c	gyro_nolibrary2.elf
Finished building: default.size.stdout
 
Finished building: gyro_nolibrary2.list
 
22:51:38 **** Incremental Build of configuration Debug for project gyro_nolibrary2 ****
make -j16 all 
arm-none-eabi-size  gyro_nolibrary2.elf 
   text	   data	    bss	    dec	    hex	filename
  14428	    100	   2124	  16652	   410c	gyro_nolibrary2.elf
Finished building: default.size.stdout
 
15:32:23 **** Incremental Build of configuration Debug for project gyro_nolibrary2 ****
make -j16 all 
arm-none-eabi-size  gyro_nolibrary2.elf 
   text	   data	    bss	    dec	    hex	filename
  14428	    100	   2124	  16652	   410c	gyro_nolibrary2.elf
Finished building: default.size.stdout
 
15:34:58 **** Incremental Build of configuration Debug for project gyro_nolibrary2 ****
make -j16 all 
arm-none-eabi-size  gyro_nolibrary2.elf 
   text	   data	    bss	    dec	    hex	filename
  14428	    100	   2124	  16652	   410c	gyro_nolibrary2.elf
Finished building: default.size.stdout
 
15:35:17 **** Incremental Build of configuration Debug for project gyro_nolibrary2 ****
make -j16 all 
arm-none-eabi-gcc "../Core/Src/main.c" -mcpu=cortex-m4 -std=gnu11 -g3 -DDEBUG -DUSE_HAL_DRIVER -DSTM32F303x8 -c -I../Core/Inc -I../Drivers/STM32F3xx_HAL_Driver/Inc -I../Drivers/STM32F3xx_HAL_Driver/Inc/Legacy -I../Drivers/CMSIS/Device/ST/STM32F3xx/Include -I../Drivers/CMSIS/Include -O0 -ffunction-sections -fdata-sections -Wall -fstack-usage -fcyclomatic-complexity -MMD -MP -MF"Core/Src/main.d" -MT"Core/Src/main.o" --specs=nano.specs -mfpu=fpv4-sp-d16 -mfloat-abi=hard -mthumb -o "Core/Src/main.o"
../Core/Src/main.c: In function 'main':
../Core/Src/main.c:105:17: warning: implicit declaration of function 'sprintf' [-Wimplicit-function-declaration]
  105 |                 sprintf(str, "%d\n\r", intbuff);
      |                 ^~~~~~~
../Core/Src/main.c:21:1: note: include '<stdio.h>' or provide a declaration of 'sprintf'
   20 | #include "main.h"
  +++ |+#include <stdio.h>
   21 | 
../Core/Src/main.c:105:17: warning: incompatible implicit declaration of built-in function 'sprintf' [-Wbuiltin-declaration-mismatch]
  105 |                 sprintf(str, "%d\n\r", intbuff);
      |                 ^~~~~~~
../Core/Src/main.c:105:17: note: include '<stdio.h>' or provide a declaration of 'sprintf'
../Core/Src/main.c:106:50: warning: implicit declaration of function 'strlen' [-Wimplicit-function-declaration]
  106 |                 HAL_UART_Transmit(&huart2, &str, strlen(str), 1000);
      |                                                  ^~~~~~
../Core/Src/main.c:21:1: note: include '<string.h>' or provide a declaration of 'strlen'
   20 | #include "main.h"
  +++ |+#include <string.h>
   21 | 
../Core/Src/main.c:106:50: warning: incompatible implicit declaration of built-in function 'strlen' [-Wbuiltin-declaration-mismatch]
  106 |                 HAL_UART_Transmit(&huart2, &str, strlen(str), 1000);
      |                                                  ^~~~~~
../Core/Src/main.c:106:50: note: include '<string.h>' or provide a declaration of 'strlen'
../Core/Src/main.c:106:44: warning: passing argument 2 of 'HAL_UART_Transmit' from incompatible pointer type [-Wincompatible-pointer-types]
  106 |                 HAL_UART_Transmit(&huart2, &str, strlen(str), 1000);
      |                                            ^~~~
      |                                            |
      |                                            char (*)[10]
In file included from ../Core/Inc/stm32f3xx_hal_conf.h:327,
                 from ../Drivers/STM32F3xx_HAL_Driver/Inc/stm32f3xx_hal.h:29,
                 from ../Core/Inc/main.h:30,
                 from ../Core/Src/main.c:20:
../Drivers/STM32F3xx_HAL_Driver/Inc/stm32f3xx_hal_uart.h:1486:79: note: expected 'const uint8_t *' {aka 'const unsigned char *'} but argument is of type 'char (*)[10]'
 1486 | HAL_StatusTypeDef HAL_UART_Transmit(UART_HandleTypeDef *huart, const uint8_t *pData, uint16_t Size, uint32_t Timeout);
      |                                                                ~~~~~~~~~~~~~~~^~~~~
../Core/Src/main.c:95:17: warning: unused variable 'buff' [-Wunused-variable]
   95 |         uint8_t buff;
      |                 ^~~~
arm-none-eabi-gcc -o "gyro_nolibrary2.elf" @"objects.list"   -mcpu=cortex-m4 -T"C:\Users\mizun\Documents\GitHub\2024_Oidengiken\cubeIDE\gyro\gyro_nolibrary2\STM32F303K8TX_FLASH.ld" --specs=nosys.specs -Wl,-Map="gyro_nolibrary2.map" -Wl,--gc-sections -static --specs=nano.specs -mfpu=fpv4-sp-d16 -mfloat-abi=hard -mthumb -Wl,--start-group -lc -lm -Wl,--end-group
Finished building target: gyro_nolibrary2.elf
 
arm-none-eabi-size  gyro_nolibrary2.elf 
arm-none-eabi-objdump -h -S gyro_nolibrary2.elf  > "gyro_nolibrary2.list"
   text	   data	    bss	    dec	    hex	filename
  14428	    100	   2124	  16652	   410c	gyro_nolibrary2.elf
Finished building: default.size.stdout
 
Finished building: gyro_nolibrary2.list
 
15:35:45 **** Incremental Build of configuration Debug for project gyro_nolibrary2 ****
make -j16 all 
arm-none-eabi-size  gyro_nolibrary2.elf 
   text	   data	    bss	    dec	    hex	filename
  14428	    100	   2124	  16652	   410c	gyro_nolibrary2.elf
Finished building: default.size.stdout
 
15:36:17 **** Incremental Build of configuration Debug for project gyro_nolibrary2 ****
make -j16 all 
arm-none-eabi-gcc "../Core/Src/main.c" -mcpu=cortex-m4 -std=gnu11 -g3 -DDEBUG -DUSE_HAL_DRIVER -DSTM32F303x8 -c -I../Core/Inc -I../Drivers/STM32F3xx_HAL_Driver/Inc -I../Drivers/STM32F3xx_HAL_Driver/Inc/Legacy -I../Drivers/CMSIS/Device/ST/STM32F3xx/Include -I../Drivers/CMSIS/Include -O0 -ffunction-sections -fdata-sections -Wall -fstack-usage -fcyclomatic-complexity -MMD -MP -MF"Core/Src/main.d" -MT"Core/Src/main.o" --specs=nano.specs -mfpu=fpv4-sp-d16 -mfloat-abi=hard -mthumb -o "Core/Src/main.o"
../Core/Src/main.c: In function 'main':
../Core/Src/main.c:105:17: warning: implicit declaration of function 'sprintf' [-Wimplicit-function-declaration]
  105 |                 sprintf(str, "%d\n\r", intbuff);
      |                 ^~~~~~~
../Core/Src/main.c:21:1: note: include '<stdio.h>' or provide a declaration of 'sprintf'
   20 | #include "main.h"
  +++ |+#include <stdio.h>
   21 | 
../Core/Src/main.c:105:17: warning: incompatible implicit declaration of built-in function 'sprintf' [-Wbuiltin-declaration-mismatch]
  105 |                 sprintf(str, "%d\n\r", intbuff);
      |                 ^~~~~~~
../Core/Src/main.c:105:17: note: include '<stdio.h>' or provide a declaration of 'sprintf'
../Core/Src/main.c:106:50: warning: implicit declaration of function 'strlen' [-Wimplicit-function-declaration]
  106 |                 HAL_UART_Transmit(&huart2, &str, strlen(str), 1000);
      |                                                  ^~~~~~
../Core/Src/main.c:21:1: note: include '<string.h>' or provide a declaration of 'strlen'
   20 | #include "main.h"
  +++ |+#include <string.h>
   21 | 
../Core/Src/main.c:106:50: warning: incompatible implicit declaration of built-in function 'strlen' [-Wbuiltin-declaration-mismatch]
  106 |                 HAL_UART_Transmit(&huart2, &str, strlen(str), 1000);
      |                                                  ^~~~~~
../Core/Src/main.c:106:50: note: include '<string.h>' or provide a declaration of 'strlen'
../Core/Src/main.c:106:44: warning: passing argument 2 of 'HAL_UART_Transmit' from incompatible pointer type [-Wincompatible-pointer-types]
  106 |                 HAL_UART_Transmit(&huart2, &str, strlen(str), 1000);
      |                                            ^~~~
      |                                            |
      |                                            char (*)[100]
In file included from ../Core/Inc/stm32f3xx_hal_conf.h:327,
                 from ../Drivers/STM32F3xx_HAL_Driver/Inc/stm32f3xx_hal.h:29,
                 from ../Core/Inc/main.h:30,
                 from ../Core/Src/main.c:20:
../Drivers/STM32F3xx_HAL_Driver/Inc/stm32f3xx_hal_uart.h:1486:79: note: expected 'const uint8_t *' {aka 'const unsigned char *'} but argument is of type 'char (*)[100]'
 1486 | HAL_StatusTypeDef HAL_UART_Transmit(UART_HandleTypeDef *huart, const uint8_t *pData, uint16_t Size, uint32_t Timeout);
      |                                                                ~~~~~~~~~~~~~~~^~~~~
../Core/Src/main.c:95:17: warning: unused variable 'buff' [-Wunused-variable]
   95 |         uint8_t buff;
      |                 ^~~~
arm-none-eabi-gcc -o "gyro_nolibrary2.elf" @"objects.list"   -mcpu=cortex-m4 -T"C:\Users\mizun\Documents\GitHub\2024_Oidengiken\cubeIDE\gyro\gyro_nolibrary2\STM32F303K8TX_FLASH.ld" --specs=nosys.specs -Wl,-Map="gyro_nolibrary2.map" -Wl,--gc-sections -static --specs=nano.specs -mfpu=fpv4-sp-d16 -mfloat-abi=hard -mthumb -Wl,--start-group -lc -lm -Wl,--end-group
Finished building target: gyro_nolibrary2.elf
 
arm-none-eabi-size  gyro_nolibrary2.elf 
arm-none-eabi-objdump -h -S gyro_nolibrary2.elf  > "gyro_nolibrary2.list"
   text	   data	    bss	    dec	    hex	filename
  14428	    100	   2124	  16652	   410c	gyro_nolibrary2.elf
Finished building: default.size.stdout
 
Finished building: gyro_nolibrary2.list
 
15:36:50 **** Incremental Build of configuration Debug for project gyro_nolibrary2 ****
make -j16 all 
arm-none-eabi-gcc "../Core/Src/main.c" -mcpu=cortex-m4 -std=gnu11 -g3 -DDEBUG -DUSE_HAL_DRIVER -DSTM32F303x8 -c -I../Core/Inc -I../Drivers/STM32F3xx_HAL_Driver/Inc -I../Drivers/STM32F3xx_HAL_Driver/Inc/Legacy -I../Drivers/CMSIS/Device/ST/STM32F3xx/Include -I../Drivers/CMSIS/Include -O0 -ffunction-sections -fdata-sections -Wall -fstack-usage -fcyclomatic-complexity -MMD -MP -MF"Core/Src/main.d" -MT"Core/Src/main.o" --specs=nano.specs -mfpu=fpv4-sp-d16 -mfloat-abi=hard -mthumb -o "Core/Src/main.o"
../Core/Src/main.c: In function 'main':
../Core/Src/main.c:105:17: warning: implicit declaration of function 'sprintf' [-Wimplicit-function-declaration]
  105 |                 sprintf(str, "%d\n\r", 100);
      |                 ^~~~~~~
../Core/Src/main.c:21:1: note: include '<stdio.h>' or provide a declaration of 'sprintf'
   20 | #include "main.h"
  +++ |+#include <stdio.h>
   21 | 
../Core/Src/main.c:105:17: warning: incompatible implicit declaration of built-in function 'sprintf' [-Wbuiltin-declaration-mismatch]
  105 |                 sprintf(str, "%d\n\r", 100);
      |                 ^~~~~~~
../Core/Src/main.c:105:17: note: include '<stdio.h>' or provide a declaration of 'sprintf'
../Core/Src/main.c:106:50: warning: implicit declaration of function 'strlen' [-Wimplicit-function-declaration]
  106 |                 HAL_UART_Transmit(&huart2, &str, strlen(str), 1000);
      |                                                  ^~~~~~
../Core/Src/main.c:21:1: note: include '<string.h>' or provide a declaration of 'strlen'
   20 | #include "main.h"
  +++ |+#include <string.h>
   21 | 
../Core/Src/main.c:106:50: warning: incompatible implicit declaration of built-in function 'strlen' [-Wbuiltin-declaration-mismatch]
  106 |                 HAL_UART_Transmit(&huart2, &str, strlen(str), 1000);
      |                                                  ^~~~~~
../Core/Src/main.c:106:50: note: include '<string.h>' or provide a declaration of 'strlen'
../Core/Src/main.c:106:44: warning: passing argument 2 of 'HAL_UART_Transmit' from incompatible pointer type [-Wincompatible-pointer-types]
  106 |                 HAL_UART_Transmit(&huart2, &str, strlen(str), 1000);
      |                                            ^~~~
      |                                            |
      |                                            char (*)[100]
In file included from ../Core/Inc/stm32f3xx_hal_conf.h:327,
                 from ../Drivers/STM32F3xx_HAL_Driver/Inc/stm32f3xx_hal.h:29,
                 from ../Core/Inc/main.h:30,
                 from ../Core/Src/main.c:20:
../Drivers/STM32F3xx_HAL_Driver/Inc/stm32f3xx_hal_uart.h:1486:79: note: expected 'const uint8_t *' {aka 'const unsigned char *'} but argument is of type 'char (*)[100]'
 1486 | HAL_StatusTypeDef HAL_UART_Transmit(UART_HandleTypeDef *huart, const uint8_t *pData, uint16_t Size, uint32_t Timeout);
      |                                                                ~~~~~~~~~~~~~~~^~~~~
../Core/Src/main.c:96:13: warning: variable 'intbuff' set but not used [-Wunused-but-set-variable]
   96 |         int intbuff;
      |             ^~~~~~~
../Core/Src/main.c:95:17: warning: unused variable 'buff' [-Wunused-variable]
   95 |         uint8_t buff;
      |                 ^~~~
arm-none-eabi-gcc -o "gyro_nolibrary2.elf" @"objects.list"   -mcpu=cortex-m4 -T"C:\Users\mizun\Documents\GitHub\2024_Oidengiken\cubeIDE\gyro\gyro_nolibrary2\STM32F303K8TX_FLASH.ld" --specs=nosys.specs -Wl,-Map="gyro_nolibrary2.map" -Wl,--gc-sections -static --specs=nano.specs -mfpu=fpv4-sp-d16 -mfloat-abi=hard -mthumb -Wl,--start-group -lc -lm -Wl,--end-group
Finished building target: gyro_nolibrary2.elf
 
arm-none-eabi-size  gyro_nolibrary2.elf 
arm-none-eabi-objdump -h -S gyro_nolibrary2.elf  > "gyro_nolibrary2.list"
   text	   data	    bss	    dec	    hex	filename
  14428	    100	   2124	  16652	   410c	gyro_nolibrary2.elf
Finished building: default.size.stdout
 
Finished building: gyro_nolibrary2.list
 
15:38:14 **** Incremental Build of configuration Debug for project gyro_nolibrary2 ****
make -j16 all 
arm-none-eabi-size  gyro_nolibrary2.elf 
   text	   data	    bss	    dec	    hex	filename
  14428	    100	   2124	  16652	   410c	gyro_nolibrary2.elf
Finished building: default.size.stdout
 
15:39:46 **** Incremental Build of configuration Debug for project gyro_nolibrary2 ****
make -j16 all 
arm-none-eabi-gcc "../Core/Src/main.c" -mcpu=cortex-m4 -std=gnu11 -g3 -DDEBUG -DUSE_HAL_DRIVER -DSTM32F303x8 -c -I../Core/Inc -I../Drivers/STM32F3xx_HAL_Driver/Inc -I../Drivers/STM32F3xx_HAL_Driver/Inc/Legacy -I../Drivers/CMSIS/Device/ST/STM32F3xx/Include -I../Drivers/CMSIS/Include -O0 -ffunction-sections -fdata-sections -Wall -fstack-usage -fcyclomatic-complexity -MMD -MP -MF"Core/Src/main.d" -MT"Core/Src/main.o" --specs=nano.specs -mfpu=fpv4-sp-d16 -mfloat-abi=hard -mthumb -o "Core/Src/main.o"
../Core/Src/main.c: In function 'main':
../Core/Src/main.c:103:9: warning: implicit declaration of function 'sprintf' [-Wimplicit-function-declaration]
  103 |         sprintf(str, "%d\n\r", 100);
      |         ^~~~~~~
../Core/Src/main.c:21:1: note: include '<stdio.h>' or provide a declaration of 'sprintf'
   20 | #include "main.h"
  +++ |+#include <stdio.h>
   21 | 
../Core/Src/main.c:103:9: warning: incompatible implicit declaration of built-in function 'sprintf' [-Wbuiltin-declaration-mismatch]
  103 |         sprintf(str, "%d\n\r", 100);
      |         ^~~~~~~
../Core/Src/main.c:103:9: note: include '<stdio.h>' or provide a declaration of 'sprintf'
../Core/Src/main.c:104:42: warning: implicit declaration of function 'strlen' [-Wimplicit-function-declaration]
  104 |         HAL_UART_Transmit(&huart2, &str, strlen(str), 1000);
      |                                          ^~~~~~
../Core/Src/main.c:21:1: note: include '<string.h>' or provide a declaration of 'strlen'
   20 | #include "main.h"
  +++ |+#include <string.h>
   21 | 
../Core/Src/main.c:104:42: warning: incompatible implicit declaration of built-in function 'strlen' [-Wbuiltin-declaration-mismatch]
  104 |         HAL_UART_Transmit(&huart2, &str, strlen(str), 1000);
      |                                          ^~~~~~
../Core/Src/main.c:104:42: note: include '<string.h>' or provide a declaration of 'strlen'
../Core/Src/main.c:104:36: warning: passing argument 2 of 'HAL_UART_Transmit' from incompatible pointer type [-Wincompatible-pointer-types]
  104 |         HAL_UART_Transmit(&huart2, &str, strlen(str), 1000);
      |                                    ^~~~
      |                                    |
      |                                    char (*)[100]
In file included from ../Core/Inc/stm32f3xx_hal_conf.h:327,
                 from ../Drivers/STM32F3xx_HAL_Driver/Inc/stm32f3xx_hal.h:29,
                 from ../Core/Inc/main.h:30,
                 from ../Core/Src/main.c:20:
../Drivers/STM32F3xx_HAL_Driver/Inc/stm32f3xx_hal_uart.h:1486:79: note: expected 'const uint8_t *' {aka 'const unsigned char *'} but argument is of type 'char (*)[100]'
 1486 | HAL_StatusTypeDef HAL_UART_Transmit(UART_HandleTypeDef *huart, const uint8_t *pData, uint16_t Size, uint32_t Timeout);
      |                                                                ~~~~~~~~~~~~~~~^~~~~
../Core/Src/main.c:97:13: warning: unused variable 'intbuff' [-Wunused-variable]
   97 |         int intbuff;
      |             ^~~~~~~
../Core/Src/main.c:96:17: warning: unused variable 'buff' [-Wunused-variable]
   96 |         uint8_t buff;
      |                 ^~~~
arm-none-eabi-gcc -o "gyro_nolibrary2.elf" @"objects.list"   -mcpu=cortex-m4 -T"C:\Users\mizun\Documents\GitHub\2024_Oidengiken\cubeIDE\gyro\gyro_nolibrary2\STM32F303K8TX_FLASH.ld" --specs=nosys.specs -Wl,-Map="gyro_nolibrary2.map" -Wl,--gc-sections -static --specs=nano.specs -mfpu=fpv4-sp-d16 -mfloat-abi=hard -mthumb -Wl,--start-group -lc -lm -Wl,--end-group
Finished building target: gyro_nolibrary2.elf
 
arm-none-eabi-size  gyro_nolibrary2.elf 
arm-none-eabi-objdump -h -S gyro_nolibrary2.elf  > "gyro_nolibrary2.list"
   text	   data	    bss	    dec	    hex	filename
  14424	    100	   2124	  16648	   4108	gyro_nolibrary2.elf
Finished building: default.size.stdout
 
Finished building: gyro_nolibrary2.list
 
15:40:18 **** Incremental Build of configuration Debug for project gyro_nolibrary2 ****
make -j16 all 
arm-none-eabi-gcc "../Core/Src/main.c" -mcpu=cortex-m4 -std=gnu11 -g3 -DDEBUG -DUSE_HAL_DRIVER -DSTM32F303x8 -c -I../Core/Inc -I../Drivers/STM32F3xx_HAL_Driver/Inc -I../Drivers/STM32F3xx_HAL_Driver/Inc/Legacy -I../Drivers/CMSIS/Device/ST/STM32F3xx/Include -I../Drivers/CMSIS/Include -O0 -ffunction-sections -fdata-sections -Wall -fstack-usage -fcyclomatic-complexity -MMD -MP -MF"Core/Src/main.d" -MT"Core/Src/main.o" --specs=nano.specs -mfpu=fpv4-sp-d16 -mfloat-abi=hard -mthumb -o "Core/Src/main.o"
../Core/Src/main.c: In function 'main':
../Core/Src/main.c:102:9: warning: implicit declaration of function 'sprintf' [-Wimplicit-function-declaration]
  102 |         sprintf(str, "%d\n\r", 100);
      |         ^~~~~~~
../Core/Src/main.c:21:1: note: include '<stdio.h>' or provide a declaration of 'sprintf'
   20 | #include "main.h"
  +++ |+#include <stdio.h>
   21 | 
../Core/Src/main.c:102:9: warning: incompatible implicit declaration of built-in function 'sprintf' [-Wbuiltin-declaration-mismatch]
  102 |         sprintf(str, "%d\n\r", 100);
      |         ^~~~~~~
../Core/Src/main.c:102:9: note: include '<stdio.h>' or provide a declaration of 'sprintf'
../Core/Src/main.c:103:42: warning: implicit declaration of function 'strlen' [-Wimplicit-function-declaration]
  103 |         HAL_UART_Transmit(&huart2, &str, strlen(str), 1000);
      |                                          ^~~~~~
../Core/Src/main.c:21:1: note: include '<string.h>' or provide a declaration of 'strlen'
   20 | #include "main.h"
  +++ |+#include <string.h>
   21 | 
../Core/Src/main.c:103:42: warning: incompatible implicit declaration of built-in function 'strlen' [-Wbuiltin-declaration-mismatch]
  103 |         HAL_UART_Transmit(&huart2, &str, strlen(str), 1000);
      |                                          ^~~~~~
../Core/Src/main.c:103:42: note: include '<string.h>' or provide a declaration of 'strlen'
../Core/Src/main.c:103:36: warning: passing argument 2 of 'HAL_UART_Transmit' from incompatible pointer type [-Wincompatible-pointer-types]
  103 |         HAL_UART_Transmit(&huart2, &str, strlen(str), 1000);
      |                                    ^~~~
      |                                    |
      |                                    char (*)[100]
In file included from ../Core/Inc/stm32f3xx_hal_conf.h:327,
                 from ../Drivers/STM32F3xx_HAL_Driver/Inc/stm32f3xx_hal.h:29,
                 from ../Core/Inc/main.h:30,
                 from ../Core/Src/main.c:20:
../Drivers/STM32F3xx_HAL_Driver/Inc/stm32f3xx_hal_uart.h:1486:79: note: expected 'const uint8_t *' {aka 'const unsigned char *'} but argument is of type 'char (*)[100]'
 1486 | HAL_StatusTypeDef HAL_UART_Transmit(UART_HandleTypeDef *huart, const uint8_t *pData, uint16_t Size, uint32_t Timeout);
      |                                                                ~~~~~~~~~~~~~~~^~~~~
../Core/Src/main.c:106:44: warning: passing argument 2 of 'HAL_UART_Transmit' from incompatible pointer type [-Wincompatible-pointer-types]
  106 |                 HAL_UART_Transmit(&huart2, &str, strlen(str), 1000);
      |                                            ^~~~
      |                                            |
      |                                            char (*)[100]
In file included from ../Core/Inc/stm32f3xx_hal_conf.h:327,
                 from ../Drivers/STM32F3xx_HAL_Driver/Inc/stm32f3xx_hal.h:29,
                 from ../Core/Inc/main.h:30,
                 from ../Core/Src/main.c:20:
../Drivers/STM32F3xx_HAL_Driver/Inc/stm32f3xx_hal_uart.h:1486:79: note: expected 'const uint8_t *' {aka 'const unsigned char *'} but argument is of type 'char (*)[100]'
 1486 | HAL_StatusTypeDef HAL_UART_Transmit(UART_HandleTypeDef *huart, const uint8_t *pData, uint16_t Size, uint32_t Timeout);
      |                                                                ~~~~~~~~~~~~~~~^~~~~
../Core/Src/main.c:160:21: error: invalid storage class for function 'MX_I2C1_Init'
  160 |         static void MX_I2C1_Init(void) {
      |                     ^~~~~~~~~~~~
../Core/Src/main.c:205:21: error: invalid storage class for function 'MX_USART2_UART_Init'
  205 |         static void MX_USART2_UART_Init(void) {
      |                     ^~~~~~~~~~~~~~~~~~~
../Core/Src/main.c:238:21: error: invalid storage class for function 'MX_GPIO_Init'
  238 |         static void MX_GPIO_Init(void) {
      |                     ^~~~~~~~~~~~
../Core/Src/main.c:266:9: error: expected declaration or statement at end of input
  266 |         }
      |         ^
../Core/Src/main.c:96:13: warning: unused variable 'intbuff' [-Wunused-variable]
   96 |         int intbuff;
      |             ^~~~~~~
../Core/Src/main.c:95:17: warning: unused variable 'buff' [-Wunused-variable]
   95 |         uint8_t buff;
      |                 ^~~~
../Core/Src/main.c: At top level:
../Core/Src/main.c:53:13: warning: 'MX_GPIO_Init' used but never defined
   53 | static void MX_GPIO_Init(void);
      |             ^~~~~~~~~~~~
../Core/Src/main.c:54:13: warning: 'MX_USART2_UART_Init' used but never defined
   54 | static void MX_USART2_UART_Init(void);
      |             ^~~~~~~~~~~~~~~~~~~
../Core/Src/main.c:55:13: warning: 'MX_I2C1_Init' used but never defined
   55 | static void MX_I2C1_Init(void);
      |             ^~~~~~~~~~~~
../Core/Src/main.c:259:14: warning: 'Error_Handler' defined but not used [-Wunused-function]
  259 |         void Error_Handler(void) {
      |              ^~~~~~~~~~~~~
../Core/Src/main.c:238:21: warning: 'MX_GPIO_Init' defined but not used [-Wunused-function]
  238 |         static void MX_GPIO_Init(void) {
      |                     ^~~~~~~~~~~~
../Core/Src/main.c:205:21: warning: 'MX_USART2_UART_Init' defined but not used [-Wunused-function]
  205 |         static void MX_USART2_UART_Init(void) {
      |                     ^~~~~~~~~~~~~~~~~~~
../Core/Src/main.c:160:21: warning: 'MX_I2C1_Init' defined but not used [-Wunused-function]
  160 |         static void MX_I2C1_Init(void) {
      |                     ^~~~~~~~~~~~
../Core/Src/main.c:119:14: warning: 'SystemClock_Config' defined but not used [-Wunused-function]
  119 |         void SystemClock_Config(void) {
      |              ^~~~~~~~~~~~~~~~~~
make: *** [Core/Src/subdir.mk:34: Core/Src/main.o] Error 1
"make -j16 all" terminated with exit code 2. Build might be incomplete.
15:40:30 **** Incremental Build of configuration Debug for project gyro_nolibrary2 ****
make -j16 all 
arm-none-eabi-gcc "../Core/Src/main.c" -mcpu=cortex-m4 -std=gnu11 -g3 -DDEBUG -DUSE_HAL_DRIVER -DSTM32F303x8 -c -I../Core/Inc -I../Drivers/STM32F3xx_HAL_Driver/Inc -I../Drivers/STM32F3xx_HAL_Driver/Inc/Legacy -I../Drivers/CMSIS/Device/ST/STM32F3xx/Include -I../Drivers/CMSIS/Include -O0 -ffunction-sections -fdata-sections -Wall -fstack-usage -fcyclomatic-complexity -MMD -MP -MF"Core/Src/main.d" -MT"Core/Src/main.o" --specs=nano.specs -mfpu=fpv4-sp-d16 -mfloat-abi=hard -mthumb -o "Core/Src/main.o"
../Core/Src/main.c: In function 'main':
../Core/Src/main.c:102:9: warning: implicit declaration of function 'sprintf' [-Wimplicit-function-declaration]
  102 |         sprintf(str, "%d\n\r", 100);
      |         ^~~~~~~
../Core/Src/main.c:21:1: note: include '<stdio.h>' or provide a declaration of 'sprintf'
   20 | #include "main.h"
  +++ |+#include <stdio.h>
   21 | 
../Core/Src/main.c:102:9: warning: incompatible implicit declaration of built-in function 'sprintf' [-Wbuiltin-declaration-mismatch]
  102 |         sprintf(str, "%d\n\r", 100);
      |         ^~~~~~~
../Core/Src/main.c:102:9: note: include '<stdio.h>' or provide a declaration of 'sprintf'
../Core/Src/main.c:103:42: warning: implicit declaration of function 'strlen' [-Wimplicit-function-declaration]
  103 |         HAL_UART_Transmit(&huart2, &str, strlen(str), 1000);
      |                                          ^~~~~~
../Core/Src/main.c:21:1: note: include '<string.h>' or provide a declaration of 'strlen'
   20 | #include "main.h"
  +++ |+#include <string.h>
   21 | 
../Core/Src/main.c:103:42: warning: incompatible implicit declaration of built-in function 'strlen' [-Wbuiltin-declaration-mismatch]
  103 |         HAL_UART_Transmit(&huart2, &str, strlen(str), 1000);
      |                                          ^~~~~~
../Core/Src/main.c:103:42: note: include '<string.h>' or provide a declaration of 'strlen'
../Core/Src/main.c:103:36: warning: passing argument 2 of 'HAL_UART_Transmit' from incompatible pointer type [-Wincompatible-pointer-types]
  103 |         HAL_UART_Transmit(&huart2, &str, strlen(str), 1000);
      |                                    ^~~~
      |                                    |
      |                                    char (*)[100]
In file included from ../Core/Inc/stm32f3xx_hal_conf.h:327,
                 from ../Drivers/STM32F3xx_HAL_Driver/Inc/stm32f3xx_hal.h:29,
                 from ../Core/Inc/main.h:30,
                 from ../Core/Src/main.c:20:
../Drivers/STM32F3xx_HAL_Driver/Inc/stm32f3xx_hal_uart.h:1486:79: note: expected 'const uint8_t *' {aka 'const unsigned char *'} but argument is of type 'char (*)[100]'
 1486 | HAL_StatusTypeDef HAL_UART_Transmit(UART_HandleTypeDef *huart, const uint8_t *pData, uint16_t Size, uint32_t Timeout);
      |                                                                ~~~~~~~~~~~~~~~^~~~~
../Core/Src/main.c:106:44: warning: passing argument 2 of 'HAL_UART_Transmit' from incompatible pointer type [-Wincompatible-pointer-types]
  106 |                 HAL_UART_Transmit(&huart2, &str, strlen(str), 1000);
      |                                            ^~~~
      |                                            |
      |                                            char (*)[100]
In file included from ../Core/Inc/stm32f3xx_hal_conf.h:327,
                 from ../Drivers/STM32F3xx_HAL_Driver/Inc/stm32f3xx_hal.h:29,
                 from ../Core/Inc/main.h:30,
                 from ../Core/Src/main.c:20:
../Drivers/STM32F3xx_HAL_Driver/Inc/stm32f3xx_hal_uart.h:1486:79: note: expected 'const uint8_t *' {aka 'const unsigned char *'} but argument is of type 'char (*)[100]'
 1486 | HAL_StatusTypeDef HAL_UART_Transmit(UART_HandleTypeDef *huart, const uint8_t *pData, uint16_t Size, uint32_t Timeout);
      |                                                                ~~~~~~~~~~~~~~~^~~~~
../Core/Src/main.c:96:13: warning: unused variable 'intbuff' [-Wunused-variable]
   96 |         int intbuff;
      |             ^~~~~~~
../Core/Src/main.c:95:17: warning: unused variable 'buff' [-Wunused-variable]
   95 |         uint8_t buff;
      |                 ^~~~
arm-none-eabi-gcc -o "gyro_nolibrary2.elf" @"objects.list"   -mcpu=cortex-m4 -T"C:\Users\mizun\Documents\GitHub\2024_Oidengiken\cubeIDE\gyro\gyro_nolibrary2\STM32F303K8TX_FLASH.ld" --specs=nosys.specs -Wl,-Map="gyro_nolibrary2.map" -Wl,--gc-sections -static --specs=nano.specs -mfpu=fpv4-sp-d16 -mfloat-abi=hard -mthumb -Wl,--start-group -lc -lm -Wl,--end-group
Finished building target: gyro_nolibrary2.elf
 
arm-none-eabi-size  gyro_nolibrary2.elf 
arm-none-eabi-objdump -h -S gyro_nolibrary2.elf  > "gyro_nolibrary2.list"
   text	   data	    bss	    dec	    hex	filename
  14460	    100	   2124	  16684	   412c	gyro_nolibrary2.elf
Finished building: default.size.stdout
 
Finished building: gyro_nolibrary2.list
 
15:41:11 **** Build of configuration Debug for project gyro_nolibrary ****
make -j16 all 
arm-none-eabi-size  gyro_nolibrary.elf 
   text	   data	    bss	    dec	    hex	filename
  14628	    100	   2260	  16988	   425c	gyro_nolibrary.elf
Finished building: default.size.stdout
 
15:41:54 **** Incremental Build of configuration Debug for project gyro_nolibrary ****
make -j16 all 
arm-none-eabi-gcc "../Core/Src/main.c" -mcpu=cortex-m4 -std=gnu11 -g3 -DDEBUG -DUSE_HAL_DRIVER -DSTM32F303x8 -c -I../Core/Inc -I../Drivers/STM32F3xx_HAL_Driver/Inc -I../Drivers/STM32F3xx_HAL_Driver/Inc/Legacy -I../Drivers/CMSIS/Device/ST/STM32F3xx/Include -I../Drivers/CMSIS/Include -O0 -ffunction-sections -fdata-sections -Wall -fstack-usage -fcyclomatic-complexity -MMD -MP -MF"Core/Src/main.d" -MT"Core/Src/main.o" --specs=nano.specs -mfpu=fpv4-sp-d16 -mfloat-abi=hard -mthumb -o "Core/Src/main.o"
../Core/Src/main.c: In function 'main':
../Core/Src/main.c:148:17: warning: implicit declaration of function 'sprintf' [-Wimplicit-function-declaration]
  148 |                 sprintf(str, "%d\n\r", intbuff);
      |                 ^~~~~~~
../Core/Src/main.c:21:1: note: include '<stdio.h>' or provide a declaration of 'sprintf'
   20 | #include "main.h"
  +++ |+#include <stdio.h>
   21 | 
../Core/Src/main.c:148:17: warning: incompatible implicit declaration of built-in function 'sprintf' [-Wbuiltin-declaration-mismatch]
  148 |                 sprintf(str, "%d\n\r", intbuff);
      |                 ^~~~~~~
../Core/Src/main.c:148:17: note: include '<stdio.h>' or provide a declaration of 'sprintf'
../Core/Src/main.c:149:50: warning: implicit declaration of function 'strlen' [-Wimplicit-function-declaration]
  149 |                 HAL_UART_Transmit(&huart2, &str, strlen(str), 1000);
      |                                                  ^~~~~~
../Core/Src/main.c:21:1: note: include '<string.h>' or provide a declaration of 'strlen'
   20 | #include "main.h"
  +++ |+#include <string.h>
   21 | 
../Core/Src/main.c:149:50: warning: incompatible implicit declaration of built-in function 'strlen' [-Wbuiltin-declaration-mismatch]
  149 |                 HAL_UART_Transmit(&huart2, &str, strlen(str), 1000);
      |                                                  ^~~~~~
../Core/Src/main.c:149:50: note: include '<string.h>' or provide a declaration of 'strlen'
../Core/Src/main.c:149:44: warning: passing argument 2 of 'HAL_UART_Transmit' from incompatible pointer type [-Wincompatible-pointer-types]
  149 |                 HAL_UART_Transmit(&huart2, &str, strlen(str), 1000);
      |                                            ^~~~
      |                                            |
      |                                            char (*)[100]
In file included from ../Core/Inc/stm32f3xx_hal_conf.h:327,
                 from ../Drivers/STM32F3xx_HAL_Driver/Inc/stm32f3xx_hal.h:29,
                 from ../Core/Inc/main.h:30,
                 from ../Core/Src/main.c:20:
../Drivers/STM32F3xx_HAL_Driver/Inc/stm32f3xx_hal_uart.h:1486:79: note: expected 'const uint8_t *' {aka 'const unsigned char *'} but argument is of type 'char (*)[100]'
 1486 | HAL_StatusTypeDef HAL_UART_Transmit(UART_HandleTypeDef *huart, const uint8_t *pData, uint16_t Size, uint32_t Timeout);
      |                                                                ~~~~~~~~~~~~~~~^~~~~
arm-none-eabi-gcc -o "gyro_nolibrary.elf" @"objects.list"   -mcpu=cortex-m4 -T"C:\Users\mizun\Documents\GitHub\2024_Oidengiken\cubeIDE\gyro\gyro_nolibrary\STM32F303K8TX_FLASH.ld" --specs=nosys.specs -Wl,-Map="gyro_nolibrary.map" -Wl,--gc-sections -static --specs=nano.specs -mfpu=fpv4-sp-d16 -mfloat-abi=hard -mthumb -Wl,--start-group -lc -lm -Wl,--end-group
Finished building target: gyro_nolibrary.elf
 
arm-none-eabi-size  gyro_nolibrary.elf 
arm-none-eabi-objdump -h -S gyro_nolibrary.elf  > "gyro_nolibrary.list"
   text	   data	    bss	    dec	    hex	filename
  16456	    100	   2260	  18816	   4980	gyro_nolibrary.elf
Finished building: default.size.stdout
 
Finished building: gyro_nolibrary.list
 
15:43:58 **** Incremental Build of configuration Debug for project gyro_nolibrary ****
make -j16 all 
arm-none-eabi-gcc "../Core/Src/main.c" -mcpu=cortex-m4 -std=gnu11 -g3 -DDEBUG -DUSE_HAL_DRIVER -DSTM32F303x8 -c -I../Core/Inc -I../Drivers/STM32F3xx_HAL_Driver/Inc -I../Drivers/STM32F3xx_HAL_Driver/Inc/Legacy -I../Drivers/CMSIS/Device/ST/STM32F3xx/Include -I../Drivers/CMSIS/Include -O0 -ffunction-sections -fdata-sections -Wall -fstack-usage -fcyclomatic-complexity -MMD -MP -MF"Core/Src/main.d" -MT"Core/Src/main.o" --specs=nano.specs -mfpu=fpv4-sp-d16 -mfloat-abi=hard -mthumb -o "Core/Src/main.o"
../Core/Src/main.c: In function 'main':
../Core/Src/main.c:148:17: warning: implicit declaration of function 'sprintf' [-Wimplicit-function-declaration]
  148 |                 sprintf(str, "%d\n\r", intbuff);
      |                 ^~~~~~~
../Core/Src/main.c:21:1: note: include '<stdio.h>' or provide a declaration of 'sprintf'
   20 | #include "main.h"
  +++ |+#include <stdio.h>
   21 | 
../Core/Src/main.c:148:17: warning: incompatible implicit declaration of built-in function 'sprintf' [-Wbuiltin-declaration-mismatch]
  148 |                 sprintf(str, "%d\n\r", intbuff);
      |                 ^~~~~~~
../Core/Src/main.c:148:17: note: include '<stdio.h>' or provide a declaration of 'sprintf'
../Core/Src/main.c:149:50: warning: implicit declaration of function 'strlen' [-Wimplicit-function-declaration]
  149 |                 HAL_UART_Transmit(&huart2, &str, strlen(str), 1000);
      |                                                  ^~~~~~
../Core/Src/main.c:21:1: note: include '<string.h>' or provide a declaration of 'strlen'
   20 | #include "main.h"
  +++ |+#include <string.h>
   21 | 
../Core/Src/main.c:149:50: warning: incompatible implicit declaration of built-in function 'strlen' [-Wbuiltin-declaration-mismatch]
  149 |                 HAL_UART_Transmit(&huart2, &str, strlen(str), 1000);
      |                                                  ^~~~~~
../Core/Src/main.c:149:50: note: include '<string.h>' or provide a declaration of 'strlen'
../Core/Src/main.c:149:44: warning: passing argument 2 of 'HAL_UART_Transmit' from incompatible pointer type [-Wincompatible-pointer-types]
  149 |                 HAL_UART_Transmit(&huart2, &str, strlen(str), 1000);
      |                                            ^~~~
      |                                            |
      |                                            char (*)[100]
In file included from ../Core/Inc/stm32f3xx_hal_conf.h:327,
                 from ../Drivers/STM32F3xx_HAL_Driver/Inc/stm32f3xx_hal.h:29,
                 from ../Core/Inc/main.h:30,
                 from ../Core/Src/main.c:20:
../Drivers/STM32F3xx_HAL_Driver/Inc/stm32f3xx_hal_uart.h:1486:79: note: expected 'const uint8_t *' {aka 'const unsigned char *'} but argument is of type 'char (*)[100]'
 1486 | HAL_StatusTypeDef HAL_UART_Transmit(UART_HandleTypeDef *huart, const uint8_t *pData, uint16_t Size, uint32_t Timeout);
      |                                                                ~~~~~~~~~~~~~~~^~~~~
arm-none-eabi-gcc -o "gyro_nolibrary.elf" @"objects.list"   -mcpu=cortex-m4 -T"C:\Users\mizun\Documents\GitHub\2024_Oidengiken\cubeIDE\gyro\gyro_nolibrary\STM32F303K8TX_FLASH.ld" --specs=nosys.specs -Wl,-Map="gyro_nolibrary.map" -Wl,--gc-sections -static --specs=nano.specs -mfpu=fpv4-sp-d16 -mfloat-abi=hard -mthumb -Wl,--start-group -lc -lm -Wl,--end-group
Finished building target: gyro_nolibrary.elf
 
arm-none-eabi-size  gyro_nolibrary.elf 
arm-none-eabi-objdump -h -S gyro_nolibrary.elf  > "gyro_nolibrary.list"
   text	   data	    bss	    dec	    hex	filename
  16456	    100	   2260	  18816	   4980	gyro_nolibrary.elf
Finished building: default.size.stdout
 
Finished building: gyro_nolibrary.list
 
15:49:16 **** Incremental Build of configuration Debug for project gyro_nolibrary ****
make -j16 all 
arm-none-eabi-gcc "../Core/Src/main.c" -mcpu=cortex-m4 -std=gnu11 -g3 -DDEBUG -DUSE_HAL_DRIVER -DSTM32F303x8 -c -I../Core/Inc -I../Drivers/STM32F3xx_HAL_Driver/Inc -I../Drivers/STM32F3xx_HAL_Driver/Inc/Legacy -I../Drivers/CMSIS/Device/ST/STM32F3xx/Include -I../Drivers/CMSIS/Include -O0 -ffunction-sections -fdata-sections -Wall -fstack-usage -fcyclomatic-complexity -MMD -MP -MF"Core/Src/main.d" -MT"Core/Src/main.o" --specs=nano.specs -mfpu=fpv4-sp-d16 -mfloat-abi=hard -mthumb -o "Core/Src/main.o"
../Core/Src/main.c: In function 'main':
../Core/Src/main.c:149:25: warning: implicit declaration of function 'sprintf' [-Wimplicit-function-declaration]
  149 |                         sprintf(str, "%d\n\r", intbuff);
      |                         ^~~~~~~
../Core/Src/main.c:21:1: note: include '<stdio.h>' or provide a declaration of 'sprintf'
   20 | #include "main.h"
  +++ |+#include <stdio.h>
   21 | 
../Core/Src/main.c:149:25: warning: incompatible implicit declaration of built-in function 'sprintf' [-Wbuiltin-declaration-mismatch]
  149 |                         sprintf(str, "%d\n\r", intbuff);
      |                         ^~~~~~~
../Core/Src/main.c:149:25: note: include '<stdio.h>' or provide a declaration of 'sprintf'
../Core/Src/main.c:150:58: warning: implicit declaration of function 'strlen' [-Wimplicit-function-declaration]
  150 |                         HAL_UART_Transmit(&huart2, &str, strlen(str), 1000);
      |                                                          ^~~~~~
../Core/Src/main.c:21:1: note: include '<string.h>' or provide a declaration of 'strlen'
   20 | #include "main.h"
  +++ |+#include <string.h>
   21 | 
../Core/Src/main.c:150:58: warning: incompatible implicit declaration of built-in function 'strlen' [-Wbuiltin-declaration-mismatch]
  150 |                         HAL_UART_Transmit(&huart2, &str, strlen(str), 1000);
      |                                                          ^~~~~~
../Core/Src/main.c:150:58: note: include '<string.h>' or provide a declaration of 'strlen'
../Core/Src/main.c:150:52: warning: passing argument 2 of 'HAL_UART_Transmit' from incompatible pointer type [-Wincompatible-pointer-types]
  150 |                         HAL_UART_Transmit(&huart2, &str, strlen(str), 1000);
      |                                                    ^~~~
      |                                                    |
      |                                                    char (*)[100]
In file included from ../Core/Inc/stm32f3xx_hal_conf.h:327,
                 from ../Drivers/STM32F3xx_HAL_Driver/Inc/stm32f3xx_hal.h:29,
                 from ../Core/Inc/main.h:30,
                 from ../Core/Src/main.c:20:
../Drivers/STM32F3xx_HAL_Driver/Inc/stm32f3xx_hal_uart.h:1486:79: note: expected 'const uint8_t *' {aka 'const unsigned char *'} but argument is of type 'char (*)[100]'
 1486 | HAL_StatusTypeDef HAL_UART_Transmit(UART_HandleTypeDef *huart, const uint8_t *pData, uint16_t Size, uint32_t Timeout);
      |                                                                ~~~~~~~~~~~~~~~^~~~~
../Core/Src/main.c:158:25: warning: incompatible implicit declaration of built-in function 'sprintf' [-Wbuiltin-declaration-mismatch]
  158 |                         sprintf(str, "%d\n\r", intbuff);
      |                         ^~~~~~~
../Core/Src/main.c:158:25: note: include '<stdio.h>' or provide a declaration of 'sprintf'
../Core/Src/main.c:159:58: warning: incompatible implicit declaration of built-in function 'strlen' [-Wbuiltin-declaration-mismatch]
  159 |                         HAL_UART_Transmit(&huart2, &str, strlen(str), 1000);
      |                                                          ^~~~~~
../Core/Src/main.c:159:58: note: include '<string.h>' or provide a declaration of 'strlen'
../Core/Src/main.c:159:52: warning: passing argument 2 of 'HAL_UART_Transmit' from incompatible pointer type [-Wincompatible-pointer-types]
  159 |                         HAL_UART_Transmit(&huart2, &str, strlen(str), 1000);
      |                                                    ^~~~
      |                                                    |
      |                                                    char (*)[100]
In file included from ../Core/Inc/stm32f3xx_hal_conf.h:327,
                 from ../Drivers/STM32F3xx_HAL_Driver/Inc/stm32f3xx_hal.h:29,
                 from ../Core/Inc/main.h:30,
                 from ../Core/Src/main.c:20:
../Drivers/STM32F3xx_HAL_Driver/Inc/stm32f3xx_hal_uart.h:1486:79: note: expected 'const uint8_t *' {aka 'const unsigned char *'} but argument is of type 'char (*)[100]'
 1486 | HAL_StatusTypeDef HAL_UART_Transmit(UART_HandleTypeDef *huart, const uint8_t *pData, uint16_t Size, uint32_t Timeout);
      |                                                                ~~~~~~~~~~~~~~~^~~~~
arm-none-eabi-gcc -o "gyro_nolibrary.elf" @"objects.list"   -mcpu=cortex-m4 -T"C:\Users\mizun\Documents\GitHub\2024_Oidengiken\cubeIDE\gyro\gyro_nolibrary\STM32F303K8TX_FLASH.ld" --specs=nosys.specs -Wl,-Map="gyro_nolibrary.map" -Wl,--gc-sections -static --specs=nano.specs -mfpu=fpv4-sp-d16 -mfloat-abi=hard -mthumb -Wl,--start-group -lc -lm -Wl,--end-group
Finished building target: gyro_nolibrary.elf
 
arm-none-eabi-size  gyro_nolibrary.elf 
arm-none-eabi-objdump -h -S gyro_nolibrary.elf  > "gyro_nolibrary.list"
   text	   data	    bss	    dec	    hex	filename
  17516	    100	   2260	  19876	   4da4	gyro_nolibrary.elf
Finished building: default.size.stdout
 
Finished building: gyro_nolibrary.list
 
15:50:39 **** Incremental Build of configuration Debug for project gyro_nolibrary ****
make -j16 all 
arm-none-eabi-gcc "../Core/Src/main.c" -mcpu=cortex-m4 -std=gnu11 -g3 -DDEBUG -DUSE_HAL_DRIVER -DSTM32F303x8 -c -I../Core/Inc -I../Drivers/STM32F3xx_HAL_Driver/Inc -I../Drivers/STM32F3xx_HAL_Driver/Inc/Legacy -I../Drivers/CMSIS/Device/ST/STM32F3xx/Include -I../Drivers/CMSIS/Include -O0 -ffunction-sections -fdata-sections -Wall -fstack-usage -fcyclomatic-complexity -MMD -MP -MF"Core/Src/main.d" -MT"Core/Src/main.o" --specs=nano.specs -mfpu=fpv4-sp-d16 -mfloat-abi=hard -mthumb -o "Core/Src/main.o"
../Core/Src/main.c: In function 'main':
../Core/Src/main.c:149:25: warning: implicit declaration of function 'sprintf' [-Wimplicit-function-declaration]
  149 |                         sprintf(str, "%d\n\r", intbuff);
      |                         ^~~~~~~
../Core/Src/main.c:21:1: note: include '<stdio.h>' or provide a declaration of 'sprintf'
   20 | #include "main.h"
  +++ |+#include <stdio.h>
   21 | 
../Core/Src/main.c:149:25: warning: incompatible implicit declaration of built-in function 'sprintf' [-Wbuiltin-declaration-mismatch]
  149 |                         sprintf(str, "%d\n\r", intbuff);
      |                         ^~~~~~~
../Core/Src/main.c:149:25: note: include '<stdio.h>' or provide a declaration of 'sprintf'
../Core/Src/main.c:150:58: warning: implicit declaration of function 'strlen' [-Wimplicit-function-declaration]
  150 |                         HAL_UART_Transmit(&huart2, &str, strlen(str), 1000);
      |                                                          ^~~~~~
../Core/Src/main.c:21:1: note: include '<string.h>' or provide a declaration of 'strlen'
   20 | #include "main.h"
  +++ |+#include <string.h>
   21 | 
../Core/Src/main.c:150:58: warning: incompatible implicit declaration of built-in function 'strlen' [-Wbuiltin-declaration-mismatch]
  150 |                         HAL_UART_Transmit(&huart2, &str, strlen(str), 1000);
      |                                                          ^~~~~~
../Core/Src/main.c:150:58: note: include '<string.h>' or provide a declaration of 'strlen'
../Core/Src/main.c:150:52: warning: passing argument 2 of 'HAL_UART_Transmit' from incompatible pointer type [-Wincompatible-pointer-types]
  150 |                         HAL_UART_Transmit(&huart2, &str, strlen(str), 1000);
      |                                                    ^~~~
      |                                                    |
      |                                                    char (*)[100]
In file included from ../Core/Inc/stm32f3xx_hal_conf.h:327,
                 from ../Drivers/STM32F3xx_HAL_Driver/Inc/stm32f3xx_hal.h:29,
                 from ../Core/Inc/main.h:30,
                 from ../Core/Src/main.c:20:
../Drivers/STM32F3xx_HAL_Driver/Inc/stm32f3xx_hal_uart.h:1486:79: note: expected 'const uint8_t *' {aka 'const unsigned char *'} but argument is of type 'char (*)[100]'
 1486 | HAL_StatusTypeDef HAL_UART_Transmit(UART_HandleTypeDef *huart, const uint8_t *pData, uint16_t Size, uint32_t Timeout);
      |                                                                ~~~~~~~~~~~~~~~^~~~~
At top level:
../Core/Src/main.c:109:17: warning: 'write_bits' defined but not used [-Wunused-function]
  109 |         int16_t write_bits(uint8_t regiAddr, uint8_t bitstart, uint8_t length,
      |                 ^~~~~~~~~~
arm-none-eabi-gcc -o "gyro_nolibrary.elf" @"objects.list"   -mcpu=cortex-m4 -T"C:\Users\mizun\Documents\GitHub\2024_Oidengiken\cubeIDE\gyro\gyro_nolibrary\STM32F303K8TX_FLASH.ld" --specs=nosys.specs -Wl,-Map="gyro_nolibrary.map" -Wl,--gc-sections -static --specs=nano.specs -mfpu=fpv4-sp-d16 -mfloat-abi=hard -mthumb -Wl,--start-group -lc -lm -Wl,--end-group
Finished building target: gyro_nolibrary.elf
 
arm-none-eabi-size  gyro_nolibrary.elf 
arm-none-eabi-objdump -h -S gyro_nolibrary.elf  > "gyro_nolibrary.list"
   text	   data	    bss	    dec	    hex	filename
  16484	    100	   2260	  18844	   499c	gyro_nolibrary.elf
Finished building: default.size.stdout
 
Finished building: gyro_nolibrary.list
 
15:52:56 **** Incremental Build of configuration Debug for project gyro_nolibrary ****
make -j16 all 
arm-none-eabi-gcc "../Core/Src/main.c" -mcpu=cortex-m4 -std=gnu11 -g3 -DDEBUG -DUSE_HAL_DRIVER -DSTM32F303x8 -c -I../Core/Inc -I../Drivers/STM32F3xx_HAL_Driver/Inc -I../Drivers/STM32F3xx_HAL_Driver/Inc/Legacy -I../Drivers/CMSIS/Device/ST/STM32F3xx/Include -I../Drivers/CMSIS/Include -O0 -ffunction-sections -fdata-sections -Wall -fstack-usage -fcyclomatic-complexity -MMD -MP -MF"Core/Src/main.d" -MT"Core/Src/main.o" --specs=nano.specs -mfpu=fpv4-sp-d16 -mfloat-abi=hard -mthumb -o "Core/Src/main.o"
../Core/Src/main.c: In function 'main':
../Core/Src/main.c:148:17: warning: implicit declaration of function 'sprintf' [-Wimplicit-function-declaration]
  148 |                 sprintf(str, "%d\n\r", intbuff);
      |                 ^~~~~~~
../Core/Src/main.c:21:1: note: include '<stdio.h>' or provide a declaration of 'sprintf'
   20 | #include "main.h"
  +++ |+#include <stdio.h>
   21 | 
../Core/Src/main.c:148:17: warning: incompatible implicit declaration of built-in function 'sprintf' [-Wbuiltin-declaration-mismatch]
  148 |                 sprintf(str, "%d\n\r", intbuff);
      |                 ^~~~~~~
../Core/Src/main.c:148:17: note: include '<stdio.h>' or provide a declaration of 'sprintf'
../Core/Src/main.c:149:50: warning: implicit declaration of function 'strlen' [-Wimplicit-function-declaration]
  149 |                 HAL_UART_Transmit(&huart2, &str, strlen(str), 1000);
      |                                                  ^~~~~~
../Core/Src/main.c:21:1: note: include '<string.h>' or provide a declaration of 'strlen'
   20 | #include "main.h"
  +++ |+#include <string.h>
   21 | 
../Core/Src/main.c:149:50: warning: incompatible implicit declaration of built-in function 'strlen' [-Wbuiltin-declaration-mismatch]
  149 |                 HAL_UART_Transmit(&huart2, &str, strlen(str), 1000);
      |                                                  ^~~~~~
../Core/Src/main.c:149:50: note: include '<string.h>' or provide a declaration of 'strlen'
../Core/Src/main.c:149:44: warning: passing argument 2 of 'HAL_UART_Transmit' from incompatible pointer type [-Wincompatible-pointer-types]
  149 |                 HAL_UART_Transmit(&huart2, &str, strlen(str), 1000);
      |                                            ^~~~
      |                                            |
      |                                            char (*)[100]
In file included from ../Core/Inc/stm32f3xx_hal_conf.h:327,
                 from ../Drivers/STM32F3xx_HAL_Driver/Inc/stm32f3xx_hal.h:29,
                 from ../Core/Inc/main.h:30,
                 from ../Core/Src/main.c:20:
../Drivers/STM32F3xx_HAL_Driver/Inc/stm32f3xx_hal_uart.h:1486:79: note: expected 'const uint8_t *' {aka 'const unsigned char *'} but argument is of type 'char (*)[100]'
 1486 | HAL_StatusTypeDef HAL_UART_Transmit(UART_HandleTypeDef *huart, const uint8_t *pData, uint16_t Size, uint32_t Timeout);
      |                                                                ~~~~~~~~~~~~~~~^~~~~
At top level:
../Core/Src/main.c:109:17: warning: 'write_bits' defined but not used [-Wunused-function]
  109 |         int16_t write_bits(uint8_t regiAddr, uint8_t bitstart, uint8_t length,
      |                 ^~~~~~~~~~
arm-none-eabi-gcc -o "gyro_nolibrary.elf" @"objects.list"   -mcpu=cortex-m4 -T"C:\Users\mizun\Documents\GitHub\2024_Oidengiken\cubeIDE\gyro\gyro_nolibrary\STM32F303K8TX_FLASH.ld" --specs=nosys.specs -Wl,-Map="gyro_nolibrary.map" -Wl,--gc-sections -static --specs=nano.specs -mfpu=fpv4-sp-d16 -mfloat-abi=hard -mthumb -Wl,--start-group -lc -lm -Wl,--end-group
Finished building target: gyro_nolibrary.elf
 
arm-none-eabi-size  gyro_nolibrary.elf 
arm-none-eabi-objdump -h -S gyro_nolibrary.elf  > "gyro_nolibrary.list"
   text	   data	    bss	    dec	    hex	filename
  16460	    100	   2260	  18820	   4984	gyro_nolibrary.elf
Finished building: default.size.stdout
 
Finished building: gyro_nolibrary.list
 
15:55:51 **** Incremental Build of configuration Debug for project gyro_nolibrary ****
make -j16 all 
arm-none-eabi-gcc "../Core/Src/main.c" -mcpu=cortex-m4 -std=gnu11 -g3 -DDEBUG -DUSE_HAL_DRIVER -DSTM32F303x8 -c -I../Core/Inc -I../Drivers/STM32F3xx_HAL_Driver/Inc -I../Drivers/STM32F3xx_HAL_Driver/Inc/Legacy -I../Drivers/CMSIS/Device/ST/STM32F3xx/Include -I../Drivers/CMSIS/Include -O0 -ffunction-sections -fdata-sections -Wall -fstack-usage -fcyclomatic-complexity -MMD -MP -MF"Core/Src/main.d" -MT"Core/Src/main.o" --specs=nano.specs -mfpu=fpv4-sp-d16 -mfloat-abi=hard -mthumb -o "Core/Src/main.o"
../Core/Src/main.c: In function 'main':
../Core/Src/main.c:150:17: warning: implicit declaration of function 'sprintf' [-Wimplicit-function-declaration]
  150 |                 sprintf(str, "%d\n\r", intbuff);
      |                 ^~~~~~~
../Core/Src/main.c:21:1: note: include '<stdio.h>' or provide a declaration of 'sprintf'
   20 | #include "main.h"
  +++ |+#include <stdio.h>
   21 | 
../Core/Src/main.c:150:17: warning: incompatible implicit declaration of built-in function 'sprintf' [-Wbuiltin-declaration-mismatch]
  150 |                 sprintf(str, "%d\n\r", intbuff);
      |                 ^~~~~~~
../Core/Src/main.c:150:17: note: include '<stdio.h>' or provide a declaration of 'sprintf'
../Core/Src/main.c:151:50: warning: implicit declaration of function 'strlen' [-Wimplicit-function-declaration]
  151 |                 HAL_UART_Transmit(&huart2, &str, strlen(str), 1000);
      |                                                  ^~~~~~
../Core/Src/main.c:21:1: note: include '<string.h>' or provide a declaration of 'strlen'
   20 | #include "main.h"
  +++ |+#include <string.h>
   21 | 
../Core/Src/main.c:151:50: warning: incompatible implicit declaration of built-in function 'strlen' [-Wbuiltin-declaration-mismatch]
  151 |                 HAL_UART_Transmit(&huart2, &str, strlen(str), 1000);
      |                                                  ^~~~~~
../Core/Src/main.c:151:50: note: include '<string.h>' or provide a declaration of 'strlen'
../Core/Src/main.c:151:44: warning: passing argument 2 of 'HAL_UART_Transmit' from incompatible pointer type [-Wincompatible-pointer-types]
  151 |                 HAL_UART_Transmit(&huart2, &str, strlen(str), 1000);
      |                                            ^~~~
      |                                            |
      |                                            char (*)[100]
In file included from ../Core/Inc/stm32f3xx_hal_conf.h:327,
                 from ../Drivers/STM32F3xx_HAL_Driver/Inc/stm32f3xx_hal.h:29,
                 from ../Core/Inc/main.h:30,
                 from ../Core/Src/main.c:20:
../Drivers/STM32F3xx_HAL_Driver/Inc/stm32f3xx_hal_uart.h:1486:79: note: expected 'const uint8_t *' {aka 'const unsigned char *'} but argument is of type 'char (*)[100]'
 1486 | HAL_StatusTypeDef HAL_UART_Transmit(UART_HandleTypeDef *huart, const uint8_t *pData, uint16_t Size, uint32_t Timeout);
      |                                                                ~~~~~~~~~~~~~~~^~~~~
arm-none-eabi-gcc -o "gyro_nolibrary.elf" @"objects.list"   -mcpu=cortex-m4 -T"C:\Users\mizun\Documents\GitHub\2024_Oidengiken\cubeIDE\gyro\gyro_nolibrary\STM32F303K8TX_FLASH.ld" --specs=nosys.specs -Wl,-Map="gyro_nolibrary.map" -Wl,--gc-sections -static --specs=nano.specs -mfpu=fpv4-sp-d16 -mfloat-abi=hard -mthumb -Wl,--start-group -lc -lm -Wl,--end-group
Finished building target: gyro_nolibrary.elf
 
arm-none-eabi-size  gyro_nolibrary.elf 
arm-none-eabi-objdump -h -S gyro_nolibrary.elf  > "gyro_nolibrary.list"
   text	   data	    bss	    dec	    hex	filename
  17420	    100	   2260	  19780	   4d44	gyro_nolibrary.elf
Finished building: default.size.stdout
 
Finished building: gyro_nolibrary.list
 
15:58:52 **** Incremental Build of configuration Debug for project gyro_nolibrary ****
make -j16 all 
arm-none-eabi-gcc "../Core/Src/main.c" -mcpu=cortex-m4 -std=gnu11 -g3 -DDEBUG -DUSE_HAL_DRIVER -DSTM32F303x8 -c -I../Core/Inc -I../Drivers/STM32F3xx_HAL_Driver/Inc -I../Drivers/STM32F3xx_HAL_Driver/Inc/Legacy -I../Drivers/CMSIS/Device/ST/STM32F3xx/Include -I../Drivers/CMSIS/Include -O0 -ffunction-sections -fdata-sections -Wall -fstack-usage -fcyclomatic-complexity -MMD -MP -MF"Core/Src/main.d" -MT"Core/Src/main.o" --specs=nano.specs -mfpu=fpv4-sp-d16 -mfloat-abi=hard -mthumb -o "Core/Src/main.o"
../Core/Src/main.c: In function 'main':
../Core/Src/main.c:150:17: warning: implicit declaration of function 'sprintf' [-Wimplicit-function-declaration]
  150 |                 sprintf(str, "%d\n\r", intbuff);
      |                 ^~~~~~~
../Core/Src/main.c:21:1: note: include '<stdio.h>' or provide a declaration of 'sprintf'
   20 | #include "main.h"
  +++ |+#include <stdio.h>
   21 | 
../Core/Src/main.c:150:17: warning: incompatible implicit declaration of built-in function 'sprintf' [-Wbuiltin-declaration-mismatch]
  150 |                 sprintf(str, "%d\n\r", intbuff);
      |                 ^~~~~~~
../Core/Src/main.c:150:17: note: include '<stdio.h>' or provide a declaration of 'sprintf'
../Core/Src/main.c:151:50: warning: implicit declaration of function 'strlen' [-Wimplicit-function-declaration]
  151 |                 HAL_UART_Transmit(&huart2, &str, strlen(str), 1000);
      |                                                  ^~~~~~
../Core/Src/main.c:21:1: note: include '<string.h>' or provide a declaration of 'strlen'
   20 | #include "main.h"
  +++ |+#include <string.h>
   21 | 
../Core/Src/main.c:151:50: warning: incompatible implicit declaration of built-in function 'strlen' [-Wbuiltin-declaration-mismatch]
  151 |                 HAL_UART_Transmit(&huart2, &str, strlen(str), 1000);
      |                                                  ^~~~~~
../Core/Src/main.c:151:50: note: include '<string.h>' or provide a declaration of 'strlen'
../Core/Src/main.c:151:44: warning: passing argument 2 of 'HAL_UART_Transmit' from incompatible pointer type [-Wincompatible-pointer-types]
  151 |                 HAL_UART_Transmit(&huart2, &str, strlen(str), 1000);
      |                                            ^~~~
      |                                            |
      |                                            char (*)[100]
In file included from ../Core/Inc/stm32f3xx_hal_conf.h:327,
                 from ../Drivers/STM32F3xx_HAL_Driver/Inc/stm32f3xx_hal.h:29,
                 from ../Core/Inc/main.h:30,
                 from ../Core/Src/main.c:20:
../Drivers/STM32F3xx_HAL_Driver/Inc/stm32f3xx_hal_uart.h:1486:79: note: expected 'const uint8_t *' {aka 'const unsigned char *'} but argument is of type 'char (*)[100]'
 1486 | HAL_StatusTypeDef HAL_UART_Transmit(UART_HandleTypeDef *huart, const uint8_t *pData, uint16_t Size, uint32_t Timeout);
      |                                                                ~~~~~~~~~~~~~~~^~~~~
../Core/Src/main.c: In function 'write_bits':
../Core/Src/main.c:124:9: warning: control reaches end of non-void function [-Wreturn-type]
  124 |         }
      |         ^
arm-none-eabi-gcc -o "gyro_nolibrary.elf" @"objects.list"   -mcpu=cortex-m4 -T"C:\Users\mizun\Documents\GitHub\2024_Oidengiken\cubeIDE\gyro\gyro_nolibrary\STM32F303K8TX_FLASH.ld" --specs=nosys.specs -Wl,-Map="gyro_nolibrary.map" -Wl,--gc-sections -static --specs=nano.specs -mfpu=fpv4-sp-d16 -mfloat-abi=hard -mthumb -Wl,--start-group -lc -lm -Wl,--end-group
Finished building target: gyro_nolibrary.elf
 
arm-none-eabi-size  gyro_nolibrary.elf 
arm-none-eabi-objdump -h -S gyro_nolibrary.elf  > "gyro_nolibrary.list"
   text	   data	    bss	    dec	    hex	filename
  16668	    100	   2260	  19028	   4a54	gyro_nolibrary.elf
Finished building: default.size.stdout
 
Finished building: gyro_nolibrary.list
 
16:11:18 **** Incremental Build of configuration Debug for project gyro_nolibrary ****
make -j16 all 
arm-none-eabi-gcc "../Core/Src/main.c" -mcpu=cortex-m4 -std=gnu11 -g3 -DDEBUG -DUSE_HAL_DRIVER -DSTM32F303x8 -c -I../Core/Inc -I../Drivers/STM32F3xx_HAL_Driver/Inc -I../Drivers/STM32F3xx_HAL_Driver/Inc/Legacy -I../Drivers/CMSIS/Device/ST/STM32F3xx/Include -I../Drivers/CMSIS/Include -O0 -ffunction-sections -fdata-sections -Wall -fstack-usage -fcyclomatic-complexity -MMD -MP -MF"Core/Src/main.d" -MT"Core/Src/main.o" --specs=nano.specs -mfpu=fpv4-sp-d16 -mfloat-abi=hard -mthumb -o "Core/Src/main.o"
../Core/Src/main.c: In function 'main':
../Core/Src/main.c:173:17: warning: implicit declaration of function 'sprintf' [-Wimplicit-function-declaration]
  173 |                 sprintf(str, "%d\n\r", 100);
      |                 ^~~~~~~
../Core/Src/main.c:21:1: note: include '<stdio.h>' or provide a declaration of 'sprintf'
   20 | #include "main.h"
  +++ |+#include <stdio.h>
   21 | 
../Core/Src/main.c:173:17: warning: incompatible implicit declaration of built-in function 'sprintf' [-Wbuiltin-declaration-mismatch]
  173 |                 sprintf(str, "%d\n\r", 100);
      |                 ^~~~~~~
../Core/Src/main.c:173:17: note: include '<stdio.h>' or provide a declaration of 'sprintf'
../Core/Src/main.c:174:50: warning: implicit declaration of function 'strlen' [-Wimplicit-function-declaration]
  174 |                 HAL_UART_Transmit(&huart2, &str, strlen(str), 1000);
      |                                                  ^~~~~~
../Core/Src/main.c:21:1: note: include '<string.h>' or provide a declaration of 'strlen'
   20 | #include "main.h"
  +++ |+#include <string.h>
   21 | 
../Core/Src/main.c:174:50: warning: incompatible implicit declaration of built-in function 'strlen' [-Wbuiltin-declaration-mismatch]
  174 |                 HAL_UART_Transmit(&huart2, &str, strlen(str), 1000);
      |                                                  ^~~~~~
../Core/Src/main.c:174:50: note: include '<string.h>' or provide a declaration of 'strlen'
../Core/Src/main.c:174:44: warning: passing argument 2 of 'HAL_UART_Transmit' from incompatible pointer type [-Wincompatible-pointer-types]
  174 |                 HAL_UART_Transmit(&huart2, &str, strlen(str), 1000);
      |                                            ^~~~
      |                                            |
      |                                            char (*)[100]
In file included from ../Core/Inc/stm32f3xx_hal_conf.h:327,
                 from ../Drivers/STM32F3xx_HAL_Driver/Inc/stm32f3xx_hal.h:29,
                 from ../Core/Inc/main.h:30,
                 from ../Core/Src/main.c:20:
../Drivers/STM32F3xx_HAL_Driver/Inc/stm32f3xx_hal_uart.h:1486:79: note: expected 'const uint8_t *' {aka 'const unsigned char *'} but argument is of type 'char (*)[100]'
 1486 | HAL_StatusTypeDef HAL_UART_Transmit(UART_HandleTypeDef *huart, const uint8_t *pData, uint16_t Size, uint32_t Timeout);
      |                                                                ~~~~~~~~~~~~~~~^~~~~
../Core/Src/main.c:126:13: warning: unused variable 'intbuff' [-Wunused-variable]
  126 |         int intbuff;
      |             ^~~~~~~
../Core/Src/main.c:125:17: warning: unused variable 'buff' [-Wunused-variable]
  125 |         uint8_t buff;
      |                 ^~~~
At top level:
../Core/Src/main.c:109:17: warning: 'write_bits' defined but not used [-Wunused-function]
  109 |         int16_t write_bits(uint8_t regiAddr, uint8_t bitstart, uint8_t length,
      |                 ^~~~~~~~~~
arm-none-eabi-gcc -o "gyro_nolibrary.elf" @"objects.list"   -mcpu=cortex-m4 -T"C:\Users\mizun\Documents\GitHub\2024_Oidengiken\cubeIDE\gyro\gyro_nolibrary\STM32F303K8TX_FLASH.ld" --specs=nosys.specs -Wl,-Map="gyro_nolibrary.map" -Wl,--gc-sections -static --specs=nano.specs -mfpu=fpv4-sp-d16 -mfloat-abi=hard -mthumb -Wl,--start-group -lc -lm -Wl,--end-group
Finished building target: gyro_nolibrary.elf
 
arm-none-eabi-size  gyro_nolibrary.elf 
arm-none-eabi-objdump -h -S gyro_nolibrary.elf  > "gyro_nolibrary.list"
   text	   data	    bss	    dec	    hex	filename
  14632	    100	   2260	  16992	   4260	gyro_nolibrary.elf
Finished building: default.size.stdout
 
Finished building: gyro_nolibrary.list
 
16:11:40 **** Incremental Build of configuration Debug for project gyro_nolibrary ****
make -j16 all 
arm-none-eabi-size  gyro_nolibrary.elf 
   text	   data	    bss	    dec	    hex	filename
  14632	    100	   2260	  16992	   4260	gyro_nolibrary.elf
Finished building: default.size.stdout
 
16:12:04 **** Incremental Build of configuration Debug for project gyro_nolibrary ****
make -j16 all 
arm-none-eabi-size  gyro_nolibrary.elf 
   text	   data	    bss	    dec	    hex	filename
  14632	    100	   2260	  16992	   4260	gyro_nolibrary.elf
Finished building: default.size.stdout
 
16:12:38 **** Incremental Build of configuration Debug for project gyro_nolibrary ****
make -j16 all 
arm-none-eabi-size  gyro_nolibrary.elf 
   text	   data	    bss	    dec	    hex	filename
  14632	    100	   2260	  16992	   4260	gyro_nolibrary.elf
Finished building: default.size.stdout
 
16:16:57 **** Incremental Build of configuration Debug for project gyro_nolibrary ****
make -j16 all 
arm-none-eabi-gcc "../Core/Src/main.c" -mcpu=cortex-m4 -std=gnu11 -g3 -DDEBUG -DUSE_HAL_DRIVER -DSTM32F303x8 -c -I../Core/Inc -I../Drivers/STM32F3xx_HAL_Driver/Inc -I../Drivers/STM32F3xx_HAL_Driver/Inc/Legacy -I../Drivers/CMSIS/Device/ST/STM32F3xx/Include -I../Drivers/CMSIS/Include -O0 -ffunction-sections -fdata-sections -Wall -fstack-usage -fcyclomatic-complexity -MMD -MP -MF"Core/Src/main.d" -MT"Core/Src/main.o" --specs=nano.specs -mfpu=fpv4-sp-d16 -mfloat-abi=hard -mthumb -o "Core/Src/main.o"
../Core/Src/main.c: In function 'main':
../Core/Src/main.c:173:17: warning: implicit declaration of function 'sprintf' [-Wimplicit-function-declaration]
  173 |                 sprintf(str, "%d\n\r", 100);
      |                 ^~~~~~~
../Core/Src/main.c:21:1: note: include '<stdio.h>' or provide a declaration of 'sprintf'
   20 | #include "main.h"
  +++ |+#include <stdio.h>
   21 | 
../Core/Src/main.c:173:17: warning: incompatible implicit declaration of built-in function 'sprintf' [-Wbuiltin-declaration-mismatch]
  173 |                 sprintf(str, "%d\n\r", 100);
      |                 ^~~~~~~
../Core/Src/main.c:173:17: note: include '<stdio.h>' or provide a declaration of 'sprintf'
../Core/Src/main.c:174:50: warning: implicit declaration of function 'strlen' [-Wimplicit-function-declaration]
  174 |                 HAL_UART_Transmit(&huart2, &str, strlen(str), 1000);
      |                                                  ^~~~~~
../Core/Src/main.c:21:1: note: include '<string.h>' or provide a declaration of 'strlen'
   20 | #include "main.h"
  +++ |+#include <string.h>
   21 | 
../Core/Src/main.c:174:50: warning: incompatible implicit declaration of built-in function 'strlen' [-Wbuiltin-declaration-mismatch]
  174 |                 HAL_UART_Transmit(&huart2, &str, strlen(str), 1000);
      |                                                  ^~~~~~
../Core/Src/main.c:174:50: note: include '<string.h>' or provide a declaration of 'strlen'
../Core/Src/main.c:174:44: warning: passing argument 2 of 'HAL_UART_Transmit' from incompatible pointer type [-Wincompatible-pointer-types]
  174 |                 HAL_UART_Transmit(&huart2, &str, strlen(str), 1000);
      |                                            ^~~~
      |                                            |
      |                                            char (*)[100]
In file included from ../Core/Inc/stm32f3xx_hal_conf.h:327,
                 from ../Drivers/STM32F3xx_HAL_Driver/Inc/stm32f3xx_hal.h:29,
                 from ../Core/Inc/main.h:30,
                 from ../Core/Src/main.c:20:
../Drivers/STM32F3xx_HAL_Driver/Inc/stm32f3xx_hal_uart.h:1486:79: note: expected 'const uint8_t *' {aka 'const unsigned char *'} but argument is of type 'char (*)[100]'
 1486 | HAL_StatusTypeDef HAL_UART_Transmit(UART_HandleTypeDef *huart, const uint8_t *pData, uint16_t Size, uint32_t Timeout);
      |                                                                ~~~~~~~~~~~~~~~^~~~~
../Core/Src/main.c:126:13: warning: variable 'intbuff' set but not used [-Wunused-but-set-variable]
  126 |         int intbuff;
      |             ^~~~~~~
At top level:
../Core/Src/main.c:109:17: warning: 'write_bits' defined but not used [-Wunused-function]
  109 |         int16_t write_bits(uint8_t regiAddr, uint8_t bitstart, uint8_t length,
      |                 ^~~~~~~~~~
arm-none-eabi-gcc -o "gyro_nolibrary.elf" @"objects.list"   -mcpu=cortex-m4 -T"C:\Users\mizun\Documents\GitHub\2024_Oidengiken\cubeIDE\gyro\gyro_nolibrary\STM32F303K8TX_FLASH.ld" --specs=nosys.specs -Wl,-Map="gyro_nolibrary.map" -Wl,--gc-sections -static --specs=nano.specs -mfpu=fpv4-sp-d16 -mfloat-abi=hard -mthumb -Wl,--start-group -lc -lm -Wl,--end-group
Finished building target: gyro_nolibrary.elf
 
arm-none-eabi-size  gyro_nolibrary.elf 
arm-none-eabi-objdump -h -S gyro_nolibrary.elf  > "gyro_nolibrary.list"
   text	   data	    bss	    dec	    hex	filename
  16460	    100	   2260	  18820	   4984	gyro_nolibrary.elf
Finished building: default.size.stdout
 
Finished building: gyro_nolibrary.list
 
16:17:17 **** Incremental Build of configuration Debug for project gyro_nolibrary ****
make -j16 all 
arm-none-eabi-gcc "../Core/Src/main.c" -mcpu=cortex-m4 -std=gnu11 -g3 -DDEBUG -DUSE_HAL_DRIVER -DSTM32F303x8 -c -I../Core/Inc -I../Drivers/STM32F3xx_HAL_Driver/Inc -I../Drivers/STM32F3xx_HAL_Driver/Inc/Legacy -I../Drivers/CMSIS/Device/ST/STM32F3xx/Include -I../Drivers/CMSIS/Include -O0 -ffunction-sections -fdata-sections -Wall -fstack-usage -fcyclomatic-complexity -MMD -MP -MF"Core/Src/main.d" -MT"Core/Src/main.o" --specs=nano.specs -mfpu=fpv4-sp-d16 -mfloat-abi=hard -mthumb -o "Core/Src/main.o"
../Core/Src/main.c: In function 'main':
../Core/Src/main.c:173:17: warning: implicit declaration of function 'sprintf' [-Wimplicit-function-declaration]
  173 |                 sprintf(str, "%d\n\r", intbuff);
      |                 ^~~~~~~
../Core/Src/main.c:21:1: note: include '<stdio.h>' or provide a declaration of 'sprintf'
   20 | #include "main.h"
  +++ |+#include <stdio.h>
   21 | 
../Core/Src/main.c:173:17: warning: incompatible implicit declaration of built-in function 'sprintf' [-Wbuiltin-declaration-mismatch]
  173 |                 sprintf(str, "%d\n\r", intbuff);
      |                 ^~~~~~~
../Core/Src/main.c:173:17: note: include '<stdio.h>' or provide a declaration of 'sprintf'
../Core/Src/main.c:174:50: warning: implicit declaration of function 'strlen' [-Wimplicit-function-declaration]
  174 |                 HAL_UART_Transmit(&huart2, &str, strlen(str), 1000);
      |                                                  ^~~~~~
../Core/Src/main.c:21:1: note: include '<string.h>' or provide a declaration of 'strlen'
   20 | #include "main.h"
  +++ |+#include <string.h>
   21 | 
../Core/Src/main.c:174:50: warning: incompatible implicit declaration of built-in function 'strlen' [-Wbuiltin-declaration-mismatch]
  174 |                 HAL_UART_Transmit(&huart2, &str, strlen(str), 1000);
      |                                                  ^~~~~~
../Core/Src/main.c:174:50: note: include '<string.h>' or provide a declaration of 'strlen'
../Core/Src/main.c:174:44: warning: passing argument 2 of 'HAL_UART_Transmit' from incompatible pointer type [-Wincompatible-pointer-types]
  174 |                 HAL_UART_Transmit(&huart2, &str, strlen(str), 1000);
      |                                            ^~~~
      |                                            |
      |                                            char (*)[100]
In file included from ../Core/Inc/stm32f3xx_hal_conf.h:327,
                 from ../Drivers/STM32F3xx_HAL_Driver/Inc/stm32f3xx_hal.h:29,
                 from ../Core/Inc/main.h:30,
                 from ../Core/Src/main.c:20:
../Drivers/STM32F3xx_HAL_Driver/Inc/stm32f3xx_hal_uart.h:1486:79: note: expected 'const uint8_t *' {aka 'const unsigned char *'} but argument is of type 'char (*)[100]'
 1486 | HAL_StatusTypeDef HAL_UART_Transmit(UART_HandleTypeDef *huart, const uint8_t *pData, uint16_t Size, uint32_t Timeout);
      |                                                                ~~~~~~~~~~~~~~~^~~~~
At top level:
../Core/Src/main.c:109:17: warning: 'write_bits' defined but not used [-Wunused-function]
  109 |         int16_t write_bits(uint8_t regiAddr, uint8_t bitstart, uint8_t length,
      |                 ^~~~~~~~~~
arm-none-eabi-gcc -o "gyro_nolibrary.elf" @"objects.list"   -mcpu=cortex-m4 -T"C:\Users\mizun\Documents\GitHub\2024_Oidengiken\cubeIDE\gyro\gyro_nolibrary\STM32F303K8TX_FLASH.ld" --specs=nosys.specs -Wl,-Map="gyro_nolibrary.map" -Wl,--gc-sections -static --specs=nano.specs -mfpu=fpv4-sp-d16 -mfloat-abi=hard -mthumb -Wl,--start-group -lc -lm -Wl,--end-group
Finished building target: gyro_nolibrary.elf
 
arm-none-eabi-size  gyro_nolibrary.elf 
arm-none-eabi-objdump -h -S gyro_nolibrary.elf  > "gyro_nolibrary.list"
   text	   data	    bss	    dec	    hex	filename
  16460	    100	   2260	  18820	   4984	gyro_nolibrary.elf
Finished building: default.size.stdout
 
Finished building: gyro_nolibrary.list
 
16:18:55 **** Incremental Build of configuration Debug for project gyro_nolibrary ****
make -j16 all 
arm-none-eabi-gcc "../Core/Src/main.c" -mcpu=cortex-m4 -std=gnu11 -g3 -DDEBUG -DUSE_HAL_DRIVER -DSTM32F303x8 -c -I../Core/Inc -I../Drivers/STM32F3xx_HAL_Driver/Inc -I../Drivers/STM32F3xx_HAL_Driver/Inc/Legacy -I../Drivers/CMSIS/Device/ST/STM32F3xx/Include -I../Drivers/CMSIS/Include -O0 -ffunction-sections -fdata-sections -Wall -fstack-usage -fcyclomatic-complexity -MMD -MP -MF"Core/Src/main.d" -MT"Core/Src/main.o" --specs=nano.specs -mfpu=fpv4-sp-d16 -mfloat-abi=hard -mthumb -o "Core/Src/main.o"
../Core/Src/main.c: In function 'main':
../Core/Src/main.c:170:17: warning: implicit declaration of function 'sprintf' [-Wimplicit-function-declaration]
  170 |                 sprintf(str, "%d\n\r", intbuff);
      |                 ^~~~~~~
../Core/Src/main.c:21:1: note: include '<stdio.h>' or provide a declaration of 'sprintf'
   20 | #include "main.h"
  +++ |+#include <stdio.h>
   21 | 
../Core/Src/main.c:170:17: warning: incompatible implicit declaration of built-in function 'sprintf' [-Wbuiltin-declaration-mismatch]
  170 |                 sprintf(str, "%d\n\r", intbuff);
      |                 ^~~~~~~
../Core/Src/main.c:170:17: note: include '<stdio.h>' or provide a declaration of 'sprintf'
../Core/Src/main.c:171:50: warning: implicit declaration of function 'strlen' [-Wimplicit-function-declaration]
  171 |                 HAL_UART_Transmit(&huart2, &str, strlen(str), 1000);
      |                                                  ^~~~~~
../Core/Src/main.c:21:1: note: include '<string.h>' or provide a declaration of 'strlen'
   20 | #include "main.h"
  +++ |+#include <string.h>
   21 | 
../Core/Src/main.c:171:50: warning: incompatible implicit declaration of built-in function 'strlen' [-Wbuiltin-declaration-mismatch]
  171 |                 HAL_UART_Transmit(&huart2, &str, strlen(str), 1000);
      |                                                  ^~~~~~
../Core/Src/main.c:171:50: note: include '<string.h>' or provide a declaration of 'strlen'
../Core/Src/main.c:171:44: warning: passing argument 2 of 'HAL_UART_Transmit' from incompatible pointer type [-Wincompatible-pointer-types]
  171 |                 HAL_UART_Transmit(&huart2, &str, strlen(str), 1000);
      |                                            ^~~~
      |                                            |
      |                                            char (*)[100]
In file included from ../Core/Inc/stm32f3xx_hal_conf.h:327,
                 from ../Drivers/STM32F3xx_HAL_Driver/Inc/stm32f3xx_hal.h:29,
                 from ../Core/Inc/main.h:30,
                 from ../Core/Src/main.c:20:
../Drivers/STM32F3xx_HAL_Driver/Inc/stm32f3xx_hal_uart.h:1486:79: note: expected 'const uint8_t *' {aka 'const unsigned char *'} but argument is of type 'char (*)[100]'
 1486 | HAL_StatusTypeDef HAL_UART_Transmit(UART_HandleTypeDef *huart, const uint8_t *pData, uint16_t Size, uint32_t Timeout);
      |                                                                ~~~~~~~~~~~~~~~^~~~~
At top level:
../Core/Src/main.c:109:17: warning: 'write_bits' defined but not used [-Wunused-function]
  109 |         int16_t write_bits(uint8_t regiAddr, uint8_t bitstart, uint8_t length,
      |                 ^~~~~~~~~~
arm-none-eabi-gcc -o "gyro_nolibrary.elf" @"objects.list"   -mcpu=cortex-m4 -T"C:\Users\mizun\Documents\GitHub\2024_Oidengiken\cubeIDE\gyro\gyro_nolibrary\STM32F303K8TX_FLASH.ld" --specs=nosys.specs -Wl,-Map="gyro_nolibrary.map" -Wl,--gc-sections -static --specs=nano.specs -mfpu=fpv4-sp-d16 -mfloat-abi=hard -mthumb -Wl,--start-group -lc -lm -Wl,--end-group
Finished building target: gyro_nolibrary.elf
 
arm-none-eabi-size  gyro_nolibrary.elf 
arm-none-eabi-objdump -h -S gyro_nolibrary.elf  > "gyro_nolibrary.list"
   text	   data	    bss	    dec	    hex	filename
  16460	    100	   2260	  18820	   4984	gyro_nolibrary.elf
Finished building: default.size.stdout
 
Finished building: gyro_nolibrary.list
 
16:19:19 **** Incremental Build of configuration Debug for project gyro_nolibrary ****
make -j16 all 
arm-none-eabi-gcc "../Core/Src/main.c" -mcpu=cortex-m4 -std=gnu11 -g3 -DDEBUG -DUSE_HAL_DRIVER -DSTM32F303x8 -c -I../Core/Inc -I../Drivers/STM32F3xx_HAL_Driver/Inc -I../Drivers/STM32F3xx_HAL_Driver/Inc/Legacy -I../Drivers/CMSIS/Device/ST/STM32F3xx/Include -I../Drivers/CMSIS/Include -O0 -ffunction-sections -fdata-sections -Wall -fstack-usage -fcyclomatic-complexity -MMD -MP -MF"Core/Src/main.d" -MT"Core/Src/main.o" --specs=nano.specs -mfpu=fpv4-sp-d16 -mfloat-abi=hard -mthumb -o "Core/Src/main.o"
../Core/Src/main.c: In function 'main':
../Core/Src/main.c:170:17: warning: implicit declaration of function 'sprintf' [-Wimplicit-function-declaration]
  170 |                 sprintf(str, "%d\n\r", intbuff);
      |                 ^~~~~~~
../Core/Src/main.c:21:1: note: include '<stdio.h>' or provide a declaration of 'sprintf'
   20 | #include "main.h"
  +++ |+#include <stdio.h>
   21 | 
../Core/Src/main.c:170:17: warning: incompatible implicit declaration of built-in function 'sprintf' [-Wbuiltin-declaration-mismatch]
  170 |                 sprintf(str, "%d\n\r", intbuff);
      |                 ^~~~~~~
../Core/Src/main.c:170:17: note: include '<stdio.h>' or provide a declaration of 'sprintf'
../Core/Src/main.c:171:50: warning: implicit declaration of function 'strlen' [-Wimplicit-function-declaration]
  171 |                 HAL_UART_Transmit(&huart2, &str, strlen(str), 1000);
      |                                                  ^~~~~~
../Core/Src/main.c:21:1: note: include '<string.h>' or provide a declaration of 'strlen'
   20 | #include "main.h"
  +++ |+#include <string.h>
   21 | 
../Core/Src/main.c:171:50: warning: incompatible implicit declaration of built-in function 'strlen' [-Wbuiltin-declaration-mismatch]
  171 |                 HAL_UART_Transmit(&huart2, &str, strlen(str), 1000);
      |                                                  ^~~~~~
../Core/Src/main.c:171:50: note: include '<string.h>' or provide a declaration of 'strlen'
../Core/Src/main.c:171:44: warning: passing argument 2 of 'HAL_UART_Transmit' from incompatible pointer type [-Wincompatible-pointer-types]
  171 |                 HAL_UART_Transmit(&huart2, &str, strlen(str), 1000);
      |                                            ^~~~
      |                                            |
      |                                            char (*)[100]
In file included from ../Core/Inc/stm32f3xx_hal_conf.h:327,
                 from ../Drivers/STM32F3xx_HAL_Driver/Inc/stm32f3xx_hal.h:29,
                 from ../Core/Inc/main.h:30,
                 from ../Core/Src/main.c:20:
../Drivers/STM32F3xx_HAL_Driver/Inc/stm32f3xx_hal_uart.h:1486:79: note: expected 'const uint8_t *' {aka 'const unsigned char *'} but argument is of type 'char (*)[100]'
 1486 | HAL_StatusTypeDef HAL_UART_Transmit(UART_HandleTypeDef *huart, const uint8_t *pData, uint16_t Size, uint32_t Timeout);
      |                                                                ~~~~~~~~~~~~~~~^~~~~
arm-none-eabi-gcc -o "gyro_nolibrary.elf" @"objects.list"   -mcpu=cortex-m4 -T"C:\Users\mizun\Documents\GitHub\2024_Oidengiken\cubeIDE\gyro\gyro_nolibrary\STM32F303K8TX_FLASH.ld" --specs=nosys.specs -Wl,-Map="gyro_nolibrary.map" -Wl,--gc-sections -static --specs=nano.specs -mfpu=fpv4-sp-d16 -mfloat-abi=hard -mthumb -Wl,--start-group -lc -lm -Wl,--end-group
Finished building target: gyro_nolibrary.elf
 
arm-none-eabi-size  gyro_nolibrary.elf 
arm-none-eabi-objdump -h -S gyro_nolibrary.elf  > "gyro_nolibrary.list"
   text	   data	    bss	    dec	    hex	filename
  17396	    100	   2260	  19756	   4d2c	gyro_nolibrary.elf
Finished building: default.size.stdout
 
Finished building: gyro_nolibrary.list
 
16:22:09 **** Incremental Build of configuration Debug for project gyro_nolibrary ****
make -j16 all 
arm-none-eabi-gcc "../Core/Src/main.c" -mcpu=cortex-m4 -std=gnu11 -g3 -DDEBUG -DUSE_HAL_DRIVER -DSTM32F303x8 -c -I../Core/Inc -I../Drivers/STM32F3xx_HAL_Driver/Inc -I../Drivers/STM32F3xx_HAL_Driver/Inc/Legacy -I../Drivers/CMSIS/Device/ST/STM32F3xx/Include -I../Drivers/CMSIS/Include -O0 -ffunction-sections -fdata-sections -Wall -fstack-usage -fcyclomatic-complexity -MMD -MP -MF"Core/Src/main.d" -MT"Core/Src/main.o" --specs=nano.specs -mfpu=fpv4-sp-d16 -mfloat-abi=hard -mthumb -o "Core/Src/main.o"
../Core/Src/main.c: In function 'main':
../Core/Src/main.c:162:51: error: 'regiAddr' undeclared (first use in this function)
  162 |         HAL_I2C_Mem_Write(&hi2c1, MPU6050_adress, regiAddr,
      |                                                   ^~~~~~~~
../Core/Src/main.c:162:51: note: each undeclared identifier is reported only once for each function it appears in
../Core/Src/main.c:174:17: warning: implicit declaration of function 'sprintf' [-Wimplicit-function-declaration]
  174 |                 sprintf(str, "%d\n\r", intbuff);
      |                 ^~~~~~~
../Core/Src/main.c:21:1: note: include '<stdio.h>' or provide a declaration of 'sprintf'
   20 | #include "main.h"
  +++ |+#include <stdio.h>
   21 | 
../Core/Src/main.c:174:17: warning: incompatible implicit declaration of built-in function 'sprintf' [-Wbuiltin-declaration-mismatch]
  174 |                 sprintf(str, "%d\n\r", intbuff);
      |                 ^~~~~~~
../Core/Src/main.c:174:17: note: include '<stdio.h>' or provide a declaration of 'sprintf'
../Core/Src/main.c:175:50: warning: implicit declaration of function 'strlen' [-Wimplicit-function-declaration]
  175 |                 HAL_UART_Transmit(&huart2, &str, strlen(str), 1000);
      |                                                  ^~~~~~
../Core/Src/main.c:21:1: note: include '<string.h>' or provide a declaration of 'strlen'
   20 | #include "main.h"
  +++ |+#include <string.h>
   21 | 
../Core/Src/main.c:175:50: warning: incompatible implicit declaration of built-in function 'strlen' [-Wbuiltin-declaration-mismatch]
  175 |                 HAL_UART_Transmit(&huart2, &str, strlen(str), 1000);
      |                                                  ^~~~~~
../Core/Src/main.c:175:50: note: include '<string.h>' or provide a declaration of 'strlen'
../Core/Src/main.c:175:44: warning: passing argument 2 of 'HAL_UART_Transmit' from incompatible pointer type [-Wincompatible-pointer-types]
  175 |                 HAL_UART_Transmit(&huart2, &str, strlen(str), 1000);
      |                                            ^~~~
      |                                            |
      |                                            char (*)[100]
In file included from ../Core/Inc/stm32f3xx_hal_conf.h:327,
                 from ../Drivers/STM32F3xx_HAL_Driver/Inc/stm32f3xx_hal.h:29,
                 from ../Core/Inc/main.h:30,
                 from ../Core/Src/main.c:20:
../Drivers/STM32F3xx_HAL_Driver/Inc/stm32f3xx_hal_uart.h:1486:79: note: expected 'const uint8_t *' {aka 'const unsigned char *'} but argument is of type 'char (*)[100]'
 1486 | HAL_StatusTypeDef HAL_UART_Transmit(UART_HandleTypeDef *huart, const uint8_t *pData, uint16_t Size, uint32_t Timeout);
      |                                                                ~~~~~~~~~~~~~~~^~~~~
At top level:
../Core/Src/main.c:109:17: warning: 'write_bits' defined but not used [-Wunused-function]
  109 |         int16_t write_bits(uint8_t regiAddr, uint8_t bitstart, uint8_t length,
      |                 ^~~~~~~~~~
make: *** [Core/Src/subdir.mk:34: Core/Src/main.o] Error 1
"make -j16 all" terminated with exit code 2. Build might be incomplete.
16:22:45 **** Incremental Build of configuration Debug for project gyro_nolibrary ****
make -j16 all 
arm-none-eabi-gcc "../Core/Src/main.c" -mcpu=cortex-m4 -std=gnu11 -g3 -DDEBUG -DUSE_HAL_DRIVER -DSTM32F303x8 -c -I../Core/Inc -I../Drivers/STM32F3xx_HAL_Driver/Inc -I../Drivers/STM32F3xx_HAL_Driver/Inc/Legacy -I../Drivers/CMSIS/Device/ST/STM32F3xx/Include -I../Drivers/CMSIS/Include -O0 -ffunction-sections -fdata-sections -Wall -fstack-usage -fcyclomatic-complexity -MMD -MP -MF"Core/Src/main.d" -MT"Core/Src/main.o" --specs=nano.specs -mfpu=fpv4-sp-d16 -mfloat-abi=hard -mthumb -o "Core/Src/main.o"
../Core/Src/main.c: In function 'main':
../Core/Src/main.c:169:59: error: 'regiAddr' undeclared (first use in this function)
  169 |                 HAL_I2C_Mem_Write(&hi2c1, MPU6050_adress, regiAddr,
      |                                                           ^~~~~~~~
../Core/Src/main.c:169:59: note: each undeclared identifier is reported only once for each function it appears in
../Core/Src/main.c:174:17: warning: implicit declaration of function 'sprintf' [-Wimplicit-function-declaration]
  174 |                 sprintf(str, "%d\n\r", intbuff);
      |                 ^~~~~~~
../Core/Src/main.c:21:1: note: include '<stdio.h>' or provide a declaration of 'sprintf'
   20 | #include "main.h"
  +++ |+#include <stdio.h>
   21 | 
../Core/Src/main.c:174:17: warning: incompatible implicit declaration of built-in function 'sprintf' [-Wbuiltin-declaration-mismatch]
  174 |                 sprintf(str, "%d\n\r", intbuff);
      |                 ^~~~~~~
../Core/Src/main.c:174:17: note: include '<stdio.h>' or provide a declaration of 'sprintf'
../Core/Src/main.c:175:50: warning: implicit declaration of function 'strlen' [-Wimplicit-function-declaration]
  175 |                 HAL_UART_Transmit(&huart2, &str, strlen(str), 1000);
      |                                                  ^~~~~~
../Core/Src/main.c:21:1: note: include '<string.h>' or provide a declaration of 'strlen'
   20 | #include "main.h"
  +++ |+#include <string.h>
   21 | 
../Core/Src/main.c:175:50: warning: incompatible implicit declaration of built-in function 'strlen' [-Wbuiltin-declaration-mismatch]
  175 |                 HAL_UART_Transmit(&huart2, &str, strlen(str), 1000);
      |                                                  ^~~~~~
../Core/Src/main.c:175:50: note: include '<string.h>' or provide a declaration of 'strlen'
../Core/Src/main.c:175:44: warning: passing argument 2 of 'HAL_UART_Transmit' from incompatible pointer type [-Wincompatible-pointer-types]
  175 |                 HAL_UART_Transmit(&huart2, &str, strlen(str), 1000);
      |                                            ^~~~
      |                                            |
      |                                            char (*)[100]
In file included from ../Core/Inc/stm32f3xx_hal_conf.h:327,
                 from ../Drivers/STM32F3xx_HAL_Driver/Inc/stm32f3xx_hal.h:29,
                 from ../Core/Inc/main.h:30,
                 from ../Core/Src/main.c:20:
../Drivers/STM32F3xx_HAL_Driver/Inc/stm32f3xx_hal_uart.h:1486:79: note: expected 'const uint8_t *' {aka 'const unsigned char *'} but argument is of type 'char (*)[100]'
 1486 | HAL_StatusTypeDef HAL_UART_Transmit(UART_HandleTypeDef *huart, const uint8_t *pData, uint16_t Size, uint32_t Timeout);
      |                                                                ~~~~~~~~~~~~~~~^~~~~
At top level:
../Core/Src/main.c:109:17: warning: 'write_bits' defined but not used [-Wunused-function]
  109 |         int16_t write_bits(uint8_t regiAddr, uint8_t bitstart, uint8_t length,
      |                 ^~~~~~~~~~
make: *** [Core/Src/subdir.mk:34: Core/Src/main.o] Error 1
"make -j16 all" terminated with exit code 2. Build might be incomplete.
16:23:01 **** Incremental Build of configuration Debug for project gyro_nolibrary ****
make -j16 all 
arm-none-eabi-gcc "../Core/Src/main.c" -mcpu=cortex-m4 -std=gnu11 -g3 -DDEBUG -DUSE_HAL_DRIVER -DSTM32F303x8 -c -I../Core/Inc -I../Drivers/STM32F3xx_HAL_Driver/Inc -I../Drivers/STM32F3xx_HAL_Driver/Inc/Legacy -I../Drivers/CMSIS/Device/ST/STM32F3xx/Include -I../Drivers/CMSIS/Include -O0 -ffunction-sections -fdata-sections -Wall -fstack-usage -fcyclomatic-complexity -MMD -MP -MF"Core/Src/main.d" -MT"Core/Src/main.o" --specs=nano.specs -mfpu=fpv4-sp-d16 -mfloat-abi=hard -mthumb -o "Core/Src/main.o"
../Core/Src/main.c: In function 'main':
../Core/Src/main.c:174:17: warning: implicit declaration of function 'sprintf' [-Wimplicit-function-declaration]
  174 |                 sprintf(str, "%d\n\r", intbuff);
      |                 ^~~~~~~
../Core/Src/main.c:21:1: note: include '<stdio.h>' or provide a declaration of 'sprintf'
   20 | #include "main.h"
  +++ |+#include <stdio.h>
   21 | 
../Core/Src/main.c:174:17: warning: incompatible implicit declaration of built-in function 'sprintf' [-Wbuiltin-declaration-mismatch]
  174 |                 sprintf(str, "%d\n\r", intbuff);
      |                 ^~~~~~~
../Core/Src/main.c:174:17: note: include '<stdio.h>' or provide a declaration of 'sprintf'
../Core/Src/main.c:175:50: warning: implicit declaration of function 'strlen' [-Wimplicit-function-declaration]
  175 |                 HAL_UART_Transmit(&huart2, &str, strlen(str), 1000);
      |                                                  ^~~~~~
../Core/Src/main.c:21:1: note: include '<string.h>' or provide a declaration of 'strlen'
   20 | #include "main.h"
  +++ |+#include <string.h>
   21 | 
../Core/Src/main.c:175:50: warning: incompatible implicit declaration of built-in function 'strlen' [-Wbuiltin-declaration-mismatch]
  175 |                 HAL_UART_Transmit(&huart2, &str, strlen(str), 1000);
      |                                                  ^~~~~~
../Core/Src/main.c:175:50: note: include '<string.h>' or provide a declaration of 'strlen'
../Core/Src/main.c:175:44: warning: passing argument 2 of 'HAL_UART_Transmit' from incompatible pointer type [-Wincompatible-pointer-types]
  175 |                 HAL_UART_Transmit(&huart2, &str, strlen(str), 1000);
      |                                            ^~~~
      |                                            |
      |                                            char (*)[100]
In file included from ../Core/Inc/stm32f3xx_hal_conf.h:327,
                 from ../Drivers/STM32F3xx_HAL_Driver/Inc/stm32f3xx_hal.h:29,
                 from ../Core/Inc/main.h:30,
                 from ../Core/Src/main.c:20:
../Drivers/STM32F3xx_HAL_Driver/Inc/stm32f3xx_hal_uart.h:1486:79: note: expected 'const uint8_t *' {aka 'const unsigned char *'} but argument is of type 'char (*)[100]'
 1486 | HAL_StatusTypeDef HAL_UART_Transmit(UART_HandleTypeDef *huart, const uint8_t *pData, uint16_t Size, uint32_t Timeout);
      |                                                                ~~~~~~~~~~~~~~~^~~~~
At top level:
../Core/Src/main.c:109:17: warning: 'write_bits' defined but not used [-Wunused-function]
  109 |         int16_t write_bits(uint8_t regiAddr, uint8_t bitstart, uint8_t length,
      |                 ^~~~~~~~~~
arm-none-eabi-gcc -o "gyro_nolibrary.elf" @"objects.list"   -mcpu=cortex-m4 -T"C:\Users\mizun\Documents\GitHub\2024_Oidengiken\cubeIDE\gyro\gyro_nolibrary\STM32F303K8TX_FLASH.ld" --specs=nosys.specs -Wl,-Map="gyro_nolibrary.map" -Wl,--gc-sections -static --specs=nano.specs -mfpu=fpv4-sp-d16 -mfloat-abi=hard -mthumb -Wl,--start-group -lc -lm -Wl,--end-group
Finished building target: gyro_nolibrary.elf
 
arm-none-eabi-size  gyro_nolibrary.elf 
arm-none-eabi-objdump -h -S gyro_nolibrary.elf  > "gyro_nolibrary.list"
   text	   data	    bss	    dec	    hex	filename
  17232	    100	   2260	  19592	   4c88	gyro_nolibrary.elf
Finished building: default.size.stdout
 
Finished building: gyro_nolibrary.list
 
16:26:59 **** Incremental Build of configuration Debug for project gyro_nolibrary ****
make -j16 all 
arm-none-eabi-gcc "../Core/Src/main.c" -mcpu=cortex-m4 -std=gnu11 -g3 -DDEBUG -DUSE_HAL_DRIVER -DSTM32F303x8 -c -I../Core/Inc -I../Drivers/STM32F3xx_HAL_Driver/Inc -I../Drivers/STM32F3xx_HAL_Driver/Inc/Legacy -I../Drivers/CMSIS/Device/ST/STM32F3xx/Include -I../Drivers/CMSIS/Include -O0 -ffunction-sections -fdata-sections -Wall -fstack-usage -fcyclomatic-complexity -MMD -MP -MF"Core/Src/main.d" -MT"Core/Src/main.o" --specs=nano.specs -mfpu=fpv4-sp-d16 -mfloat-abi=hard -mthumb -o "Core/Src/main.o"
../Core/Src/main.c: In function 'main':
../Core/Src/main.c:168:17: warning: implicit declaration of function 'sprintf' [-Wimplicit-function-declaration]
  168 |                 sprintf(str, "%d\n\r", intbuff);
      |                 ^~~~~~~
../Core/Src/main.c:21:1: note: include '<stdio.h>' or provide a declaration of 'sprintf'
   20 | #include "main.h"
  +++ |+#include <stdio.h>
   21 | 
../Core/Src/main.c:168:17: warning: incompatible implicit declaration of built-in function 'sprintf' [-Wbuiltin-declaration-mismatch]
  168 |                 sprintf(str, "%d\n\r", intbuff);
      |                 ^~~~~~~
../Core/Src/main.c:168:17: note: include '<stdio.h>' or provide a declaration of 'sprintf'
../Core/Src/main.c:169:50: warning: implicit declaration of function 'strlen' [-Wimplicit-function-declaration]
  169 |                 HAL_UART_Transmit(&huart2, &str, strlen(str), 1000);
      |                                                  ^~~~~~
../Core/Src/main.c:21:1: note: include '<string.h>' or provide a declaration of 'strlen'
   20 | #include "main.h"
  +++ |+#include <string.h>
   21 | 
../Core/Src/main.c:169:50: warning: incompatible implicit declaration of built-in function 'strlen' [-Wbuiltin-declaration-mismatch]
  169 |                 HAL_UART_Transmit(&huart2, &str, strlen(str), 1000);
      |                                                  ^~~~~~
../Core/Src/main.c:169:50: note: include '<string.h>' or provide a declaration of 'strlen'
../Core/Src/main.c:169:44: warning: passing argument 2 of 'HAL_UART_Transmit' from incompatible pointer type [-Wincompatible-pointer-types]
  169 |                 HAL_UART_Transmit(&huart2, &str, strlen(str), 1000);
      |                                            ^~~~
      |                                            |
      |                                            char (*)[100]
In file included from ../Core/Inc/stm32f3xx_hal_conf.h:327,
                 from ../Drivers/STM32F3xx_HAL_Driver/Inc/stm32f3xx_hal.h:29,
                 from ../Core/Inc/main.h:30,
                 from ../Core/Src/main.c:20:
../Drivers/STM32F3xx_HAL_Driver/Inc/stm32f3xx_hal_uart.h:1486:79: note: expected 'const uint8_t *' {aka 'const unsigned char *'} but argument is of type 'char (*)[100]'
 1486 | HAL_StatusTypeDef HAL_UART_Transmit(UART_HandleTypeDef *huart, const uint8_t *pData, uint16_t Size, uint32_t Timeout);
      |                                                                ~~~~~~~~~~~~~~~^~~~~
At top level:
../Core/Src/main.c:109:17: warning: 'write_bits' defined but not used [-Wunused-function]
  109 |         int16_t write_bits(uint8_t regiAddr, uint8_t bitstart, uint8_t length,
      |                 ^~~~~~~~~~
arm-none-eabi-gcc -o "gyro_nolibrary.elf" @"objects.list"   -mcpu=cortex-m4 -T"C:\Users\mizun\Documents\GitHub\2024_Oidengiken\cubeIDE\gyro\gyro_nolibrary\STM32F303K8TX_FLASH.ld" --specs=nosys.specs -Wl,-Map="gyro_nolibrary.map" -Wl,--gc-sections -static --specs=nano.specs -mfpu=fpv4-sp-d16 -mfloat-abi=hard -mthumb -Wl,--start-group -lc -lm -Wl,--end-group
Finished building target: gyro_nolibrary.elf
 
arm-none-eabi-size  gyro_nolibrary.elf 
arm-none-eabi-objdump -h -S gyro_nolibrary.elf  > "gyro_nolibrary.list"
   text	   data	    bss	    dec	    hex	filename
  17208	    100	   2260	  19568	   4c70	gyro_nolibrary.elf
Finished building: default.size.stdout
 
Finished building: gyro_nolibrary.list
 
16:29:56 **** Incremental Build of configuration Debug for project gyro_nolibrary ****
make -j16 all 
arm-none-eabi-gcc "../Core/Src/main.c" -mcpu=cortex-m4 -std=gnu11 -g3 -DDEBUG -DUSE_HAL_DRIVER -DSTM32F303x8 -c -I../Core/Inc -I../Drivers/STM32F3xx_HAL_Driver/Inc -I../Drivers/STM32F3xx_HAL_Driver/Inc/Legacy -I../Drivers/CMSIS/Device/ST/STM32F3xx/Include -I../Drivers/CMSIS/Include -O0 -ffunction-sections -fdata-sections -Wall -fstack-usage -fcyclomatic-complexity -MMD -MP -MF"Core/Src/main.d" -MT"Core/Src/main.o" --specs=nano.specs -mfpu=fpv4-sp-d16 -mfloat-abi=hard -mthumb -o "Core/Src/main.o"
../Core/Src/main.c: In function 'main':
../Core/Src/main.c:169:17: warning: implicit declaration of function 'sprintf' [-Wimplicit-function-declaration]
  169 |                 sprintf(str, "%d\n\r", intbuff);
      |                 ^~~~~~~
../Core/Src/main.c:21:1: note: include '<stdio.h>' or provide a declaration of 'sprintf'
   20 | #include "main.h"
  +++ |+#include <stdio.h>
   21 | 
../Core/Src/main.c:169:17: warning: incompatible implicit declaration of built-in function 'sprintf' [-Wbuiltin-declaration-mismatch]
  169 |                 sprintf(str, "%d\n\r", intbuff);
      |                 ^~~~~~~
../Core/Src/main.c:169:17: note: include '<stdio.h>' or provide a declaration of 'sprintf'
../Core/Src/main.c:170:50: warning: implicit declaration of function 'strlen' [-Wimplicit-function-declaration]
  170 |                 HAL_UART_Transmit(&huart2, &str, strlen(str), 1000);
      |                                                  ^~~~~~
../Core/Src/main.c:21:1: note: include '<string.h>' or provide a declaration of 'strlen'
   20 | #include "main.h"
  +++ |+#include <string.h>
   21 | 
../Core/Src/main.c:170:50: warning: incompatible implicit declaration of built-in function 'strlen' [-Wbuiltin-declaration-mismatch]
  170 |                 HAL_UART_Transmit(&huart2, &str, strlen(str), 1000);
      |                                                  ^~~~~~
../Core/Src/main.c:170:50: note: include '<string.h>' or provide a declaration of 'strlen'
../Core/Src/main.c:170:44: warning: passing argument 2 of 'HAL_UART_Transmit' from incompatible pointer type [-Wincompatible-pointer-types]
  170 |                 HAL_UART_Transmit(&huart2, &str, strlen(str), 1000);
      |                                            ^~~~
      |                                            |
      |                                            char (*)[100]
In file included from ../Core/Inc/stm32f3xx_hal_conf.h:327,
                 from ../Drivers/STM32F3xx_HAL_Driver/Inc/stm32f3xx_hal.h:29,
                 from ../Core/Inc/main.h:30,
                 from ../Core/Src/main.c:20:
../Drivers/STM32F3xx_HAL_Driver/Inc/stm32f3xx_hal_uart.h:1486:79: note: expected 'const uint8_t *' {aka 'const unsigned char *'} but argument is of type 'char (*)[100]'
 1486 | HAL_StatusTypeDef HAL_UART_Transmit(UART_HandleTypeDef *huart, const uint8_t *pData, uint16_t Size, uint32_t Timeout);
      |                                                                ~~~~~~~~~~~~~~~^~~~~
At top level:
../Core/Src/main.c:109:17: warning: 'write_bits' defined but not used [-Wunused-function]
  109 |         int16_t write_bits(uint8_t regiAddr, uint8_t bitstart, uint8_t length,
      |                 ^~~~~~~~~~
arm-none-eabi-gcc -o "gyro_nolibrary.elf" @"objects.list"   -mcpu=cortex-m4 -T"C:\Users\mizun\Documents\GitHub\2024_Oidengiken\cubeIDE\gyro\gyro_nolibrary\STM32F303K8TX_FLASH.ld" --specs=nosys.specs -Wl,-Map="gyro_nolibrary.map" -Wl,--gc-sections -static --specs=nano.specs -mfpu=fpv4-sp-d16 -mfloat-abi=hard -mthumb -Wl,--start-group -lc -lm -Wl,--end-group
Finished building target: gyro_nolibrary.elf
 
arm-none-eabi-size  gyro_nolibrary.elf 
arm-none-eabi-objdump -h -S gyro_nolibrary.elf  > "gyro_nolibrary.list"
   text	   data	    bss	    dec	    hex	filename
  17216	    100	   2260	  19576	   4c78	gyro_nolibrary.elf
Finished building: default.size.stdout
 
Finished building: gyro_nolibrary.list
 
16:34:27 **** Incremental Build of configuration Debug for project gyro_nolibrary ****
make -j16 all 
arm-none-eabi-gcc "../Core/Src/main.c" -mcpu=cortex-m4 -std=gnu11 -g3 -DDEBUG -DUSE_HAL_DRIVER -DSTM32F303x8 -c -I../Core/Inc -I../Drivers/STM32F3xx_HAL_Driver/Inc -I../Drivers/STM32F3xx_HAL_Driver/Inc/Legacy -I../Drivers/CMSIS/Device/ST/STM32F3xx/Include -I../Drivers/CMSIS/Include -O0 -ffunction-sections -fdata-sections -Wall -fstack-usage -fcyclomatic-complexity -MMD -MP -MF"Core/Src/main.d" -MT"Core/Src/main.o" --specs=nano.specs -mfpu=fpv4-sp-d16 -mfloat-abi=hard -mthumb -o "Core/Src/main.o"
../Core/Src/main.c: In function 'main':
../Core/Src/main.c:163:9: error: unknown type name 'HAL_I2C'
  163 |         HAL_I2C
      |         ^~~~~~~
../Core/Src/main.c:164:27: error: expected declaration specifiers or '...' before '&' token
  164 |         HAL_I2C_Mem_Write(&hi2c1, MPU6050_adress<<1, regiAddr_CLKSCL,
      |                           ^
../Core/Src/main.c:64:24: error: expected declaration specifiers or '...' before numeric constant
   64 | #define MPU6050_adress 0x68
      |                        ^~~~
../Core/Src/main.c:164:35: note: in expansion of macro 'MPU6050_adress'
  164 |         HAL_I2C_Mem_Write(&hi2c1, MPU6050_adress<<1, regiAddr_CLKSCL,
      |                                   ^~~~~~~~~~~~~~
../Core/Src/main.c:68:25: error: expected declaration specifiers or '...' before numeric constant
   68 | #define regiAddr_CLKSCL 0x6b
      |                         ^~~~
../Core/Src/main.c:164:54: note: in expansion of macro 'regiAddr_CLKSCL'
  164 |         HAL_I2C_Mem_Write(&hi2c1, MPU6050_adress<<1, regiAddr_CLKSCL,
      |                                                      ^~~~~~~~~~~~~~~
../Core/Src/main.c:65:20: error: expected declaration specifiers or '...' before numeric constant
   65 | #define RegBitSize 8
      |                    ^
../Core/Src/main.c:165:41: note: in expansion of macro 'RegBitSize'
  165 |                                         RegBitSize, &data, 2, 1000);
      |                                         ^~~~~~~~~~
../Core/Src/main.c:165:53: error: expected declaration specifiers or '...' before '&' token
  165 |                                         RegBitSize, &data, 2, 1000);
      |                                                     ^
../Core/Src/main.c:165:60: error: expected declaration specifiers or '...' before numeric constant
  165 |                                         RegBitSize, &data, 2, 1000);
      |                                                            ^
../Core/Src/main.c:165:63: error: expected declaration specifiers or '...' before numeric constant
  165 |                                         RegBitSize, &data, 2, 1000);
      |                                                               ^~~~
../Core/Src/main.c:168:29: warning: pointer targets in passing argument 5 of 'HAL_I2C_Mem_Read' differ in signedness [-Wpointer-sign]
  168 |                 RegBitSize, &buff, 2, 1000);
      |                             ^~~~~
      |                             |
      |                             char *
In file included from ../Core/Inc/stm32f3xx_hal_conf.h:271,
                 from ../Drivers/STM32F3xx_HAL_Driver/Inc/stm32f3xx_hal.h:29,
                 from ../Core/Inc/main.h:30,
                 from ../Core/Src/main.c:20:
../Drivers/STM32F3xx_HAL_Driver/Inc/stm32f3xx_hal_i2c.h:637:66: note: expected 'uint8_t *' {aka 'unsigned char *'} but argument is of type 'char *'
  637 |                                    uint16_t MemAddSize, uint8_t *pData, uint16_t Size, uint32_t Timeout);
      |                                                         ~~~~~~~~~^~~~~
../Core/Src/main.c:170:17: warning: implicit declaration of function 'sprintf' [-Wimplicit-function-declaration]
  170 |                 sprintf(str, "%d\n\r", intbuff);
      |                 ^~~~~~~
../Core/Src/main.c:21:1: note: include '<stdio.h>' or provide a declaration of 'sprintf'
   20 | #include "main.h"
  +++ |+#include <stdio.h>
   21 | 
../Core/Src/main.c:170:17: warning: incompatible implicit declaration of built-in function 'sprintf' [-Wbuiltin-declaration-mismatch]
  170 |                 sprintf(str, "%d\n\r", intbuff);
      |                 ^~~~~~~
../Core/Src/main.c:170:17: note: include '<stdio.h>' or provide a declaration of 'sprintf'
../Core/Src/main.c:171:50: warning: implicit declaration of function 'strlen' [-Wimplicit-function-declaration]
  171 |                 HAL_UART_Transmit(&huart2, &str, strlen(str), 1000);
      |                                                  ^~~~~~
../Core/Src/main.c:21:1: note: include '<string.h>' or provide a declaration of 'strlen'
   20 | #include "main.h"
  +++ |+#include <string.h>
   21 | 
../Core/Src/main.c:171:50: warning: incompatible implicit declaration of built-in function 'strlen' [-Wbuiltin-declaration-mismatch]
  171 |                 HAL_UART_Transmit(&huart2, &str, strlen(str), 1000);
      |                                                  ^~~~~~
../Core/Src/main.c:171:50: note: include '<string.h>' or provide a declaration of 'strlen'
../Core/Src/main.c:171:44: warning: passing argument 2 of 'HAL_UART_Transmit' from incompatible pointer type [-Wincompatible-pointer-types]
  171 |                 HAL_UART_Transmit(&huart2, &str, strlen(str), 1000);
      |                                            ^~~~
      |                                            |
      |                                            char (*)[100]
In file included from ../Core/Inc/stm32f3xx_hal_conf.h:327,
                 from ../Drivers/STM32F3xx_HAL_Driver/Inc/stm32f3xx_hal.h:29,
                 from ../Core/Inc/main.h:30,
                 from ../Core/Src/main.c:20:
../Drivers/STM32F3xx_HAL_Driver/Inc/stm32f3xx_hal_uart.h:1486:79: note: expected 'const uint8_t *' {aka 'const unsigned char *'} but argument is of type 'char (*)[100]'
 1486 | HAL_StatusTypeDef HAL_UART_Transmit(UART_HandleTypeDef *huart, const uint8_t *pData, uint16_t Size, uint32_t Timeout);
      |                                                                ~~~~~~~~~~~~~~~^~~~~
../Core/Src/main.c:162:17: warning: unused variable 'data' [-Wunused-variable]
  162 |         uint8_t data = 9;
      |                 ^~~~
At top level:
../Core/Src/main.c:109:17: warning: 'write_bits' defined but not used [-Wunused-function]
  109 |         int16_t write_bits(uint8_t regiAddr, uint8_t bitstart, uint8_t length,
      |                 ^~~~~~~~~~
make: *** [Core/Src/subdir.mk:34: Core/Src/main.o] Error 1
"make -j16 all" terminated with exit code 2. Build might be incomplete.
16:34:44 **** Incremental Build of configuration Debug for project gyro_nolibrary ****
make -j16 all 
arm-none-eabi-gcc "../Core/Src/main.c" -mcpu=cortex-m4 -std=gnu11 -g3 -DDEBUG -DUSE_HAL_DRIVER -DSTM32F303x8 -c -I../Core/Inc -I../Drivers/STM32F3xx_HAL_Driver/Inc -I../Drivers/STM32F3xx_HAL_Driver/Inc/Legacy -I../Drivers/CMSIS/Device/ST/STM32F3xx/Include -I../Drivers/CMSIS/Include -O0 -ffunction-sections -fdata-sections -Wall -fstack-usage -fcyclomatic-complexity -MMD -MP -MF"Core/Src/main.d" -MT"Core/Src/main.o" --specs=nano.specs -mfpu=fpv4-sp-d16 -mfloat-abi=hard -mthumb -o "Core/Src/main.o"
../Core/Src/main.c: In function 'main':
../Core/Src/main.c:163:9: error: unknown type name 'HAL_I2C'
  163 |         HAL_I2C
      |         ^~~~~~~
../Core/Src/main.c:164:27: error: expected declaration specifiers or '...' before '&' token
  164 |         HAL_I2C_Mem_Write(&hi2c1, MPU6050_adress<<1, regiAddr_CLKSCL,
      |                           ^
../Core/Src/main.c:64:24: error: expected declaration specifiers or '...' before numeric constant
   64 | #define MPU6050_adress 0x68
      |                        ^~~~
../Core/Src/main.c:164:35: note: in expansion of macro 'MPU6050_adress'
  164 |         HAL_I2C_Mem_Write(&hi2c1, MPU6050_adress<<1, regiAddr_CLKSCL,
      |                                   ^~~~~~~~~~~~~~
../Core/Src/main.c:68:25: error: expected declaration specifiers or '...' before numeric constant
   68 | #define regiAddr_CLKSCL 0x6b
      |                         ^~~~
../Core/Src/main.c:164:54: note: in expansion of macro 'regiAddr_CLKSCL'
  164 |         HAL_I2C_Mem_Write(&hi2c1, MPU6050_adress<<1, regiAddr_CLKSCL,
      |                                                      ^~~~~~~~~~~~~~~
../Core/Src/main.c:65:20: error: expected declaration specifiers or '...' before numeric constant
   65 | #define RegBitSize 8
      |                    ^
../Core/Src/main.c:165:41: note: in expansion of macro 'RegBitSize'
  165 |                                         RegBitSize, &data, 1, 1000);
      |                                         ^~~~~~~~~~
../Core/Src/main.c:165:53: error: expected declaration specifiers or '...' before '&' token
  165 |                                         RegBitSize, &data, 1, 1000);
      |                                                     ^
../Core/Src/main.c:165:60: error: expected declaration specifiers or '...' before numeric constant
  165 |                                         RegBitSize, &data, 1, 1000);
      |                                                            ^
../Core/Src/main.c:165:63: error: expected declaration specifiers or '...' before numeric constant
  165 |                                         RegBitSize, &data, 1, 1000);
      |                                                               ^~~~
../Core/Src/main.c:168:29: warning: pointer targets in passing argument 5 of 'HAL_I2C_Mem_Read' differ in signedness [-Wpointer-sign]
  168 |                 RegBitSize, &buff, 2, 1000);
      |                             ^~~~~
      |                             |
      |                             char *
In file included from ../Core/Inc/stm32f3xx_hal_conf.h:271,
                 from ../Drivers/STM32F3xx_HAL_Driver/Inc/stm32f3xx_hal.h:29,
                 from ../Core/Inc/main.h:30,
                 from ../Core/Src/main.c:20:
../Drivers/STM32F3xx_HAL_Driver/Inc/stm32f3xx_hal_i2c.h:637:66: note: expected 'uint8_t *' {aka 'unsigned char *'} but argument is of type 'char *'
  637 |                                    uint16_t MemAddSize, uint8_t *pData, uint16_t Size, uint32_t Timeout);
      |                                                         ~~~~~~~~~^~~~~
../Core/Src/main.c:170:17: warning: implicit declaration of function 'sprintf' [-Wimplicit-function-declaration]
  170 |                 sprintf(str, "%d\n\r", intbuff);
      |                 ^~~~~~~
../Core/Src/main.c:21:1: note: include '<stdio.h>' or provide a declaration of 'sprintf'
   20 | #include "main.h"
  +++ |+#include <stdio.h>
   21 | 
../Core/Src/main.c:170:17: warning: incompatible implicit declaration of built-in function 'sprintf' [-Wbuiltin-declaration-mismatch]
  170 |                 sprintf(str, "%d\n\r", intbuff);
      |                 ^~~~~~~
../Core/Src/main.c:170:17: note: include '<stdio.h>' or provide a declaration of 'sprintf'
../Core/Src/main.c:171:50: warning: implicit declaration of function 'strlen' [-Wimplicit-function-declaration]
  171 |                 HAL_UART_Transmit(&huart2, &str, strlen(str), 1000);
      |                                                  ^~~~~~
../Core/Src/main.c:21:1: note: include '<string.h>' or provide a declaration of 'strlen'
   20 | #include "main.h"
  +++ |+#include <string.h>
   21 | 
../Core/Src/main.c:171:50: warning: incompatible implicit declaration of built-in function 'strlen' [-Wbuiltin-declaration-mismatch]
  171 |                 HAL_UART_Transmit(&huart2, &str, strlen(str), 1000);
      |                                                  ^~~~~~
../Core/Src/main.c:171:50: note: include '<string.h>' or provide a declaration of 'strlen'
../Core/Src/main.c:171:44: warning: passing argument 2 of 'HAL_UART_Transmit' from incompatible pointer type [-Wincompatible-pointer-types]
  171 |                 HAL_UART_Transmit(&huart2, &str, strlen(str), 1000);
      |                                            ^~~~
      |                                            |
      |                                            char (*)[100]
In file included from ../Core/Inc/stm32f3xx_hal_conf.h:327,
                 from ../Drivers/STM32F3xx_HAL_Driver/Inc/stm32f3xx_hal.h:29,
                 from ../Core/Inc/main.h:30,
                 from ../Core/Src/main.c:20:
../Drivers/STM32F3xx_HAL_Driver/Inc/stm32f3xx_hal_uart.h:1486:79: note: expected 'const uint8_t *' {aka 'const unsigned char *'} but argument is of type 'char (*)[100]'
 1486 | HAL_StatusTypeDef HAL_UART_Transmit(UART_HandleTypeDef *huart, const uint8_t *pData, uint16_t Size, uint32_t Timeout);
      |                                                                ~~~~~~~~~~~~~~~^~~~~
../Core/Src/main.c:162:17: warning: unused variable 'data' [-Wunused-variable]
  162 |         uint8_t data = 9;
      |                 ^~~~
At top level:
../Core/Src/main.c:109:17: warning: 'write_bits' defined but not used [-Wunused-function]
  109 |         int16_t write_bits(uint8_t regiAddr, uint8_t bitstart, uint8_t length,
      |                 ^~~~~~~~~~
make: *** [Core/Src/subdir.mk:34: Core/Src/main.o] Error 1
"make -j16 all" terminated with exit code 2. Build might be incomplete.
16:35:01 **** Incremental Build of configuration Debug for project gyro_nolibrary ****
make -j16 all 
arm-none-eabi-gcc "../Core/Src/main.c" -mcpu=cortex-m4 -std=gnu11 -g3 -DDEBUG -DUSE_HAL_DRIVER -DSTM32F303x8 -c -I../Core/Inc -I../Drivers/STM32F3xx_HAL_Driver/Inc -I../Drivers/STM32F3xx_HAL_Driver/Inc/Legacy -I../Drivers/CMSIS/Device/ST/STM32F3xx/Include -I../Drivers/CMSIS/Include -O0 -ffunction-sections -fdata-sections -Wall -fstack-usage -fcyclomatic-complexity -MMD -MP -MF"Core/Src/main.d" -MT"Core/Src/main.o" --specs=nano.specs -mfpu=fpv4-sp-d16 -mfloat-abi=hard -mthumb -o "Core/Src/main.o"
../Core/Src/main.c: In function 'main':
../Core/Src/main.c:167:29: warning: pointer targets in passing argument 5 of 'HAL_I2C_Mem_Read' differ in signedness [-Wpointer-sign]
  167 |                 RegBitSize, &buff, 2, 1000);
      |                             ^~~~~
      |                             |
      |                             char *
In file included from ../Core/Inc/stm32f3xx_hal_conf.h:271,
                 from ../Drivers/STM32F3xx_HAL_Driver/Inc/stm32f3xx_hal.h:29,
                 from ../Core/Inc/main.h:30,
                 from ../Core/Src/main.c:20:
../Drivers/STM32F3xx_HAL_Driver/Inc/stm32f3xx_hal_i2c.h:637:66: note: expected 'uint8_t *' {aka 'unsigned char *'} but argument is of type 'char *'
  637 |                                    uint16_t MemAddSize, uint8_t *pData, uint16_t Size, uint32_t Timeout);
      |                                                         ~~~~~~~~~^~~~~
../Core/Src/main.c:169:17: warning: implicit declaration of function 'sprintf' [-Wimplicit-function-declaration]
  169 |                 sprintf(str, "%d\n\r", intbuff);
      |                 ^~~~~~~
../Core/Src/main.c:21:1: note: include '<stdio.h>' or provide a declaration of 'sprintf'
   20 | #include "main.h"
  +++ |+#include <stdio.h>
   21 | 
../Core/Src/main.c:169:17: warning: incompatible implicit declaration of built-in function 'sprintf' [-Wbuiltin-declaration-mismatch]
  169 |                 sprintf(str, "%d\n\r", intbuff);
      |                 ^~~~~~~
../Core/Src/main.c:169:17: note: include '<stdio.h>' or provide a declaration of 'sprintf'
../Core/Src/main.c:170:50: warning: implicit declaration of function 'strlen' [-Wimplicit-function-declaration]
  170 |                 HAL_UART_Transmit(&huart2, &str, strlen(str), 1000);
      |                                                  ^~~~~~
../Core/Src/main.c:21:1: note: include '<string.h>' or provide a declaration of 'strlen'
   20 | #include "main.h"
  +++ |+#include <string.h>
   21 | 
../Core/Src/main.c:170:50: warning: incompatible implicit declaration of built-in function 'strlen' [-Wbuiltin-declaration-mismatch]
  170 |                 HAL_UART_Transmit(&huart2, &str, strlen(str), 1000);
      |                                                  ^~~~~~
../Core/Src/main.c:170:50: note: include '<string.h>' or provide a declaration of 'strlen'
../Core/Src/main.c:170:44: warning: passing argument 2 of 'HAL_UART_Transmit' from incompatible pointer type [-Wincompatible-pointer-types]
  170 |                 HAL_UART_Transmit(&huart2, &str, strlen(str), 1000);
      |                                            ^~~~
      |                                            |
      |                                            char (*)[100]
In file included from ../Core/Inc/stm32f3xx_hal_conf.h:327,
                 from ../Drivers/STM32F3xx_HAL_Driver/Inc/stm32f3xx_hal.h:29,
                 from ../Core/Inc/main.h:30,
                 from ../Core/Src/main.c:20:
../Drivers/STM32F3xx_HAL_Driver/Inc/stm32f3xx_hal_uart.h:1486:79: note: expected 'const uint8_t *' {aka 'const unsigned char *'} but argument is of type 'char (*)[100]'
 1486 | HAL_StatusTypeDef HAL_UART_Transmit(UART_HandleTypeDef *huart, const uint8_t *pData, uint16_t Size, uint32_t Timeout);
      |                                                                ~~~~~~~~~~~~~~~^~~~~
At top level:
../Core/Src/main.c:109:17: warning: 'write_bits' defined but not used [-Wunused-function]
  109 |         int16_t write_bits(uint8_t regiAddr, uint8_t bitstart, uint8_t length,
      |                 ^~~~~~~~~~
arm-none-eabi-gcc -o "gyro_nolibrary.elf" @"objects.list"   -mcpu=cortex-m4 -T"C:\Users\mizun\Documents\GitHub\2024_Oidengiken\cubeIDE\gyro\gyro_nolibrary\STM32F303K8TX_FLASH.ld" --specs=nosys.specs -Wl,-Map="gyro_nolibrary.map" -Wl,--gc-sections -static --specs=nano.specs -mfpu=fpv4-sp-d16 -mfloat-abi=hard -mthumb -Wl,--start-group -lc -lm -Wl,--end-group
Finished building target: gyro_nolibrary.elf
 
arm-none-eabi-size  gyro_nolibrary.elf 
arm-none-eabi-objdump -h -S gyro_nolibrary.elf  > "gyro_nolibrary.list"
   text	   data	    bss	    dec	    hex	filename
  17216	    100	   2260	  19576	   4c78	gyro_nolibrary.elf
Finished building: default.size.stdout
 
Finished building: gyro_nolibrary.list
 
16:35:54 **** Incremental Build of configuration Debug for project gyro_nolibrary ****
make -j16 all 
arm-none-eabi-gcc "../Core/Src/main.c" -mcpu=cortex-m4 -std=gnu11 -g3 -DDEBUG -DUSE_HAL_DRIVER -DSTM32F303x8 -c -I../Core/Inc -I../Drivers/STM32F3xx_HAL_Driver/Inc -I../Drivers/STM32F3xx_HAL_Driver/Inc/Legacy -I../Drivers/CMSIS/Device/ST/STM32F3xx/Include -I../Drivers/CMSIS/Include -O0 -ffunction-sections -fdata-sections -Wall -fstack-usage -fcyclomatic-complexity -MMD -MP -MF"Core/Src/main.d" -MT"Core/Src/main.o" --specs=nano.specs -mfpu=fpv4-sp-d16 -mfloat-abi=hard -mthumb -o "Core/Src/main.o"
../Core/Src/main.c: In function 'main':
../Core/Src/main.c:167:29: warning: pointer targets in passing argument 5 of 'HAL_I2C_Mem_Read' differ in signedness [-Wpointer-sign]
  167 |                 RegBitSize, &buff, 2, 1000);
      |                             ^~~~~
      |                             |
      |                             char *
In file included from ../Core/Inc/stm32f3xx_hal_conf.h:271,
                 from ../Drivers/STM32F3xx_HAL_Driver/Inc/stm32f3xx_hal.h:29,
                 from ../Core/Inc/main.h:30,
                 from ../Core/Src/main.c:20:
../Drivers/STM32F3xx_HAL_Driver/Inc/stm32f3xx_hal_i2c.h:637:66: note: expected 'uint8_t *' {aka 'unsigned char *'} but argument is of type 'char *'
  637 |                                    uint16_t MemAddSize, uint8_t *pData, uint16_t Size, uint32_t Timeout);
      |                                                         ~~~~~~~~~^~~~~
../Core/Src/main.c:169:17: warning: implicit declaration of function 'sprintf' [-Wimplicit-function-declaration]
  169 |                 sprintf(str, "%d\n\n\r", intbuff);
      |                 ^~~~~~~
../Core/Src/main.c:21:1: note: include '<stdio.h>' or provide a declaration of 'sprintf'
   20 | #include "main.h"
  +++ |+#include <stdio.h>
   21 | 
../Core/Src/main.c:169:17: warning: incompatible implicit declaration of built-in function 'sprintf' [-Wbuiltin-declaration-mismatch]
  169 |                 sprintf(str, "%d\n\n\r", intbuff);
      |                 ^~~~~~~
../Core/Src/main.c:169:17: note: include '<stdio.h>' or provide a declaration of 'sprintf'
../Core/Src/main.c:170:50: warning: implicit declaration of function 'strlen' [-Wimplicit-function-declaration]
  170 |                 HAL_UART_Transmit(&huart2, &str, strlen(str), 1000);
      |                                                  ^~~~~~
../Core/Src/main.c:21:1: note: include '<string.h>' or provide a declaration of 'strlen'
   20 | #include "main.h"
  +++ |+#include <string.h>
   21 | 
../Core/Src/main.c:170:50: warning: incompatible implicit declaration of built-in function 'strlen' [-Wbuiltin-declaration-mismatch]
  170 |                 HAL_UART_Transmit(&huart2, &str, strlen(str), 1000);
      |                                                  ^~~~~~
../Core/Src/main.c:170:50: note: include '<string.h>' or provide a declaration of 'strlen'
../Core/Src/main.c:170:44: warning: passing argument 2 of 'HAL_UART_Transmit' from incompatible pointer type [-Wincompatible-pointer-types]
  170 |                 HAL_UART_Transmit(&huart2, &str, strlen(str), 1000);
      |                                            ^~~~
      |                                            |
      |                                            char (*)[100]
In file included from ../Core/Inc/stm32f3xx_hal_conf.h:327,
                 from ../Drivers/STM32F3xx_HAL_Driver/Inc/stm32f3xx_hal.h:29,
                 from ../Core/Inc/main.h:30,
                 from ../Core/Src/main.c:20:
../Drivers/STM32F3xx_HAL_Driver/Inc/stm32f3xx_hal_uart.h:1486:79: note: expected 'const uint8_t *' {aka 'const unsigned char *'} but argument is of type 'char (*)[100]'
 1486 | HAL_StatusTypeDef HAL_UART_Transmit(UART_HandleTypeDef *huart, const uint8_t *pData, uint16_t Size, uint32_t Timeout);
      |                                                                ~~~~~~~~~~~~~~~^~~~~
At top level:
../Core/Src/main.c:109:17: warning: 'write_bits' defined but not used [-Wunused-function]
  109 |         int16_t write_bits(uint8_t regiAddr, uint8_t bitstart, uint8_t length,
      |                 ^~~~~~~~~~
arm-none-eabi-gcc -o "gyro_nolibrary.elf" @"objects.list"   -mcpu=cortex-m4 -T"C:\Users\mizun\Documents\GitHub\2024_Oidengiken\cubeIDE\gyro\gyro_nolibrary\STM32F303K8TX_FLASH.ld" --specs=nosys.specs -Wl,-Map="gyro_nolibrary.map" -Wl,--gc-sections -static --specs=nano.specs -mfpu=fpv4-sp-d16 -mfloat-abi=hard -mthumb -Wl,--start-group -lc -lm -Wl,--end-group
Finished building target: gyro_nolibrary.elf
 
arm-none-eabi-size  gyro_nolibrary.elf 
arm-none-eabi-objdump -h -S gyro_nolibrary.elf  > "gyro_nolibrary.list"
   text	   data	    bss	    dec	    hex	filename
  17216	    100	   2260	  19576	   4c78	gyro_nolibrary.elf
Finished building: default.size.stdout
 
Finished building: gyro_nolibrary.list
 
16:36:18 **** Incremental Build of configuration Debug for project gyro_nolibrary ****
make -j16 all 
arm-none-eabi-gcc "../Core/Src/main.c" -mcpu=cortex-m4 -std=gnu11 -g3 -DDEBUG -DUSE_HAL_DRIVER -DSTM32F303x8 -c -I../Core/Inc -I../Drivers/STM32F3xx_HAL_Driver/Inc -I../Drivers/STM32F3xx_HAL_Driver/Inc/Legacy -I../Drivers/CMSIS/Device/ST/STM32F3xx/Include -I../Drivers/CMSIS/Include -O0 -ffunction-sections -fdata-sections -Wall -fstack-usage -fcyclomatic-complexity -MMD -MP -MF"Core/Src/main.d" -MT"Core/Src/main.o" --specs=nano.specs -mfpu=fpv4-sp-d16 -mfloat-abi=hard -mthumb -o "Core/Src/main.o"
../Core/Src/main.c: In function 'main':
../Core/Src/main.c:167:29: warning: pointer targets in passing argument 5 of 'HAL_I2C_Mem_Read' differ in signedness [-Wpointer-sign]
  167 |                 RegBitSize, &buff, 2, 1000);
      |                             ^~~~~
      |                             |
      |                             char *
In file included from ../Core/Inc/stm32f3xx_hal_conf.h:271,
                 from ../Drivers/STM32F3xx_HAL_Driver/Inc/stm32f3xx_hal.h:29,
                 from ../Core/Inc/main.h:30,
                 from ../Core/Src/main.c:20:
../Drivers/STM32F3xx_HAL_Driver/Inc/stm32f3xx_hal_i2c.h:637:66: note: expected 'uint8_t *' {aka 'unsigned char *'} but argument is of type 'char *'
  637 |                                    uint16_t MemAddSize, uint8_t *pData, uint16_t Size, uint32_t Timeout);
      |                                                         ~~~~~~~~~^~~~~
../Core/Src/main.c:169:17: warning: implicit declaration of function 'sprintf' [-Wimplicit-function-declaration]
  169 |                 sprintf(str, "%d\n", intbuff);
      |                 ^~~~~~~
../Core/Src/main.c:21:1: note: include '<stdio.h>' or provide a declaration of 'sprintf'
   20 | #include "main.h"
  +++ |+#include <stdio.h>
   21 | 
../Core/Src/main.c:169:17: warning: incompatible implicit declaration of built-in function 'sprintf' [-Wbuiltin-declaration-mismatch]
  169 |                 sprintf(str, "%d\n", intbuff);
      |                 ^~~~~~~
../Core/Src/main.c:169:17: note: include '<stdio.h>' or provide a declaration of 'sprintf'
../Core/Src/main.c:170:50: warning: implicit declaration of function 'strlen' [-Wimplicit-function-declaration]
  170 |                 HAL_UART_Transmit(&huart2, &str, strlen(str), 1000);
      |                                                  ^~~~~~
../Core/Src/main.c:21:1: note: include '<string.h>' or provide a declaration of 'strlen'
   20 | #include "main.h"
  +++ |+#include <string.h>
   21 | 
../Core/Src/main.c:170:50: warning: incompatible implicit declaration of built-in function 'strlen' [-Wbuiltin-declaration-mismatch]
  170 |                 HAL_UART_Transmit(&huart2, &str, strlen(str), 1000);
      |                                                  ^~~~~~
../Core/Src/main.c:170:50: note: include '<string.h>' or provide a declaration of 'strlen'
../Core/Src/main.c:170:44: warning: passing argument 2 of 'HAL_UART_Transmit' from incompatible pointer type [-Wincompatible-pointer-types]
  170 |                 HAL_UART_Transmit(&huart2, &str, strlen(str), 1000);
      |                                            ^~~~
      |                                            |
      |                                            char (*)[100]
In file included from ../Core/Inc/stm32f3xx_hal_conf.h:327,
                 from ../Drivers/STM32F3xx_HAL_Driver/Inc/stm32f3xx_hal.h:29,
                 from ../Core/Inc/main.h:30,
                 from ../Core/Src/main.c:20:
../Drivers/STM32F3xx_HAL_Driver/Inc/stm32f3xx_hal_uart.h:1486:79: note: expected 'const uint8_t *' {aka 'const unsigned char *'} but argument is of type 'char (*)[100]'
 1486 | HAL_StatusTypeDef HAL_UART_Transmit(UART_HandleTypeDef *huart, const uint8_t *pData, uint16_t Size, uint32_t Timeout);
      |                                                                ~~~~~~~~~~~~~~~^~~~~
At top level:
../Core/Src/main.c:109:17: warning: 'write_bits' defined but not used [-Wunused-function]
  109 |         int16_t write_bits(uint8_t regiAddr, uint8_t bitstart, uint8_t length,
      |                 ^~~~~~~~~~
arm-none-eabi-gcc -o "gyro_nolibrary.elf" @"objects.list"   -mcpu=cortex-m4 -T"C:\Users\mizun\Documents\GitHub\2024_Oidengiken\cubeIDE\gyro\gyro_nolibrary\STM32F303K8TX_FLASH.ld" --specs=nosys.specs -Wl,-Map="gyro_nolibrary.map" -Wl,--gc-sections -static --specs=nano.specs -mfpu=fpv4-sp-d16 -mfloat-abi=hard -mthumb -Wl,--start-group -lc -lm -Wl,--end-group
Finished building target: gyro_nolibrary.elf
 
arm-none-eabi-size  gyro_nolibrary.elf 
arm-none-eabi-objdump -h -S gyro_nolibrary.elf  > "gyro_nolibrary.list"
   text	   data	    bss	    dec	    hex	filename
  17212	    100	   2260	  19572	   4c74	gyro_nolibrary.elf
Finished building: default.size.stdout
 
Finished building: gyro_nolibrary.list
 
16:38:31 **** Incremental Build of configuration Debug for project gyro_nolibrary ****
make -j16 all 
arm-none-eabi-gcc "../Core/Src/main.c" -mcpu=cortex-m4 -std=gnu11 -g3 -DDEBUG -DUSE_HAL_DRIVER -DSTM32F303x8 -c -I../Core/Inc -I../Drivers/STM32F3xx_HAL_Driver/Inc -I../Drivers/STM32F3xx_HAL_Driver/Inc/Legacy -I../Drivers/CMSIS/Device/ST/STM32F3xx/Include -I../Drivers/CMSIS/Include -O0 -ffunction-sections -fdata-sections -Wall -fstack-usage -fcyclomatic-complexity -MMD -MP -MF"Core/Src/main.d" -MT"Core/Src/main.o" --specs=nano.specs -mfpu=fpv4-sp-d16 -mfloat-abi=hard -mthumb -o "Core/Src/main.o"
../Core/Src/main.c: In function 'main':
../Core/Src/main.c:165:35: error: 'MPU6050Adress' undeclared (first use in this function); did you mean 'MPU6050_adress'?
  165 |         HAL_I2C_Mem_Write(&hi2c1, MPU6050Adress<<1, regiAddr_CLKSCL, RegBitSize, &data, 1, 1000);
      |                                   ^~~~~~~~~~~~~
      |                                   MPU6050_adress
../Core/Src/main.c:165:35: note: each undeclared identifier is reported only once for each function it appears in
../Core/Src/main.c:168:29: warning: pointer targets in passing argument 5 of 'HAL_I2C_Mem_Read' differ in signedness [-Wpointer-sign]
  168 |                 RegBitSize, &buff, 2, 1000);
      |                             ^~~~~
      |                             |
      |                             char *
In file included from ../Core/Inc/stm32f3xx_hal_conf.h:271,
                 from ../Drivers/STM32F3xx_HAL_Driver/Inc/stm32f3xx_hal.h:29,
                 from ../Core/Inc/main.h:30,
                 from ../Core/Src/main.c:20:
../Drivers/STM32F3xx_HAL_Driver/Inc/stm32f3xx_hal_i2c.h:637:66: note: expected 'uint8_t *' {aka 'unsigned char *'} but argument is of type 'char *'
  637 |                                    uint16_t MemAddSize, uint8_t *pData, uint16_t Size, uint32_t Timeout);
      |                                                         ~~~~~~~~~^~~~~
../Core/Src/main.c:170:17: warning: implicit declaration of function 'sprintf' [-Wimplicit-function-declaration]
  170 |                 sprintf(str, "%d\n", intbuff);
      |                 ^~~~~~~
../Core/Src/main.c:21:1: note: include '<stdio.h>' or provide a declaration of 'sprintf'
   20 | #include "main.h"
  +++ |+#include <stdio.h>
   21 | 
../Core/Src/main.c:170:17: warning: incompatible implicit declaration of built-in function 'sprintf' [-Wbuiltin-declaration-mismatch]
  170 |                 sprintf(str, "%d\n", intbuff);
      |                 ^~~~~~~
../Core/Src/main.c:170:17: note: include '<stdio.h>' or provide a declaration of 'sprintf'
../Core/Src/main.c:171:50: warning: implicit declaration of function 'strlen' [-Wimplicit-function-declaration]
  171 |                 HAL_UART_Transmit(&huart2, &str, strlen(str), 1000);
      |                                                  ^~~~~~
../Core/Src/main.c:21:1: note: include '<string.h>' or provide a declaration of 'strlen'
   20 | #include "main.h"
  +++ |+#include <string.h>
   21 | 
../Core/Src/main.c:171:50: warning: incompatible implicit declaration of built-in function 'strlen' [-Wbuiltin-declaration-mismatch]
  171 |                 HAL_UART_Transmit(&huart2, &str, strlen(str), 1000);
      |                                                  ^~~~~~
../Core/Src/main.c:171:50: note: include '<string.h>' or provide a declaration of 'strlen'
../Core/Src/main.c:171:44: warning: passing argument 2 of 'HAL_UART_Transmit' from incompatible pointer type [-Wincompatible-pointer-types]
  171 |                 HAL_UART_Transmit(&huart2, &str, strlen(str), 1000);
      |                                            ^~~~
      |                                            |
      |                                            char (*)[100]
In file included from ../Core/Inc/stm32f3xx_hal_conf.h:327,
                 from ../Drivers/STM32F3xx_HAL_Driver/Inc/stm32f3xx_hal.h:29,
                 from ../Core/Inc/main.h:30,
                 from ../Core/Src/main.c:20:
../Drivers/STM32F3xx_HAL_Driver/Inc/stm32f3xx_hal_uart.h:1486:79: note: expected 'const uint8_t *' {aka 'const unsigned char *'} but argument is of type 'char (*)[100]'
 1486 | HAL_StatusTypeDef HAL_UART_Transmit(UART_HandleTypeDef *huart, const uint8_t *pData, uint16_t Size, uint32_t Timeout);
      |                                                                ~~~~~~~~~~~~~~~^~~~~
At top level:
../Core/Src/main.c:109:17: warning: 'write_bits' defined but not used [-Wunused-function]
  109 |         int16_t write_bits(uint8_t regiAddr, uint8_t bitstart, uint8_t length,
      |                 ^~~~~~~~~~
make: *** [Core/Src/subdir.mk:34: Core/Src/main.o] Error 1
"make -j16 all" terminated with exit code 2. Build might be incomplete.
16:39:11 **** Incremental Build of configuration Debug for project gyro_nolibrary ****
make -j16 all 
arm-none-eabi-gcc "../Core/Src/main.c" -mcpu=cortex-m4 -std=gnu11 -g3 -DDEBUG -DUSE_HAL_DRIVER -DSTM32F303x8 -c -I../Core/Inc -I../Drivers/STM32F3xx_HAL_Driver/Inc -I../Drivers/STM32F3xx_HAL_Driver/Inc/Legacy -I../Drivers/CMSIS/Device/ST/STM32F3xx/Include -I../Drivers/CMSIS/Include -O0 -ffunction-sections -fdata-sections -Wall -fstack-usage -fcyclomatic-complexity -MMD -MP -MF"Core/Src/main.d" -MT"Core/Src/main.o" --specs=nano.specs -mfpu=fpv4-sp-d16 -mfloat-abi=hard -mthumb -o "Core/Src/main.o"
../Core/Src/main.c: In function 'main':
../Core/Src/main.c:167:29: warning: pointer targets in passing argument 5 of 'HAL_I2C_Mem_Read' differ in signedness [-Wpointer-sign]
  167 |                 RegBitSize, &buff, 2, 1000);
      |                             ^~~~~
      |                             |
      |                             char *
In file included from ../Core/Inc/stm32f3xx_hal_conf.h:271,
                 from ../Drivers/STM32F3xx_HAL_Driver/Inc/stm32f3xx_hal.h:29,
                 from ../Core/Inc/main.h:30,
                 from ../Core/Src/main.c:20:
../Drivers/STM32F3xx_HAL_Driver/Inc/stm32f3xx_hal_i2c.h:637:66: note: expected 'uint8_t *' {aka 'unsigned char *'} but argument is of type 'char *'
  637 |                                    uint16_t MemAddSize, uint8_t *pData, uint16_t Size, uint32_t Timeout);
      |                                                         ~~~~~~~~~^~~~~
../Core/Src/main.c:169:17: warning: implicit declaration of function 'sprintf' [-Wimplicit-function-declaration]
  169 |                 sprintf(str, "%d\n", intbuff);
      |                 ^~~~~~~
../Core/Src/main.c:21:1: note: include '<stdio.h>' or provide a declaration of 'sprintf'
   20 | #include "main.h"
  +++ |+#include <stdio.h>
   21 | 
../Core/Src/main.c:169:17: warning: incompatible implicit declaration of built-in function 'sprintf' [-Wbuiltin-declaration-mismatch]
  169 |                 sprintf(str, "%d\n", intbuff);
      |                 ^~~~~~~
../Core/Src/main.c:169:17: note: include '<stdio.h>' or provide a declaration of 'sprintf'
../Core/Src/main.c:170:50: warning: implicit declaration of function 'strlen' [-Wimplicit-function-declaration]
  170 |                 HAL_UART_Transmit(&huart2, &str, strlen(str), 1000);
      |                                                  ^~~~~~
../Core/Src/main.c:21:1: note: include '<string.h>' or provide a declaration of 'strlen'
   20 | #include "main.h"
  +++ |+#include <string.h>
   21 | 
../Core/Src/main.c:170:50: warning: incompatible implicit declaration of built-in function 'strlen' [-Wbuiltin-declaration-mismatch]
  170 |                 HAL_UART_Transmit(&huart2, &str, strlen(str), 1000);
      |                                                  ^~~~~~
../Core/Src/main.c:170:50: note: include '<string.h>' or provide a declaration of 'strlen'
../Core/Src/main.c:170:44: warning: passing argument 2 of 'HAL_UART_Transmit' from incompatible pointer type [-Wincompatible-pointer-types]
  170 |                 HAL_UART_Transmit(&huart2, &str, strlen(str), 1000);
      |                                            ^~~~
      |                                            |
      |                                            char (*)[100]
In file included from ../Core/Inc/stm32f3xx_hal_conf.h:327,
                 from ../Drivers/STM32F3xx_HAL_Driver/Inc/stm32f3xx_hal.h:29,
                 from ../Core/Inc/main.h:30,
                 from ../Core/Src/main.c:20:
../Drivers/STM32F3xx_HAL_Driver/Inc/stm32f3xx_hal_uart.h:1486:79: note: expected 'const uint8_t *' {aka 'const unsigned char *'} but argument is of type 'char (*)[100]'
 1486 | HAL_StatusTypeDef HAL_UART_Transmit(UART_HandleTypeDef *huart, const uint8_t *pData, uint16_t Size, uint32_t Timeout);
      |                                                                ~~~~~~~~~~~~~~~^~~~~
At top level:
../Core/Src/main.c:109:17: warning: 'write_bits' defined but not used [-Wunused-function]
  109 |         int16_t write_bits(uint8_t regiAddr, uint8_t bitstart, uint8_t length,
      |                 ^~~~~~~~~~
arm-none-eabi-gcc -o "gyro_nolibrary.elf" @"objects.list"   -mcpu=cortex-m4 -T"C:\Users\mizun\Documents\GitHub\2024_Oidengiken\cubeIDE\gyro\gyro_nolibrary\STM32F303K8TX_FLASH.ld" --specs=nosys.specs -Wl,-Map="gyro_nolibrary.map" -Wl,--gc-sections -static --specs=nano.specs -mfpu=fpv4-sp-d16 -mfloat-abi=hard -mthumb -Wl,--start-group -lc -lm -Wl,--end-group
Finished building target: gyro_nolibrary.elf
 
arm-none-eabi-size  gyro_nolibrary.elf 
arm-none-eabi-objdump -h -S gyro_nolibrary.elf  > "gyro_nolibrary.list"
   text	   data	    bss	    dec	    hex	filename
  17212	    100	   2260	  19572	   4c74	gyro_nolibrary.elf
Finished building: default.size.stdout
 
Finished building: gyro_nolibrary.list
 
16:39:35 **** Incremental Build of configuration Debug for project gyro_nolibrary ****
make -j16 all 
arm-none-eabi-gcc "../Core/Src/main.c" -mcpu=cortex-m4 -std=gnu11 -g3 -DDEBUG -DUSE_HAL_DRIVER -DSTM32F303x8 -c -I../Core/Inc -I../Drivers/STM32F3xx_HAL_Driver/Inc -I../Drivers/STM32F3xx_HAL_Driver/Inc/Legacy -I../Drivers/CMSIS/Device/ST/STM32F3xx/Include -I../Drivers/CMSIS/Include -O0 -ffunction-sections -fdata-sections -Wall -fstack-usage -fcyclomatic-complexity -MMD -MP -MF"Core/Src/main.d" -MT"Core/Src/main.o" --specs=nano.specs -mfpu=fpv4-sp-d16 -mfloat-abi=hard -mthumb -o "Core/Src/main.o"
../Core/Src/main.c: In function 'main':
../Core/Src/main.c:167:29: warning: pointer targets in passing argument 5 of 'HAL_I2C_Mem_Read' differ in signedness [-Wpointer-sign]
  167 |                 RegBitSize, &buff, 2, 1000);
      |                             ^~~~~
      |                             |
      |                             char *
In file included from ../Core/Inc/stm32f3xx_hal_conf.h:271,
                 from ../Drivers/STM32F3xx_HAL_Driver/Inc/stm32f3xx_hal.h:29,
                 from ../Core/Inc/main.h:30,
                 from ../Core/Src/main.c:20:
../Drivers/STM32F3xx_HAL_Driver/Inc/stm32f3xx_hal_i2c.h:637:66: note: expected 'uint8_t *' {aka 'unsigned char *'} but argument is of type 'char *'
  637 |                                    uint16_t MemAddSize, uint8_t *pData, uint16_t Size, uint32_t Timeout);
      |                                                         ~~~~~~~~~^~~~~
../Core/Src/main.c:169:17: warning: implicit declaration of function 'sprintf' [-Wimplicit-function-declaration]
  169 |                 sprintf(str, "%d\n", intbuff);
      |                 ^~~~~~~
../Core/Src/main.c:21:1: note: include '<stdio.h>' or provide a declaration of 'sprintf'
   20 | #include "main.h"
  +++ |+#include <stdio.h>
   21 | 
../Core/Src/main.c:169:17: warning: incompatible implicit declaration of built-in function 'sprintf' [-Wbuiltin-declaration-mismatch]
  169 |                 sprintf(str, "%d\n", intbuff);
      |                 ^~~~~~~
../Core/Src/main.c:169:17: note: include '<stdio.h>' or provide a declaration of 'sprintf'
../Core/Src/main.c:170:50: warning: implicit declaration of function 'strlen' [-Wimplicit-function-declaration]
  170 |                 HAL_UART_Transmit(&huart2, &str, strlen(str), 1000);
      |                                                  ^~~~~~
../Core/Src/main.c:21:1: note: include '<string.h>' or provide a declaration of 'strlen'
   20 | #include "main.h"
  +++ |+#include <string.h>
   21 | 
../Core/Src/main.c:170:50: warning: incompatible implicit declaration of built-in function 'strlen' [-Wbuiltin-declaration-mismatch]
  170 |                 HAL_UART_Transmit(&huart2, &str, strlen(str), 1000);
      |                                                  ^~~~~~
../Core/Src/main.c:170:50: note: include '<string.h>' or provide a declaration of 'strlen'
../Core/Src/main.c:170:44: warning: passing argument 2 of 'HAL_UART_Transmit' from incompatible pointer type [-Wincompatible-pointer-types]
  170 |                 HAL_UART_Transmit(&huart2, &str, strlen(str), 1000);
      |                                            ^~~~
      |                                            |
      |                                            char (*)[100]
In file included from ../Core/Inc/stm32f3xx_hal_conf.h:327,
                 from ../Drivers/STM32F3xx_HAL_Driver/Inc/stm32f3xx_hal.h:29,
                 from ../Core/Inc/main.h:30,
                 from ../Core/Src/main.c:20:
../Drivers/STM32F3xx_HAL_Driver/Inc/stm32f3xx_hal_uart.h:1486:79: note: expected 'const uint8_t *' {aka 'const unsigned char *'} but argument is of type 'char (*)[100]'
 1486 | HAL_StatusTypeDef HAL_UART_Transmit(UART_HandleTypeDef *huart, const uint8_t *pData, uint16_t Size, uint32_t Timeout);
      |                                                                ~~~~~~~~~~~~~~~^~~~~
At top level:
../Core/Src/main.c:109:17: warning: 'write_bits' defined but not used [-Wunused-function]
  109 |         int16_t write_bits(uint8_t regiAddr, uint8_t bitstart, uint8_t length,
      |                 ^~~~~~~~~~
arm-none-eabi-gcc -o "gyro_nolibrary.elf" @"objects.list"   -mcpu=cortex-m4 -T"C:\Users\mizun\Documents\GitHub\2024_Oidengiken\cubeIDE\gyro\gyro_nolibrary\STM32F303K8TX_FLASH.ld" --specs=nosys.specs -Wl,-Map="gyro_nolibrary.map" -Wl,--gc-sections -static --specs=nano.specs -mfpu=fpv4-sp-d16 -mfloat-abi=hard -mthumb -Wl,--start-group -lc -lm -Wl,--end-group
Finished building target: gyro_nolibrary.elf
 
arm-none-eabi-size  gyro_nolibrary.elf 
arm-none-eabi-objdump -h -S gyro_nolibrary.elf  > "gyro_nolibrary.list"
   text	   data	    bss	    dec	    hex	filename
  17212	    100	   2260	  19572	   4c74	gyro_nolibrary.elf
Finished building: default.size.stdout
 
Finished building: gyro_nolibrary.list
 
16:40:55 **** Incremental Build of configuration Debug for project gyro_nolibrary ****
make -j16 all 
arm-none-eabi-gcc "../Core/Src/main.c" -mcpu=cortex-m4 -std=gnu11 -g3 -DDEBUG -DUSE_HAL_DRIVER -DSTM32F303x8 -c -I../Core/Inc -I../Drivers/STM32F3xx_HAL_Driver/Inc -I../Drivers/STM32F3xx_HAL_Driver/Inc/Legacy -I../Drivers/CMSIS/Device/ST/STM32F3xx/Include -I../Drivers/CMSIS/Include -O0 -ffunction-sections -fdata-sections -Wall -fstack-usage -fcyclomatic-complexity -MMD -MP -MF"Core/Src/main.d" -MT"Core/Src/main.o" --specs=nano.specs -mfpu=fpv4-sp-d16 -mfloat-abi=hard -mthumb -o "Core/Src/main.o"
../Core/Src/main.c: In function 'main':
../Core/Src/main.c:167:29: warning: pointer targets in passing argument 5 of 'HAL_I2C_Mem_Read' differ in signedness [-Wpointer-sign]
  167 |                 RegBitSize, &buff, 1, 1000);
      |                             ^~~~~
      |                             |
      |                             char *
In file included from ../Core/Inc/stm32f3xx_hal_conf.h:271,
                 from ../Drivers/STM32F3xx_HAL_Driver/Inc/stm32f3xx_hal.h:29,
                 from ../Core/Inc/main.h:30,
                 from ../Core/Src/main.c:20:
../Drivers/STM32F3xx_HAL_Driver/Inc/stm32f3xx_hal_i2c.h:637:66: note: expected 'uint8_t *' {aka 'unsigned char *'} but argument is of type 'char *'
  637 |                                    uint16_t MemAddSize, uint8_t *pData, uint16_t Size, uint32_t Timeout);
      |                                                         ~~~~~~~~~^~~~~
../Core/Src/main.c:169:17: warning: implicit declaration of function 'sprintf' [-Wimplicit-function-declaration]
  169 |                 sprintf(str, "%d\n", intbuff);
      |                 ^~~~~~~
../Core/Src/main.c:21:1: note: include '<stdio.h>' or provide a declaration of 'sprintf'
   20 | #include "main.h"
  +++ |+#include <stdio.h>
   21 | 
../Core/Src/main.c:169:17: warning: incompatible implicit declaration of built-in function 'sprintf' [-Wbuiltin-declaration-mismatch]
  169 |                 sprintf(str, "%d\n", intbuff);
      |                 ^~~~~~~
../Core/Src/main.c:169:17: note: include '<stdio.h>' or provide a declaration of 'sprintf'
../Core/Src/main.c:170:50: warning: implicit declaration of function 'strlen' [-Wimplicit-function-declaration]
  170 |                 HAL_UART_Transmit(&huart2, &str, strlen(str), 1000);
      |                                                  ^~~~~~
../Core/Src/main.c:21:1: note: include '<string.h>' or provide a declaration of 'strlen'
   20 | #include "main.h"
  +++ |+#include <string.h>
   21 | 
../Core/Src/main.c:170:50: warning: incompatible implicit declaration of built-in function 'strlen' [-Wbuiltin-declaration-mismatch]
  170 |                 HAL_UART_Transmit(&huart2, &str, strlen(str), 1000);
      |                                                  ^~~~~~
../Core/Src/main.c:170:50: note: include '<string.h>' or provide a declaration of 'strlen'
../Core/Src/main.c:170:44: warning: passing argument 2 of 'HAL_UART_Transmit' from incompatible pointer type [-Wincompatible-pointer-types]
  170 |                 HAL_UART_Transmit(&huart2, &str, strlen(str), 1000);
      |                                            ^~~~
      |                                            |
      |                                            char (*)[100]
In file included from ../Core/Inc/stm32f3xx_hal_conf.h:327,
                 from ../Drivers/STM32F3xx_HAL_Driver/Inc/stm32f3xx_hal.h:29,
                 from ../Core/Inc/main.h:30,
                 from ../Core/Src/main.c:20:
../Drivers/STM32F3xx_HAL_Driver/Inc/stm32f3xx_hal_uart.h:1486:79: note: expected 'const uint8_t *' {aka 'const unsigned char *'} but argument is of type 'char (*)[100]'
 1486 | HAL_StatusTypeDef HAL_UART_Transmit(UART_HandleTypeDef *huart, const uint8_t *pData, uint16_t Size, uint32_t Timeout);
      |                                                                ~~~~~~~~~~~~~~~^~~~~
At top level:
../Core/Src/main.c:109:17: warning: 'write_bits' defined but not used [-Wunused-function]
  109 |         int16_t write_bits(uint8_t regiAddr, uint8_t bitstart, uint8_t length,
      |                 ^~~~~~~~~~
arm-none-eabi-gcc -o "gyro_nolibrary.elf" @"objects.list"   -mcpu=cortex-m4 -T"C:\Users\mizun\Documents\GitHub\2024_Oidengiken\cubeIDE\gyro\gyro_nolibrary\STM32F303K8TX_FLASH.ld" --specs=nosys.specs -Wl,-Map="gyro_nolibrary.map" -Wl,--gc-sections -static --specs=nano.specs -mfpu=fpv4-sp-d16 -mfloat-abi=hard -mthumb -Wl,--start-group -lc -lm -Wl,--end-group
Finished building target: gyro_nolibrary.elf
 
arm-none-eabi-size  gyro_nolibrary.elf 
arm-none-eabi-objdump -h -S gyro_nolibrary.elf  > "gyro_nolibrary.list"
   text	   data	    bss	    dec	    hex	filename
  17212	    100	   2260	  19572	   4c74	gyro_nolibrary.elf
Finished building: default.size.stdout
 
Finished building: gyro_nolibrary.list
 
17:21:19 **** Incremental Build of configuration Debug for project gyro_nolibrary ****
make -j16 all 
arm-none-eabi-gcc "../Core/Src/main.c" -mcpu=cortex-m4 -std=gnu11 -g3 -DDEBUG -DUSE_HAL_DRIVER -DSTM32F303x8 -c -I../Core/Inc -I../Drivers/STM32F3xx_HAL_Driver/Inc -I../Drivers/STM32F3xx_HAL_Driver/Inc/Legacy -I../Drivers/CMSIS/Device/ST/STM32F3xx/Include -I../Drivers/CMSIS/Include -O0 -ffunction-sections -fdata-sections -Wall -fstack-usage -fcyclomatic-complexity -MMD -MP -MF"Core/Src/main.d" -MT"Core/Src/main.o" --specs=nano.specs -mfpu=fpv4-sp-d16 -mfloat-abi=hard -mthumb -o "Core/Src/main.o"
../Core/Src/main.c: In function 'main':
../Core/Src/main.c:167:29: warning: pointer targets in passing argument 5 of 'HAL_I2C_Mem_Read' differ in signedness [-Wpointer-sign]
  167 |                 RegBitSize, &buff, 1, 1000);
      |                             ^~~~~
      |                             |
      |                             char *
In file included from ../Core/Inc/stm32f3xx_hal_conf.h:271,
                 from ../Drivers/STM32F3xx_HAL_Driver/Inc/stm32f3xx_hal.h:29,
                 from ../Core/Inc/main.h:30,
                 from ../Core/Src/main.c:20:
../Drivers/STM32F3xx_HAL_Driver/Inc/stm32f3xx_hal_i2c.h:637:66: note: expected 'uint8_t *' {aka 'unsigned char *'} but argument is of type 'char *'
  637 |                                    uint16_t MemAddSize, uint8_t *pData, uint16_t Size, uint32_t Timeout);
      |                                                         ~~~~~~~~~^~~~~
../Core/Src/main.c:169:17: warning: implicit declaration of function 'sprintf' [-Wimplicit-function-declaration]
  169 |                 sprintf(str, "%d\n", intbuff);
      |                 ^~~~~~~
../Core/Src/main.c:21:1: note: include '<stdio.h>' or provide a declaration of 'sprintf'
   20 | #include "main.h"
  +++ |+#include <stdio.h>
   21 | 
../Core/Src/main.c:169:17: warning: incompatible implicit declaration of built-in function 'sprintf' [-Wbuiltin-declaration-mismatch]
  169 |                 sprintf(str, "%d\n", intbuff);
      |                 ^~~~~~~
../Core/Src/main.c:169:17: note: include '<stdio.h>' or provide a declaration of 'sprintf'
../Core/Src/main.c:170:50: warning: implicit declaration of function 'strlen' [-Wimplicit-function-declaration]
  170 |                 HAL_UART_Transmit(&huart2, &str, strlen(str), 1000);
      |                                                  ^~~~~~
../Core/Src/main.c:21:1: note: include '<string.h>' or provide a declaration of 'strlen'
   20 | #include "main.h"
  +++ |+#include <string.h>
   21 | 
../Core/Src/main.c:170:50: warning: incompatible implicit declaration of built-in function 'strlen' [-Wbuiltin-declaration-mismatch]
  170 |                 HAL_UART_Transmit(&huart2, &str, strlen(str), 1000);
      |                                                  ^~~~~~
../Core/Src/main.c:170:50: note: include '<string.h>' or provide a declaration of 'strlen'
../Core/Src/main.c:170:44: warning: passing argument 2 of 'HAL_UART_Transmit' from incompatible pointer type [-Wincompatible-pointer-types]
  170 |                 HAL_UART_Transmit(&huart2, &str, strlen(str), 1000);
      |                                            ^~~~
      |                                            |
      |                                            char (*)[100]
In file included from ../Core/Inc/stm32f3xx_hal_conf.h:327,
                 from ../Drivers/STM32F3xx_HAL_Driver/Inc/stm32f3xx_hal.h:29,
                 from ../Core/Inc/main.h:30,
                 from ../Core/Src/main.c:20:
../Drivers/STM32F3xx_HAL_Driver/Inc/stm32f3xx_hal_uart.h:1486:79: note: expected 'const uint8_t *' {aka 'const unsigned char *'} but argument is of type 'char (*)[100]'
 1486 | HAL_StatusTypeDef HAL_UART_Transmit(UART_HandleTypeDef *huart, const uint8_t *pData, uint16_t Size, uint32_t Timeout);
      |                                                                ~~~~~~~~~~~~~~~^~~~~
At top level:
../Core/Src/main.c:109:17: warning: 'write_bits' defined but not used [-Wunused-function]
  109 |         int16_t write_bits(uint8_t regiAddr, uint8_t bitstart, uint8_t length,
      |                 ^~~~~~~~~~
arm-none-eabi-gcc -o "gyro_nolibrary.elf" @"objects.list"   -mcpu=cortex-m4 -T"C:\Users\mizun\Documents\GitHub\2024_Oidengiken\cubeIDE\gyro\gyro_nolibrary\STM32F303K8TX_FLASH.ld" --specs=nosys.specs -Wl,-Map="gyro_nolibrary.map" -Wl,--gc-sections -static --specs=nano.specs -mfpu=fpv4-sp-d16 -mfloat-abi=hard -mthumb -Wl,--start-group -lc -lm -Wl,--end-group
Finished building target: gyro_nolibrary.elf
 
arm-none-eabi-size  gyro_nolibrary.elf 
arm-none-eabi-objdump -h -S gyro_nolibrary.elf  > "gyro_nolibrary.list"
   text	   data	    bss	    dec	    hex	filename
  17212	    100	   2260	  19572	   4c74	gyro_nolibrary.elf
Finished building: default.size.stdout
 
Finished building: gyro_nolibrary.list
 
17:33:45 **** Incremental Build of configuration Debug for project gyro_nolibrary ****
make -j16 all 
arm-none-eabi-gcc "../Core/Src/main.c" -mcpu=cortex-m4 -std=gnu11 -g3 -DDEBUG -DUSE_HAL_DRIVER -DSTM32F303x8 -c -I../Core/Inc -I../Drivers/STM32F3xx_HAL_Driver/Inc -I../Drivers/STM32F3xx_HAL_Driver/Inc/Legacy -I../Drivers/CMSIS/Device/ST/STM32F3xx/Include -I../Drivers/CMSIS/Include -O0 -ffunction-sections -fdata-sections -Wall -fstack-usage -fcyclomatic-complexity -MMD -MP -MF"Core/Src/main.d" -MT"Core/Src/main.o" --specs=nano.specs -mfpu=fpv4-sp-d16 -mfloat-abi=hard -mthumb -o "Core/Src/main.o"
../Core/Src/main.c: In function 'main':
../Core/Src/main.c:167:29: warning: pointer targets in passing argument 5 of 'HAL_I2C_Mem_Read' differ in signedness [-Wpointer-sign]
  167 |                 RegBitSize, &buff, 1, 1000);
      |                             ^~~~~
      |                             |
      |                             char *
In file included from ../Core/Inc/stm32f3xx_hal_conf.h:271,
                 from ../Drivers/STM32F3xx_HAL_Driver/Inc/stm32f3xx_hal.h:29,
                 from ../Core/Inc/main.h:30,
                 from ../Core/Src/main.c:20:
../Drivers/STM32F3xx_HAL_Driver/Inc/stm32f3xx_hal_i2c.h:637:66: note: expected 'uint8_t *' {aka 'unsigned char *'} but argument is of type 'char *'
  637 |                                    uint16_t MemAddSize, uint8_t *pData, uint16_t Size, uint32_t Timeout);
      |                                                         ~~~~~~~~~^~~~~
../Core/Src/main.c:169:17: warning: implicit declaration of function 'sprintf' [-Wimplicit-function-declaration]
  169 |                 sprintf(str, "%d\n", intbuff);
      |                 ^~~~~~~
../Core/Src/main.c:21:1: note: include '<stdio.h>' or provide a declaration of 'sprintf'
   20 | #include "main.h"
  +++ |+#include <stdio.h>
   21 | 
../Core/Src/main.c:169:17: warning: incompatible implicit declaration of built-in function 'sprintf' [-Wbuiltin-declaration-mismatch]
  169 |                 sprintf(str, "%d\n", intbuff);
      |                 ^~~~~~~
../Core/Src/main.c:169:17: note: include '<stdio.h>' or provide a declaration of 'sprintf'
../Core/Src/main.c:170:50: warning: implicit declaration of function 'strlen' [-Wimplicit-function-declaration]
  170 |                 HAL_UART_Transmit(&huart2, &str, strlen(str), 1000);
      |                                                  ^~~~~~
../Core/Src/main.c:21:1: note: include '<string.h>' or provide a declaration of 'strlen'
   20 | #include "main.h"
  +++ |+#include <string.h>
   21 | 
../Core/Src/main.c:170:50: warning: incompatible implicit declaration of built-in function 'strlen' [-Wbuiltin-declaration-mismatch]
  170 |                 HAL_UART_Transmit(&huart2, &str, strlen(str), 1000);
      |                                                  ^~~~~~
../Core/Src/main.c:170:50: note: include '<string.h>' or provide a declaration of 'strlen'
../Core/Src/main.c:170:44: warning: passing argument 2 of 'HAL_UART_Transmit' from incompatible pointer type [-Wincompatible-pointer-types]
  170 |                 HAL_UART_Transmit(&huart2, &str, strlen(str), 1000);
      |                                            ^~~~
      |                                            |
      |                                            char (*)[100]
In file included from ../Core/Inc/stm32f3xx_hal_conf.h:327,
                 from ../Drivers/STM32F3xx_HAL_Driver/Inc/stm32f3xx_hal.h:29,
                 from ../Core/Inc/main.h:30,
                 from ../Core/Src/main.c:20:
../Drivers/STM32F3xx_HAL_Driver/Inc/stm32f3xx_hal_uart.h:1486:79: note: expected 'const uint8_t *' {aka 'const unsigned char *'} but argument is of type 'char (*)[100]'
 1486 | HAL_StatusTypeDef HAL_UART_Transmit(UART_HandleTypeDef *huart, const uint8_t *pData, uint16_t Size, uint32_t Timeout);
      |                                                                ~~~~~~~~~~~~~~~^~~~~
At top level:
../Core/Src/main.c:109:17: warning: 'write_bits' defined but not used [-Wunused-function]
  109 |         int16_t write_bits(uint8_t regiAddr, uint8_t bitstart, uint8_t length,
      |                 ^~~~~~~~~~
arm-none-eabi-gcc -o "gyro_nolibrary.elf" @"objects.list"   -mcpu=cortex-m4 -T"C:\Users\mizun\Documents\GitHub\2024_Oidengiken\cubeIDE\gyro\gyro_nolibrary\STM32F303K8TX_FLASH.ld" --specs=nosys.specs -Wl,-Map="gyro_nolibrary.map" -Wl,--gc-sections -static --specs=nano.specs -mfpu=fpv4-sp-d16 -mfloat-abi=hard -mthumb -Wl,--start-group -lc -lm -Wl,--end-group
Finished building target: gyro_nolibrary.elf
 
arm-none-eabi-size  gyro_nolibrary.elf 
arm-none-eabi-objdump -h -S gyro_nolibrary.elf  > "gyro_nolibrary.list"
   text	   data	    bss	    dec	    hex	filename
  17212	    100	   2260	  19572	   4c74	gyro_nolibrary.elf
Finished building: default.size.stdout
 
Finished building: gyro_nolibrary.list
 
17:34:24 **** Incremental Build of configuration Debug for project gyro_nolibrary ****
make -j16 all 
arm-none-eabi-gcc "../Core/Src/main.c" -mcpu=cortex-m4 -std=gnu11 -g3 -DDEBUG -DUSE_HAL_DRIVER -DSTM32F303x8 -c -I../Core/Inc -I../Drivers/STM32F3xx_HAL_Driver/Inc -I../Drivers/STM32F3xx_HAL_Driver/Inc/Legacy -I../Drivers/CMSIS/Device/ST/STM32F3xx/Include -I../Drivers/CMSIS/Include -O0 -ffunction-sections -fdata-sections -Wall -fstack-usage -fcyclomatic-complexity -MMD -MP -MF"Core/Src/main.d" -MT"Core/Src/main.o" --specs=nano.specs -mfpu=fpv4-sp-d16 -mfloat-abi=hard -mthumb -o "Core/Src/main.o"
../Core/Src/main.c: In function 'main':
../Core/Src/main.c:167:29: warning: pointer targets in passing argument 5 of 'HAL_I2C_Mem_Read' differ in signedness [-Wpointer-sign]
  167 |                 RegBitSize, &buff, 1, 1000);
      |                             ^~~~~
      |                             |
      |                             char *
In file included from ../Core/Inc/stm32f3xx_hal_conf.h:271,
                 from ../Drivers/STM32F3xx_HAL_Driver/Inc/stm32f3xx_hal.h:29,
                 from ../Core/Inc/main.h:30,
                 from ../Core/Src/main.c:20:
../Drivers/STM32F3xx_HAL_Driver/Inc/stm32f3xx_hal_i2c.h:637:66: note: expected 'uint8_t *' {aka 'unsigned char *'} but argument is of type 'char *'
  637 |                                    uint16_t MemAddSize, uint8_t *pData, uint16_t Size, uint32_t Timeout);
      |                                                         ~~~~~~~~~^~~~~
../Core/Src/main.c:169:17: warning: implicit declaration of function 'sprintf' [-Wimplicit-function-declaration]
  169 |                 sprintf(str, "%d\n", intbuff);
      |                 ^~~~~~~
../Core/Src/main.c:21:1: note: include '<stdio.h>' or provide a declaration of 'sprintf'
   20 | #include "main.h"
  +++ |+#include <stdio.h>
   21 | 
../Core/Src/main.c:169:17: warning: incompatible implicit declaration of built-in function 'sprintf' [-Wbuiltin-declaration-mismatch]
  169 |                 sprintf(str, "%d\n", intbuff);
      |                 ^~~~~~~
../Core/Src/main.c:169:17: note: include '<stdio.h>' or provide a declaration of 'sprintf'
../Core/Src/main.c:170:50: warning: implicit declaration of function 'strlen' [-Wimplicit-function-declaration]
  170 |                 HAL_UART_Transmit(&huart2, &str, strlen(str), 1000);
      |                                                  ^~~~~~
../Core/Src/main.c:21:1: note: include '<string.h>' or provide a declaration of 'strlen'
   20 | #include "main.h"
  +++ |+#include <string.h>
   21 | 
../Core/Src/main.c:170:50: warning: incompatible implicit declaration of built-in function 'strlen' [-Wbuiltin-declaration-mismatch]
  170 |                 HAL_UART_Transmit(&huart2, &str, strlen(str), 1000);
      |                                                  ^~~~~~
../Core/Src/main.c:170:50: note: include '<string.h>' or provide a declaration of 'strlen'
../Core/Src/main.c:170:44: warning: passing argument 2 of 'HAL_UART_Transmit' from incompatible pointer type [-Wincompatible-pointer-types]
  170 |                 HAL_UART_Transmit(&huart2, &str, strlen(str), 1000);
      |                                            ^~~~
      |                                            |
      |                                            char (*)[100]
In file included from ../Core/Inc/stm32f3xx_hal_conf.h:327,
                 from ../Drivers/STM32F3xx_HAL_Driver/Inc/stm32f3xx_hal.h:29,
                 from ../Core/Inc/main.h:30,
                 from ../Core/Src/main.c:20:
../Drivers/STM32F3xx_HAL_Driver/Inc/stm32f3xx_hal_uart.h:1486:79: note: expected 'const uint8_t *' {aka 'const unsigned char *'} but argument is of type 'char (*)[100]'
 1486 | HAL_StatusTypeDef HAL_UART_Transmit(UART_HandleTypeDef *huart, const uint8_t *pData, uint16_t Size, uint32_t Timeout);
      |                                                                ~~~~~~~~~~~~~~~^~~~~
At top level:
../Core/Src/main.c:109:17: warning: 'write_bits' defined but not used [-Wunused-function]
  109 |         int16_t write_bits(uint8_t regiAddr, uint8_t bitstart, uint8_t length,
      |                 ^~~~~~~~~~
arm-none-eabi-gcc -o "gyro_nolibrary.elf" @"objects.list"   -mcpu=cortex-m4 -T"C:\Users\mizun\Documents\GitHub\2024_Oidengiken\cubeIDE\gyro\gyro_nolibrary\STM32F303K8TX_FLASH.ld" --specs=nosys.specs -Wl,-Map="gyro_nolibrary.map" -Wl,--gc-sections -static --specs=nano.specs -mfpu=fpv4-sp-d16 -mfloat-abi=hard -mthumb -Wl,--start-group -lc -lm -Wl,--end-group
Finished building target: gyro_nolibrary.elf
 
arm-none-eabi-size  gyro_nolibrary.elf 
arm-none-eabi-objdump -h -S gyro_nolibrary.elf  > "gyro_nolibrary.list"
   text	   data	    bss	    dec	    hex	filename
  17212	    100	   2260	  19572	   4c74	gyro_nolibrary.elf
Finished building: default.size.stdout
 
Finished building: gyro_nolibrary.list
 
17:34:40 **** Incremental Build of configuration Debug for project gyro_nolibrary ****
make -j16 all 
arm-none-eabi-gcc "../Core/Src/main.c" -mcpu=cortex-m4 -std=gnu11 -g3 -DDEBUG -DUSE_HAL_DRIVER -DSTM32F303x8 -c -I../Core/Inc -I../Drivers/STM32F3xx_HAL_Driver/Inc -I../Drivers/STM32F3xx_HAL_Driver/Inc/Legacy -I../Drivers/CMSIS/Device/ST/STM32F3xx/Include -I../Drivers/CMSIS/Include -O0 -ffunction-sections -fdata-sections -Wall -fstack-usage -fcyclomatic-complexity -MMD -MP -MF"Core/Src/main.d" -MT"Core/Src/main.o" --specs=nano.specs -mfpu=fpv4-sp-d16 -mfloat-abi=hard -mthumb -o "Core/Src/main.o"
../Core/Src/main.c: In function 'main':
../Core/Src/main.c:167:29: warning: pointer targets in passing argument 5 of 'HAL_I2C_Mem_Read' differ in signedness [-Wpointer-sign]
  167 |                 RegBitSize, &buff, 1, 1000);
      |                             ^~~~~
      |                             |
      |                             char *
In file included from ../Core/Inc/stm32f3xx_hal_conf.h:271,
                 from ../Drivers/STM32F3xx_HAL_Driver/Inc/stm32f3xx_hal.h:29,
                 from ../Core/Inc/main.h:30,
                 from ../Core/Src/main.c:20:
../Drivers/STM32F3xx_HAL_Driver/Inc/stm32f3xx_hal_i2c.h:637:66: note: expected 'uint8_t *' {aka 'unsigned char *'} but argument is of type 'char *'
  637 |                                    uint16_t MemAddSize, uint8_t *pData, uint16_t Size, uint32_t Timeout);
      |                                                         ~~~~~~~~~^~~~~
../Core/Src/main.c:169:17: warning: implicit declaration of function 'sprintf' [-Wimplicit-function-declaration]
  169 |                 sprintf(str, "%d\n", intbuff);
      |                 ^~~~~~~
../Core/Src/main.c:21:1: note: include '<stdio.h>' or provide a declaration of 'sprintf'
   20 | #include "main.h"
  +++ |+#include <stdio.h>
   21 | 
../Core/Src/main.c:169:17: warning: incompatible implicit declaration of built-in function 'sprintf' [-Wbuiltin-declaration-mismatch]
  169 |                 sprintf(str, "%d\n", intbuff);
      |                 ^~~~~~~
../Core/Src/main.c:169:17: note: include '<stdio.h>' or provide a declaration of 'sprintf'
../Core/Src/main.c:170:50: warning: implicit declaration of function 'strlen' [-Wimplicit-function-declaration]
  170 |                 HAL_UART_Transmit(&huart2, &str, strlen(str), 1000);
      |                                                  ^~~~~~
../Core/Src/main.c:21:1: note: include '<string.h>' or provide a declaration of 'strlen'
   20 | #include "main.h"
  +++ |+#include <string.h>
   21 | 
../Core/Src/main.c:170:50: warning: incompatible implicit declaration of built-in function 'strlen' [-Wbuiltin-declaration-mismatch]
  170 |                 HAL_UART_Transmit(&huart2, &str, strlen(str), 1000);
      |                                                  ^~~~~~
../Core/Src/main.c:170:50: note: include '<string.h>' or provide a declaration of 'strlen'
../Core/Src/main.c:170:44: warning: passing argument 2 of 'HAL_UART_Transmit' from incompatible pointer type [-Wincompatible-pointer-types]
  170 |                 HAL_UART_Transmit(&huart2, &str, strlen(str), 1000);
      |                                            ^~~~
      |                                            |
      |                                            char (*)[100]
In file included from ../Core/Inc/stm32f3xx_hal_conf.h:327,
                 from ../Drivers/STM32F3xx_HAL_Driver/Inc/stm32f3xx_hal.h:29,
                 from ../Core/Inc/main.h:30,
                 from ../Core/Src/main.c:20:
../Drivers/STM32F3xx_HAL_Driver/Inc/stm32f3xx_hal_uart.h:1486:79: note: expected 'const uint8_t *' {aka 'const unsigned char *'} but argument is of type 'char (*)[100]'
 1486 | HAL_StatusTypeDef HAL_UART_Transmit(UART_HandleTypeDef *huart, const uint8_t *pData, uint16_t Size, uint32_t Timeout);
      |                                                                ~~~~~~~~~~~~~~~^~~~~
At top level:
../Core/Src/main.c:109:17: warning: 'write_bits' defined but not used [-Wunused-function]
  109 |         int16_t write_bits(uint8_t regiAddr, uint8_t bitstart, uint8_t length,
      |                 ^~~~~~~~~~
arm-none-eabi-gcc -o "gyro_nolibrary.elf" @"objects.list"   -mcpu=cortex-m4 -T"C:\Users\mizun\Documents\GitHub\2024_Oidengiken\cubeIDE\gyro\gyro_nolibrary\STM32F303K8TX_FLASH.ld" --specs=nosys.specs -Wl,-Map="gyro_nolibrary.map" -Wl,--gc-sections -static --specs=nano.specs -mfpu=fpv4-sp-d16 -mfloat-abi=hard -mthumb -Wl,--start-group -lc -lm -Wl,--end-group
Finished building target: gyro_nolibrary.elf
 
arm-none-eabi-size  gyro_nolibrary.elf 
arm-none-eabi-objdump -h -S gyro_nolibrary.elf  > "gyro_nolibrary.list"
   text	   data	    bss	    dec	    hex	filename
  17212	    100	   2260	  19572	   4c74	gyro_nolibrary.elf
Finished building: default.size.stdout
 
Finished building: gyro_nolibrary.list
 
17:36:43 **** Incremental Build of configuration Debug for project gyro_nolibrary ****
make -j16 all 
arm-none-eabi-gcc "../Core/Src/main.c" -mcpu=cortex-m4 -std=gnu11 -g3 -DDEBUG -DUSE_HAL_DRIVER -DSTM32F303x8 -c -I../Core/Inc -I../Drivers/STM32F3xx_HAL_Driver/Inc -I../Drivers/STM32F3xx_HAL_Driver/Inc/Legacy -I../Drivers/CMSIS/Device/ST/STM32F3xx/Include -I../Drivers/CMSIS/Include -O0 -ffunction-sections -fdata-sections -Wall -fstack-usage -fcyclomatic-complexity -MMD -MP -MF"Core/Src/main.d" -MT"Core/Src/main.o" --specs=nano.specs -mfpu=fpv4-sp-d16 -mfloat-abi=hard -mthumb -o "Core/Src/main.o"
../Core/Src/main.c: In function 'main':
../Core/Src/main.c:167:29: warning: pointer targets in passing argument 5 of 'HAL_I2C_Mem_Read' differ in signedness [-Wpointer-sign]
  167 |                 RegBitSize, &buff, 1, 1000);
      |                             ^~~~~
      |                             |
      |                             char *
In file included from ../Core/Inc/stm32f3xx_hal_conf.h:271,
                 from ../Drivers/STM32F3xx_HAL_Driver/Inc/stm32f3xx_hal.h:29,
                 from ../Core/Inc/main.h:30,
                 from ../Core/Src/main.c:20:
../Drivers/STM32F3xx_HAL_Driver/Inc/stm32f3xx_hal_i2c.h:637:66: note: expected 'uint8_t *' {aka 'unsigned char *'} but argument is of type 'char *'
  637 |                                    uint16_t MemAddSize, uint8_t *pData, uint16_t Size, uint32_t Timeout);
      |                                                         ~~~~~~~~~^~~~~
../Core/Src/main.c:169:17: warning: implicit declaration of function 'sprintf' [-Wimplicit-function-declaration]
  169 |                 sprintf(str, "%d\n", intbuff);
      |                 ^~~~~~~
../Core/Src/main.c:21:1: note: include '<stdio.h>' or provide a declaration of 'sprintf'
   20 | #include "main.h"
  +++ |+#include <stdio.h>
   21 | 
../Core/Src/main.c:169:17: warning: incompatible implicit declaration of built-in function 'sprintf' [-Wbuiltin-declaration-mismatch]
  169 |                 sprintf(str, "%d\n", intbuff);
      |                 ^~~~~~~
../Core/Src/main.c:169:17: note: include '<stdio.h>' or provide a declaration of 'sprintf'
../Core/Src/main.c:170:50: warning: implicit declaration of function 'strlen' [-Wimplicit-function-declaration]
  170 |                 HAL_UART_Transmit(&huart2, &str, strlen(str), 1000);
      |                                                  ^~~~~~
../Core/Src/main.c:21:1: note: include '<string.h>' or provide a declaration of 'strlen'
   20 | #include "main.h"
  +++ |+#include <string.h>
   21 | 
../Core/Src/main.c:170:50: warning: incompatible implicit declaration of built-in function 'strlen' [-Wbuiltin-declaration-mismatch]
  170 |                 HAL_UART_Transmit(&huart2, &str, strlen(str), 1000);
      |                                                  ^~~~~~
../Core/Src/main.c:170:50: note: include '<string.h>' or provide a declaration of 'strlen'
../Core/Src/main.c:170:44: warning: passing argument 2 of 'HAL_UART_Transmit' from incompatible pointer type [-Wincompatible-pointer-types]
  170 |                 HAL_UART_Transmit(&huart2, &str, strlen(str), 1000);
      |                                            ^~~~
      |                                            |
      |                                            char (*)[100]
In file included from ../Core/Inc/stm32f3xx_hal_conf.h:327,
                 from ../Drivers/STM32F3xx_HAL_Driver/Inc/stm32f3xx_hal.h:29,
                 from ../Core/Inc/main.h:30,
                 from ../Core/Src/main.c:20:
../Drivers/STM32F3xx_HAL_Driver/Inc/stm32f3xx_hal_uart.h:1486:79: note: expected 'const uint8_t *' {aka 'const unsigned char *'} but argument is of type 'char (*)[100]'
 1486 | HAL_StatusTypeDef HAL_UART_Transmit(UART_HandleTypeDef *huart, const uint8_t *pData, uint16_t Size, uint32_t Timeout);
      |                                                                ~~~~~~~~~~~~~~~^~~~~
At top level:
../Core/Src/main.c:109:17: warning: 'write_bits' defined but not used [-Wunused-function]
  109 |         int16_t write_bits(uint8_t regiAddr, uint8_t bitstart, uint8_t length,
      |                 ^~~~~~~~~~
arm-none-eabi-gcc -o "gyro_nolibrary.elf" @"objects.list"   -mcpu=cortex-m4 -T"C:\Users\mizun\Documents\GitHub\2024_Oidengiken\cubeIDE\gyro\gyro_nolibrary\STM32F303K8TX_FLASH.ld" --specs=nosys.specs -Wl,-Map="gyro_nolibrary.map" -Wl,--gc-sections -static --specs=nano.specs -mfpu=fpv4-sp-d16 -mfloat-abi=hard -mthumb -Wl,--start-group -lc -lm -Wl,--end-group
Finished building target: gyro_nolibrary.elf
 
arm-none-eabi-size  gyro_nolibrary.elf 
arm-none-eabi-objdump -h -S gyro_nolibrary.elf  > "gyro_nolibrary.list"
   text	   data	    bss	    dec	    hex	filename
  17212	    100	   2260	  19572	   4c74	gyro_nolibrary.elf
Finished building: default.size.stdout
 
Finished building: gyro_nolibrary.list
 
17:40:07 **** Incremental Build of configuration Debug for project gyro_nolibrary ****
make -j16 all 
arm-none-eabi-gcc "../Core/Src/main.c" -mcpu=cortex-m4 -std=gnu11 -g3 -DDEBUG -DUSE_HAL_DRIVER -DSTM32F303x8 -c -I../Core/Inc -I../Drivers/STM32F3xx_HAL_Driver/Inc -I../Drivers/STM32F3xx_HAL_Driver/Inc/Legacy -I../Drivers/CMSIS/Device/ST/STM32F3xx/Include -I../Drivers/CMSIS/Include -O0 -ffunction-sections -fdata-sections -Wall -fstack-usage -fcyclomatic-complexity -MMD -MP -MF"Core/Src/main.d" -MT"Core/Src/main.o" --specs=nano.specs -mfpu=fpv4-sp-d16 -mfloat-abi=hard -mthumb -o "Core/Src/main.o"
../Core/Src/main.c: In function 'main':
../Core/Src/main.c:170:29: warning: pointer targets in passing argument 5 of 'HAL_I2C_Mem_Read' differ in signedness [-Wpointer-sign]
  170 |                 RegBitSize, &buff, 1, 1000);
      |                             ^~~~~
      |                             |
      |                             char *
In file included from ../Core/Inc/stm32f3xx_hal_conf.h:271,
                 from ../Drivers/STM32F3xx_HAL_Driver/Inc/stm32f3xx_hal.h:29,
                 from ../Core/Inc/main.h:30,
                 from ../Core/Src/main.c:20:
../Drivers/STM32F3xx_HAL_Driver/Inc/stm32f3xx_hal_i2c.h:637:66: note: expected 'uint8_t *' {aka 'unsigned char *'} but argument is of type 'char *'
  637 |                                    uint16_t MemAddSize, uint8_t *pData, uint16_t Size, uint32_t Timeout);
      |                                                         ~~~~~~~~~^~~~~
../Core/Src/main.c:172:17: warning: implicit declaration of function 'sprintf' [-Wimplicit-function-declaration]
  172 |                 sprintf(str, "%d\n", intbuff);
      |                 ^~~~~~~
../Core/Src/main.c:21:1: note: include '<stdio.h>' or provide a declaration of 'sprintf'
   20 | #include "main.h"
  +++ |+#include <stdio.h>
   21 | 
../Core/Src/main.c:172:17: warning: incompatible implicit declaration of built-in function 'sprintf' [-Wbuiltin-declaration-mismatch]
  172 |                 sprintf(str, "%d\n", intbuff);
      |                 ^~~~~~~
../Core/Src/main.c:172:17: note: include '<stdio.h>' or provide a declaration of 'sprintf'
../Core/Src/main.c:173:50: warning: implicit declaration of function 'strlen' [-Wimplicit-function-declaration]
  173 |                 HAL_UART_Transmit(&huart2, &str, strlen(str), 1000);
      |                                                  ^~~~~~
../Core/Src/main.c:21:1: note: include '<string.h>' or provide a declaration of 'strlen'
   20 | #include "main.h"
  +++ |+#include <string.h>
   21 | 
../Core/Src/main.c:173:50: warning: incompatible implicit declaration of built-in function 'strlen' [-Wbuiltin-declaration-mismatch]
  173 |                 HAL_UART_Transmit(&huart2, &str, strlen(str), 1000);
      |                                                  ^~~~~~
../Core/Src/main.c:173:50: note: include '<string.h>' or provide a declaration of 'strlen'
../Core/Src/main.c:173:44: warning: passing argument 2 of 'HAL_UART_Transmit' from incompatible pointer type [-Wincompatible-pointer-types]
  173 |                 HAL_UART_Transmit(&huart2, &str, strlen(str), 1000);
      |                                            ^~~~
      |                                            |
      |                                            char (*)[100]
In file included from ../Core/Inc/stm32f3xx_hal_conf.h:327,
                 from ../Drivers/STM32F3xx_HAL_Driver/Inc/stm32f3xx_hal.h:29,
                 from ../Core/Inc/main.h:30,
                 from ../Core/Src/main.c:20:
../Drivers/STM32F3xx_HAL_Driver/Inc/stm32f3xx_hal_uart.h:1486:79: note: expected 'const uint8_t *' {aka 'const unsigned char *'} but argument is of type 'char (*)[100]'
 1486 | HAL_StatusTypeDef HAL_UART_Transmit(UART_HandleTypeDef *huart, const uint8_t *pData, uint16_t Size, uint32_t Timeout);
      |                                                                ~~~~~~~~~~~~~~~^~~~~
At top level:
../Core/Src/main.c:109:17: warning: 'write_bits' defined but not used [-Wunused-function]
  109 |         int16_t write_bits(uint8_t regiAddr, uint8_t bitstart, uint8_t length,
      |                 ^~~~~~~~~~
arm-none-eabi-gcc -o "gyro_nolibrary.elf" @"objects.list"   -mcpu=cortex-m4 -T"C:\Users\mizun\Documents\GitHub\2024_Oidengiken\cubeIDE\gyro\gyro_nolibrary\STM32F303K8TX_FLASH.ld" --specs=nosys.specs -Wl,-Map="gyro_nolibrary.map" -Wl,--gc-sections -static --specs=nano.specs -mfpu=fpv4-sp-d16 -mfloat-abi=hard -mthumb -Wl,--start-group -lc -lm -Wl,--end-group
Finished building target: gyro_nolibrary.elf
 
arm-none-eabi-size  gyro_nolibrary.elf 
arm-none-eabi-objdump -h -S gyro_nolibrary.elf  > "gyro_nolibrary.list"
   text	   data	    bss	    dec	    hex	filename
  17248	    100	   2260	  19608	   4c98	gyro_nolibrary.elf
Finished building: default.size.stdout
 
Finished building: gyro_nolibrary.list
 
17:40:37 **** Incremental Build of configuration Debug for project gyro_nolibrary ****
make -j16 all 
arm-none-eabi-gcc "../Core/Src/main.c" -mcpu=cortex-m4 -std=gnu11 -g3 -DDEBUG -DUSE_HAL_DRIVER -DSTM32F303x8 -c -I../Core/Inc -I../Drivers/STM32F3xx_HAL_Driver/Inc -I../Drivers/STM32F3xx_HAL_Driver/Inc/Legacy -I../Drivers/CMSIS/Device/ST/STM32F3xx/Include -I../Drivers/CMSIS/Include -O0 -ffunction-sections -fdata-sections -Wall -fstack-usage -fcyclomatic-complexity -MMD -MP -MF"Core/Src/main.d" -MT"Core/Src/main.o" --specs=nano.specs -mfpu=fpv4-sp-d16 -mfloat-abi=hard -mthumb -o "Core/Src/main.o"
../Core/Src/main.c: In function 'main':
../Core/Src/main.c:170:29: warning: pointer targets in passing argument 5 of 'HAL_I2C_Mem_Read' differ in signedness [-Wpointer-sign]
  170 |                 RegBitSize, &buff, 1, 1000);
      |                             ^~~~~
      |                             |
      |                             char *
In file included from ../Core/Inc/stm32f3xx_hal_conf.h:271,
                 from ../Drivers/STM32F3xx_HAL_Driver/Inc/stm32f3xx_hal.h:29,
                 from ../Core/Inc/main.h:30,
                 from ../Core/Src/main.c:20:
../Drivers/STM32F3xx_HAL_Driver/Inc/stm32f3xx_hal_i2c.h:637:66: note: expected 'uint8_t *' {aka 'unsigned char *'} but argument is of type 'char *'
  637 |                                    uint16_t MemAddSize, uint8_t *pData, uint16_t Size, uint32_t Timeout);
      |                                                         ~~~~~~~~~^~~~~
../Core/Src/main.c:172:17: warning: implicit declaration of function 'sprintf' [-Wimplicit-function-declaration]
  172 |                 sprintf(str, "%d\n", intbuff);
      |                 ^~~~~~~
../Core/Src/main.c:21:1: note: include '<stdio.h>' or provide a declaration of 'sprintf'
   20 | #include "main.h"
  +++ |+#include <stdio.h>
   21 | 
../Core/Src/main.c:172:17: warning: incompatible implicit declaration of built-in function 'sprintf' [-Wbuiltin-declaration-mismatch]
  172 |                 sprintf(str, "%d\n", intbuff);
      |                 ^~~~~~~
../Core/Src/main.c:172:17: note: include '<stdio.h>' or provide a declaration of 'sprintf'
../Core/Src/main.c:173:50: warning: implicit declaration of function 'strlen' [-Wimplicit-function-declaration]
  173 |                 HAL_UART_Transmit(&huart2, &str, strlen(str), 1000);
      |                                                  ^~~~~~
../Core/Src/main.c:21:1: note: include '<string.h>' or provide a declaration of 'strlen'
   20 | #include "main.h"
  +++ |+#include <string.h>
   21 | 
../Core/Src/main.c:173:50: warning: incompatible implicit declaration of built-in function 'strlen' [-Wbuiltin-declaration-mismatch]
  173 |                 HAL_UART_Transmit(&huart2, &str, strlen(str), 1000);
      |                                                  ^~~~~~
../Core/Src/main.c:173:50: note: include '<string.h>' or provide a declaration of 'strlen'
../Core/Src/main.c:173:44: warning: passing argument 2 of 'HAL_UART_Transmit' from incompatible pointer type [-Wincompatible-pointer-types]
  173 |                 HAL_UART_Transmit(&huart2, &str, strlen(str), 1000);
      |                                            ^~~~
      |                                            |
      |                                            char (*)[100]
In file included from ../Core/Inc/stm32f3xx_hal_conf.h:327,
                 from ../Drivers/STM32F3xx_HAL_Driver/Inc/stm32f3xx_hal.h:29,
                 from ../Core/Inc/main.h:30,
                 from ../Core/Src/main.c:20:
../Drivers/STM32F3xx_HAL_Driver/Inc/stm32f3xx_hal_uart.h:1486:79: note: expected 'const uint8_t *' {aka 'const unsigned char *'} but argument is of type 'char (*)[100]'
 1486 | HAL_StatusTypeDef HAL_UART_Transmit(UART_HandleTypeDef *huart, const uint8_t *pData, uint16_t Size, uint32_t Timeout);
      |                                                                ~~~~~~~~~~~~~~~^~~~~
At top level:
../Core/Src/main.c:109:17: warning: 'write_bits' defined but not used [-Wunused-function]
  109 |         int16_t write_bits(uint8_t regiAddr, uint8_t bitstart, uint8_t length,
      |                 ^~~~~~~~~~
arm-none-eabi-gcc -o "gyro_nolibrary.elf" @"objects.list"   -mcpu=cortex-m4 -T"C:\Users\mizun\Documents\GitHub\2024_Oidengiken\cubeIDE\gyro\gyro_nolibrary\STM32F303K8TX_FLASH.ld" --specs=nosys.specs -Wl,-Map="gyro_nolibrary.map" -Wl,--gc-sections -static --specs=nano.specs -mfpu=fpv4-sp-d16 -mfloat-abi=hard -mthumb -Wl,--start-group -lc -lm -Wl,--end-group
Finished building target: gyro_nolibrary.elf
 
arm-none-eabi-size  gyro_nolibrary.elf 
arm-none-eabi-objdump -h -S gyro_nolibrary.elf  > "gyro_nolibrary.list"
   text	   data	    bss	    dec	    hex	filename
  17248	    100	   2260	  19608	   4c98	gyro_nolibrary.elf
Finished building: default.size.stdout
 
Finished building: gyro_nolibrary.list
 
17:41:10 **** Incremental Build of configuration Debug for project gyro_nolibrary ****
make -j16 all 
arm-none-eabi-gcc "../Core/Src/main.c" -mcpu=cortex-m4 -std=gnu11 -g3 -DDEBUG -DUSE_HAL_DRIVER -DSTM32F303x8 -c -I../Core/Inc -I../Drivers/STM32F3xx_HAL_Driver/Inc -I../Drivers/STM32F3xx_HAL_Driver/Inc/Legacy -I../Drivers/CMSIS/Device/ST/STM32F3xx/Include -I../Drivers/CMSIS/Include -O0 -ffunction-sections -fdata-sections -Wall -fstack-usage -fcyclomatic-complexity -MMD -MP -MF"Core/Src/main.d" -MT"Core/Src/main.o" --specs=nano.specs -mfpu=fpv4-sp-d16 -mfloat-abi=hard -mthumb -o "Core/Src/main.o"
../Core/Src/main.c: In function 'main':
../Core/Src/main.c:170:29: warning: pointer targets in passing argument 5 of 'HAL_I2C_Mem_Read' differ in signedness [-Wpointer-sign]
  170 |                 RegBitSize, &buff, 1, 1000);
      |                             ^~~~~
      |                             |
      |                             char *
In file included from ../Core/Inc/stm32f3xx_hal_conf.h:271,
                 from ../Drivers/STM32F3xx_HAL_Driver/Inc/stm32f3xx_hal.h:29,
                 from ../Core/Inc/main.h:30,
                 from ../Core/Src/main.c:20:
../Drivers/STM32F3xx_HAL_Driver/Inc/stm32f3xx_hal_i2c.h:637:66: note: expected 'uint8_t *' {aka 'unsigned char *'} but argument is of type 'char *'
  637 |                                    uint16_t MemAddSize, uint8_t *pData, uint16_t Size, uint32_t Timeout);
      |                                                         ~~~~~~~~~^~~~~
../Core/Src/main.c:172:17: warning: implicit declaration of function 'sprintf' [-Wimplicit-function-declaration]
  172 |                 sprintf(str, "%d\n", intbuff);
      |                 ^~~~~~~
../Core/Src/main.c:21:1: note: include '<stdio.h>' or provide a declaration of 'sprintf'
   20 | #include "main.h"
  +++ |+#include <stdio.h>
   21 | 
../Core/Src/main.c:172:17: warning: incompatible implicit declaration of built-in function 'sprintf' [-Wbuiltin-declaration-mismatch]
  172 |                 sprintf(str, "%d\n", intbuff);
      |                 ^~~~~~~
../Core/Src/main.c:172:17: note: include '<stdio.h>' or provide a declaration of 'sprintf'
../Core/Src/main.c:173:50: warning: implicit declaration of function 'strlen' [-Wimplicit-function-declaration]
  173 |                 HAL_UART_Transmit(&huart2, &str, strlen(str), 1000);
      |                                                  ^~~~~~
../Core/Src/main.c:21:1: note: include '<string.h>' or provide a declaration of 'strlen'
   20 | #include "main.h"
  +++ |+#include <string.h>
   21 | 
../Core/Src/main.c:173:50: warning: incompatible implicit declaration of built-in function 'strlen' [-Wbuiltin-declaration-mismatch]
  173 |                 HAL_UART_Transmit(&huart2, &str, strlen(str), 1000);
      |                                                  ^~~~~~
../Core/Src/main.c:173:50: note: include '<string.h>' or provide a declaration of 'strlen'
../Core/Src/main.c:173:44: warning: passing argument 2 of 'HAL_UART_Transmit' from incompatible pointer type [-Wincompatible-pointer-types]
  173 |                 HAL_UART_Transmit(&huart2, &str, strlen(str), 1000);
      |                                            ^~~~
      |                                            |
      |                                            char (*)[100]
In file included from ../Core/Inc/stm32f3xx_hal_conf.h:327,
                 from ../Drivers/STM32F3xx_HAL_Driver/Inc/stm32f3xx_hal.h:29,
                 from ../Core/Inc/main.h:30,
                 from ../Core/Src/main.c:20:
../Drivers/STM32F3xx_HAL_Driver/Inc/stm32f3xx_hal_uart.h:1486:79: note: expected 'const uint8_t *' {aka 'const unsigned char *'} but argument is of type 'char (*)[100]'
 1486 | HAL_StatusTypeDef HAL_UART_Transmit(UART_HandleTypeDef *huart, const uint8_t *pData, uint16_t Size, uint32_t Timeout);
      |                                                                ~~~~~~~~~~~~~~~^~~~~
At top level:
../Core/Src/main.c:109:17: warning: 'write_bits' defined but not used [-Wunused-function]
  109 |         int16_t write_bits(uint8_t regiAddr, uint8_t bitstart, uint8_t length,
      |                 ^~~~~~~~~~
arm-none-eabi-gcc -o "gyro_nolibrary.elf" @"objects.list"   -mcpu=cortex-m4 -T"C:\Users\mizun\Documents\GitHub\2024_Oidengiken\cubeIDE\gyro\gyro_nolibrary\STM32F303K8TX_FLASH.ld" --specs=nosys.specs -Wl,-Map="gyro_nolibrary.map" -Wl,--gc-sections -static --specs=nano.specs -mfpu=fpv4-sp-d16 -mfloat-abi=hard -mthumb -Wl,--start-group -lc -lm -Wl,--end-group
Finished building target: gyro_nolibrary.elf
 
arm-none-eabi-size  gyro_nolibrary.elf 
arm-none-eabi-objdump -h -S gyro_nolibrary.elf  > "gyro_nolibrary.list"
   text	   data	    bss	    dec	    hex	filename
  17248	    100	   2260	  19608	   4c98	gyro_nolibrary.elf
Finished building: default.size.stdout
 
Finished building: gyro_nolibrary.list
 
17:41:35 **** Incremental Build of configuration Debug for project gyro_nolibrary ****
make -j16 all 
arm-none-eabi-gcc "../Core/Src/main.c" -mcpu=cortex-m4 -std=gnu11 -g3 -DDEBUG -DUSE_HAL_DRIVER -DSTM32F303x8 -c -I../Core/Inc -I../Drivers/STM32F3xx_HAL_Driver/Inc -I../Drivers/STM32F3xx_HAL_Driver/Inc/Legacy -I../Drivers/CMSIS/Device/ST/STM32F3xx/Include -I../Drivers/CMSIS/Include -O0 -ffunction-sections -fdata-sections -Wall -fstack-usage -fcyclomatic-complexity -MMD -MP -MF"Core/Src/main.d" -MT"Core/Src/main.o" --specs=nano.specs -mfpu=fpv4-sp-d16 -mfloat-abi=hard -mthumb -o "Core/Src/main.o"
../Core/Src/main.c: In function 'main':
../Core/Src/main.c:170:29: warning: pointer targets in passing argument 5 of 'HAL_I2C_Mem_Read' differ in signedness [-Wpointer-sign]
  170 |                 RegBitSize, &buff, 1, 1000);
      |                             ^~~~~
      |                             |
      |                             char *
In file included from ../Core/Inc/stm32f3xx_hal_conf.h:271,
                 from ../Drivers/STM32F3xx_HAL_Driver/Inc/stm32f3xx_hal.h:29,
                 from ../Core/Inc/main.h:30,
                 from ../Core/Src/main.c:20:
../Drivers/STM32F3xx_HAL_Driver/Inc/stm32f3xx_hal_i2c.h:637:66: note: expected 'uint8_t *' {aka 'unsigned char *'} but argument is of type 'char *'
  637 |                                    uint16_t MemAddSize, uint8_t *pData, uint16_t Size, uint32_t Timeout);
      |                                                         ~~~~~~~~~^~~~~
../Core/Src/main.c:172:17: warning: implicit declaration of function 'sprintf' [-Wimplicit-function-declaration]
  172 |                 sprintf(str, "%d\n", intbuff);
      |                 ^~~~~~~
../Core/Src/main.c:21:1: note: include '<stdio.h>' or provide a declaration of 'sprintf'
   20 | #include "main.h"
  +++ |+#include <stdio.h>
   21 | 
../Core/Src/main.c:172:17: warning: incompatible implicit declaration of built-in function 'sprintf' [-Wbuiltin-declaration-mismatch]
  172 |                 sprintf(str, "%d\n", intbuff);
      |                 ^~~~~~~
../Core/Src/main.c:172:17: note: include '<stdio.h>' or provide a declaration of 'sprintf'
../Core/Src/main.c:173:50: warning: implicit declaration of function 'strlen' [-Wimplicit-function-declaration]
  173 |                 HAL_UART_Transmit(&huart2, &str, strlen(str), 1000);
      |                                                  ^~~~~~
../Core/Src/main.c:21:1: note: include '<string.h>' or provide a declaration of 'strlen'
   20 | #include "main.h"
  +++ |+#include <string.h>
   21 | 
../Core/Src/main.c:173:50: warning: incompatible implicit declaration of built-in function 'strlen' [-Wbuiltin-declaration-mismatch]
  173 |                 HAL_UART_Transmit(&huart2, &str, strlen(str), 1000);
      |                                                  ^~~~~~
../Core/Src/main.c:173:50: note: include '<string.h>' or provide a declaration of 'strlen'
../Core/Src/main.c:173:44: warning: passing argument 2 of 'HAL_UART_Transmit' from incompatible pointer type [-Wincompatible-pointer-types]
  173 |                 HAL_UART_Transmit(&huart2, &str, strlen(str), 1000);
      |                                            ^~~~
      |                                            |
      |                                            char (*)[100]
In file included from ../Core/Inc/stm32f3xx_hal_conf.h:327,
                 from ../Drivers/STM32F3xx_HAL_Driver/Inc/stm32f3xx_hal.h:29,
                 from ../Core/Inc/main.h:30,
                 from ../Core/Src/main.c:20:
../Drivers/STM32F3xx_HAL_Driver/Inc/stm32f3xx_hal_uart.h:1486:79: note: expected 'const uint8_t *' {aka 'const unsigned char *'} but argument is of type 'char (*)[100]'
 1486 | HAL_StatusTypeDef HAL_UART_Transmit(UART_HandleTypeDef *huart, const uint8_t *pData, uint16_t Size, uint32_t Timeout);
      |                                                                ~~~~~~~~~~~~~~~^~~~~
At top level:
../Core/Src/main.c:109:17: warning: 'write_bits' defined but not used [-Wunused-function]
  109 |         int16_t write_bits(uint8_t regiAddr, uint8_t bitstart, uint8_t length,
      |                 ^~~~~~~~~~
arm-none-eabi-gcc -o "gyro_nolibrary.elf" @"objects.list"   -mcpu=cortex-m4 -T"C:\Users\mizun\Documents\GitHub\2024_Oidengiken\cubeIDE\gyro\gyro_nolibrary\STM32F303K8TX_FLASH.ld" --specs=nosys.specs -Wl,-Map="gyro_nolibrary.map" -Wl,--gc-sections -static --specs=nano.specs -mfpu=fpv4-sp-d16 -mfloat-abi=hard -mthumb -Wl,--start-group -lc -lm -Wl,--end-group
Finished building target: gyro_nolibrary.elf
 
arm-none-eabi-size  gyro_nolibrary.elf 
arm-none-eabi-objdump -h -S gyro_nolibrary.elf  > "gyro_nolibrary.list"
   text	   data	    bss	    dec	    hex	filename
  17248	    100	   2260	  19608	   4c98	gyro_nolibrary.elf
Finished building: default.size.stdout
 
Finished building: gyro_nolibrary.list
 
17:42:06 **** Incremental Build of configuration Debug for project gyro_nolibrary ****
make -j16 all 
arm-none-eabi-gcc "../Core/Src/main.c" -mcpu=cortex-m4 -std=gnu11 -g3 -DDEBUG -DUSE_HAL_DRIVER -DSTM32F303x8 -c -I../Core/Inc -I../Drivers/STM32F3xx_HAL_Driver/Inc -I../Drivers/STM32F3xx_HAL_Driver/Inc/Legacy -I../Drivers/CMSIS/Device/ST/STM32F3xx/Include -I../Drivers/CMSIS/Include -O0 -ffunction-sections -fdata-sections -Wall -fstack-usage -fcyclomatic-complexity -MMD -MP -MF"Core/Src/main.d" -MT"Core/Src/main.o" --specs=nano.specs -mfpu=fpv4-sp-d16 -mfloat-abi=hard -mthumb -o "Core/Src/main.o"
../Core/Src/main.c: In function 'main':
../Core/Src/main.c:165:52: warning: passing argument 2 of 'HAL_UART_Transmit' from incompatible pointer type [-Wincompatible-pointer-types]
  165 |                         HAL_UART_Transmit(&huart2, (uint16_t*)"error\r\n", 10, 1000);
      |                                                    ^~~~~~~~~~~~~~~~~~~~~~
      |                                                    |
      |                                                    uint16_t * {aka short unsigned int *}
In file included from ../Core/Inc/stm32f3xx_hal_conf.h:327,
                 from ../Drivers/STM32F3xx_HAL_Driver/Inc/stm32f3xx_hal.h:29,
                 from ../Core/Inc/main.h:30,
                 from ../Core/Src/main.c:20:
../Drivers/STM32F3xx_HAL_Driver/Inc/stm32f3xx_hal_uart.h:1486:79: note: expected 'const uint8_t *' {aka 'const unsigned char *'} but argument is of type 'uint16_t *' {aka 'short unsigned int *'}
 1486 | HAL_StatusTypeDef HAL_UART_Transmit(UART_HandleTypeDef *huart, const uint8_t *pData, uint16_t Size, uint32_t Timeout);
      |                                                                ~~~~~~~~~~~~~~~^~~~~
../Core/Src/main.c:170:29: warning: pointer targets in passing argument 5 of 'HAL_I2C_Mem_Read' differ in signedness [-Wpointer-sign]
  170 |                 RegBitSize, &buff, 1, 1000);
      |                             ^~~~~
      |                             |
      |                             char *
In file included from ../Core/Inc/stm32f3xx_hal_conf.h:271,
                 from ../Drivers/STM32F3xx_HAL_Driver/Inc/stm32f3xx_hal.h:29,
                 from ../Core/Inc/main.h:30,
                 from ../Core/Src/main.c:20:
../Drivers/STM32F3xx_HAL_Driver/Inc/stm32f3xx_hal_i2c.h:637:66: note: expected 'uint8_t *' {aka 'unsigned char *'} but argument is of type 'char *'
  637 |                                    uint16_t MemAddSize, uint8_t *pData, uint16_t Size, uint32_t Timeout);
      |                                                         ~~~~~~~~~^~~~~
../Core/Src/main.c:172:17: warning: implicit declaration of function 'sprintf' [-Wimplicit-function-declaration]
  172 |                 sprintf(str, "%d\n", intbuff);
      |                 ^~~~~~~
../Core/Src/main.c:21:1: note: include '<stdio.h>' or provide a declaration of 'sprintf'
   20 | #include "main.h"
  +++ |+#include <stdio.h>
   21 | 
../Core/Src/main.c:172:17: warning: incompatible implicit declaration of built-in function 'sprintf' [-Wbuiltin-declaration-mismatch]
  172 |                 sprintf(str, "%d\n", intbuff);
      |                 ^~~~~~~
../Core/Src/main.c:172:17: note: include '<stdio.h>' or provide a declaration of 'sprintf'
../Core/Src/main.c:173:50: warning: implicit declaration of function 'strlen' [-Wimplicit-function-declaration]
  173 |                 HAL_UART_Transmit(&huart2, &str, strlen(str), 1000);
      |                                                  ^~~~~~
../Core/Src/main.c:21:1: note: include '<string.h>' or provide a declaration of 'strlen'
   20 | #include "main.h"
  +++ |+#include <string.h>
   21 | 
../Core/Src/main.c:173:50: warning: incompatible implicit declaration of built-in function 'strlen' [-Wbuiltin-declaration-mismatch]
  173 |                 HAL_UART_Transmit(&huart2, &str, strlen(str), 1000);
      |                                                  ^~~~~~
../Core/Src/main.c:173:50: note: include '<string.h>' or provide a declaration of 'strlen'
../Core/Src/main.c:173:44: warning: passing argument 2 of 'HAL_UART_Transmit' from incompatible pointer type [-Wincompatible-pointer-types]
  173 |                 HAL_UART_Transmit(&huart2, &str, strlen(str), 1000);
      |                                            ^~~~
      |                                            |
      |                                            char (*)[100]
In file included from ../Core/Inc/stm32f3xx_hal_conf.h:327,
                 from ../Drivers/STM32F3xx_HAL_Driver/Inc/stm32f3xx_hal.h:29,
                 from ../Core/Inc/main.h:30,
                 from ../Core/Src/main.c:20:
../Drivers/STM32F3xx_HAL_Driver/Inc/stm32f3xx_hal_uart.h:1486:79: note: expected 'const uint8_t *' {aka 'const unsigned char *'} but argument is of type 'char (*)[100]'
 1486 | HAL_StatusTypeDef HAL_UART_Transmit(UART_HandleTypeDef *huart, const uint8_t *pData, uint16_t Size, uint32_t Timeout);
      |                                                                ~~~~~~~~~~~~~~~^~~~~
At top level:
../Core/Src/main.c:109:17: warning: 'write_bits' defined but not used [-Wunused-function]
  109 |         int16_t write_bits(uint8_t regiAddr, uint8_t bitstart, uint8_t length,
      |                 ^~~~~~~~~~
arm-none-eabi-gcc -o "gyro_nolibrary.elf" @"objects.list"   -mcpu=cortex-m4 -T"C:\Users\mizun\Documents\GitHub\2024_Oidengiken\cubeIDE\gyro\gyro_nolibrary\STM32F303K8TX_FLASH.ld" --specs=nosys.specs -Wl,-Map="gyro_nolibrary.map" -Wl,--gc-sections -static --specs=nano.specs -mfpu=fpv4-sp-d16 -mfloat-abi=hard -mthumb -Wl,--start-group -lc -lm -Wl,--end-group
Finished building target: gyro_nolibrary.elf
 
arm-none-eabi-size  gyro_nolibrary.elf 
arm-none-eabi-objdump -h -S gyro_nolibrary.elf  > "gyro_nolibrary.list"
   text	   data	    bss	    dec	    hex	filename
  17248	    100	   2260	  19608	   4c98	gyro_nolibrary.elf
Finished building: default.size.stdout
 
Finished building: gyro_nolibrary.list
 
17:43:20 **** Incremental Build of configuration Debug for project gyro_nolibrary ****
make -j16 all 
arm-none-eabi-gcc "../Core/Src/main.c" -mcpu=cortex-m4 -std=gnu11 -g3 -DDEBUG -DUSE_HAL_DRIVER -DSTM32F303x8 -c -I../Core/Inc -I../Drivers/STM32F3xx_HAL_Driver/Inc -I../Drivers/STM32F3xx_HAL_Driver/Inc/Legacy -I../Drivers/CMSIS/Device/ST/STM32F3xx/Include -I../Drivers/CMSIS/Include -O0 -ffunction-sections -fdata-sections -Wall -fstack-usage -fcyclomatic-complexity -MMD -MP -MF"Core/Src/main.d" -MT"Core/Src/main.o" --specs=nano.specs -mfpu=fpv4-sp-d16 -mfloat-abi=hard -mthumb -o "Core/Src/main.o"
../Core/Src/main.c: In function 'main':
../Core/Src/main.c:165:52: warning: passing argument 2 of 'HAL_UART_Transmit' from incompatible pointer type [-Wincompatible-pointer-types]
  165 |                         HAL_UART_Transmit(&huart2, (uint16_t*)"error\r\n", 10, 1000);
      |                                                    ^~~~~~~~~~~~~~~~~~~~~~
      |                                                    |
      |                                                    uint16_t * {aka short unsigned int *}
In file included from ../Core/Inc/stm32f3xx_hal_conf.h:327,
                 from ../Drivers/STM32F3xx_HAL_Driver/Inc/stm32f3xx_hal.h:29,
                 from ../Core/Inc/main.h:30,
                 from ../Core/Src/main.c:20:
../Drivers/STM32F3xx_HAL_Driver/Inc/stm32f3xx_hal_uart.h:1486:79: note: expected 'const uint8_t *' {aka 'const unsigned char *'} but argument is of type 'uint16_t *' {aka 'short unsigned int *'}
 1486 | HAL_StatusTypeDef HAL_UART_Transmit(UART_HandleTypeDef *huart, const uint8_t *pData, uint16_t Size, uint32_t Timeout);
      |                                                                ~~~~~~~~~~~~~~~^~~~~
../Core/Src/main.c:124:14: warning: unused variable 'str' [-Wunused-variable]
  124 |         char str[100];
      |              ^~~
../Core/Src/main.c:123:13: warning: unused variable 'intbuff' [-Wunused-variable]
  123 |         int intbuff;
      |             ^~~~~~~
../Core/Src/main.c:122:14: warning: unused variable 'buff' [-Wunused-variable]
  122 |         char buff;
      |              ^~~~
At top level:
../Core/Src/main.c:109:17: warning: 'write_bits' defined but not used [-Wunused-function]
  109 |         int16_t write_bits(uint8_t regiAddr, uint8_t bitstart, uint8_t length,
      |                 ^~~~~~~~~~
arm-none-eabi-gcc -o "gyro_nolibrary.elf" @"objects.list"   -mcpu=cortex-m4 -T"C:\Users\mizun\Documents\GitHub\2024_Oidengiken\cubeIDE\gyro\gyro_nolibrary\STM32F303K8TX_FLASH.ld" --specs=nosys.specs -Wl,-Map="gyro_nolibrary.map" -Wl,--gc-sections -static --specs=nano.specs -mfpu=fpv4-sp-d16 -mfloat-abi=hard -mthumb -Wl,--start-group -lc -lm -Wl,--end-group
Finished building target: gyro_nolibrary.elf
 
arm-none-eabi-size  gyro_nolibrary.elf 
arm-none-eabi-objdump -h -S gyro_nolibrary.elf  > "gyro_nolibrary.list"
   text	   data	    bss	    dec	    hex	filename
  13808	     20	   1924	  15752	   3d88	gyro_nolibrary.elf
Finished building: default.size.stdout
 
Finished building: gyro_nolibrary.list
 
17:44:44 **** Incremental Build of configuration Debug for project gyro_nolibrary2 ****
make -j16 all 
arm-none-eabi-gcc "../Core/Src/main.c" -mcpu=cortex-m4 -std=gnu11 -g3 -DDEBUG -DUSE_HAL_DRIVER -DSTM32F303x8 -c -I../Core/Inc -I../Drivers/STM32F3xx_HAL_Driver/Inc -I../Drivers/STM32F3xx_HAL_Driver/Inc/Legacy -I../Drivers/CMSIS/Device/ST/STM32F3xx/Include -I../Drivers/CMSIS/Include -O0 -ffunction-sections -fdata-sections -Wall -fstack-usage -fcyclomatic-complexity -MMD -MP -MF"Core/Src/main.d" -MT"Core/Src/main.o" --specs=nano.specs -mfpu=fpv4-sp-d16 -mfloat-abi=hard -mthumb -o "Core/Src/main.o"
../Core/Src/main.c: In function 'main':
../Core/Src/main.c:105:52: warning: passing argument 2 of 'HAL_UART_Transmit' from incompatible pointer type [-Wincompatible-pointer-types]
  105 |                         HAL_UART_Transmit(&huart2, (uint16_t*) "error\r\n", 10, 1000);
      |                                                    ^~~~~~~~~~~~~~~~~~~~~~~
      |                                                    |
      |                                                    uint16_t * {aka short unsigned int *}
In file included from ../Core/Inc/stm32f3xx_hal_conf.h:327,
                 from ../Drivers/STM32F3xx_HAL_Driver/Inc/stm32f3xx_hal.h:29,
                 from ../Core/Inc/main.h:30,
                 from ../Core/Src/main.c:20:
../Drivers/STM32F3xx_HAL_Driver/Inc/stm32f3xx_hal_uart.h:1486:79: note: expected 'const uint8_t *' {aka 'const unsigned char *'} but argument is of type 'uint16_t *' {aka 'short unsigned int *'}
 1486 | HAL_StatusTypeDef HAL_UART_Transmit(UART_HandleTypeDef *huart, const uint8_t *pData, uint16_t Size, uint32_t Timeout);
      |                                                                ~~~~~~~~~~~~~~~^~~~~
../Core/Src/main.c:109:17: warning: implicit declaration of function 'sprintf' [-Wimplicit-function-declaration]
  109 |                 sprintf(str, "%d\n\r", 100);
      |                 ^~~~~~~
../Core/Src/main.c:21:1: note: include '<stdio.h>' or provide a declaration of 'sprintf'
   20 | #include "main.h"
  +++ |+#include <stdio.h>
   21 | 
../Core/Src/main.c:109:17: warning: incompatible implicit declaration of built-in function 'sprintf' [-Wbuiltin-declaration-mismatch]
  109 |                 sprintf(str, "%d\n\r", 100);
      |                 ^~~~~~~
../Core/Src/main.c:109:17: note: include '<stdio.h>' or provide a declaration of 'sprintf'
../Core/Src/main.c:110:50: warning: implicit declaration of function 'strlen' [-Wimplicit-function-declaration]
  110 |                 HAL_UART_Transmit(&huart2, &str, strlen(str), 1000);
      |                                                  ^~~~~~
../Core/Src/main.c:21:1: note: include '<string.h>' or provide a declaration of 'strlen'
   20 | #include "main.h"
  +++ |+#include <string.h>
   21 | 
../Core/Src/main.c:110:50: warning: incompatible implicit declaration of built-in function 'strlen' [-Wbuiltin-declaration-mismatch]
  110 |                 HAL_UART_Transmit(&huart2, &str, strlen(str), 1000);
      |                                                  ^~~~~~
../Core/Src/main.c:110:50: note: include '<string.h>' or provide a declaration of 'strlen'
../Core/Src/main.c:110:44: warning: passing argument 2 of 'HAL_UART_Transmit' from incompatible pointer type [-Wincompatible-pointer-types]
  110 |                 HAL_UART_Transmit(&huart2, &str, strlen(str), 1000);
      |                                            ^~~~
      |                                            |
      |                                            char (*)[100]
In file included from ../Core/Inc/stm32f3xx_hal_conf.h:327,
                 from ../Drivers/STM32F3xx_HAL_Driver/Inc/stm32f3xx_hal.h:29,
                 from ../Core/Inc/main.h:30,
                 from ../Core/Src/main.c:20:
../Drivers/STM32F3xx_HAL_Driver/Inc/stm32f3xx_hal_uart.h:1486:79: note: expected 'const uint8_t *' {aka 'const unsigned char *'} but argument is of type 'char (*)[100]'
 1486 | HAL_StatusTypeDef HAL_UART_Transmit(UART_HandleTypeDef *huart, const uint8_t *pData, uint16_t Size, uint32_t Timeout);
      |                                                                ~~~~~~~~~~~~~~~^~~~~
../Core/Src/main.c:96:13: warning: unused variable 'intbuff' [-Wunused-variable]
   96 |         int intbuff;
      |             ^~~~~~~
../Core/Src/main.c:95:17: warning: unused variable 'buff' [-Wunused-variable]
   95 |         uint8_t buff;
      |                 ^~~~
arm-none-eabi-gcc -o "gyro_nolibrary2.elf" @"objects.list"   -mcpu=cortex-m4 -T"C:\Users\mizun\Documents\GitHub\2024_Oidengiken\cubeIDE\gyro\gyro_nolibrary2\STM32F303K8TX_FLASH.ld" --specs=nosys.specs -Wl,-Map="gyro_nolibrary2.map" -Wl,--gc-sections -static --specs=nano.specs -mfpu=fpv4-sp-d16 -mfloat-abi=hard -mthumb -Wl,--start-group -lc -lm -Wl,--end-group
Finished building target: gyro_nolibrary2.elf
 
arm-none-eabi-size  gyro_nolibrary2.elf 
arm-none-eabi-objdump -h -S gyro_nolibrary2.elf  > "gyro_nolibrary2.list"
   text	   data	    bss	    dec	    hex	filename
  16272	    100	   2124	  18496	   4840	gyro_nolibrary2.elf
Finished building: default.size.stdout
 
Finished building: gyro_nolibrary2.list
 
17:54:55 **** Incremental Build of configuration Debug for project gyro_nolibrary2 ****
make -j16 all 
arm-none-eabi-gcc "../Core/Src/main.c" -mcpu=cortex-m4 -std=gnu11 -g3 -DDEBUG -DUSE_HAL_DRIVER -DSTM32F303x8 -c -I../Core/Inc -I../Drivers/STM32F3xx_HAL_Driver/Inc -I../Drivers/STM32F3xx_HAL_Driver/Inc/Legacy -I../Drivers/CMSIS/Device/ST/STM32F3xx/Include -I../Drivers/CMSIS/Include -O0 -ffunction-sections -fdata-sections -Wall -fstack-usage -fcyclomatic-complexity -MMD -MP -MF"Core/Src/main.d" -MT"Core/Src/main.o" --specs=nano.specs -mfpu=fpv4-sp-d16 -mfloat-abi=hard -mthumb -o "Core/Src/main.o"
../Core/Src/main.c: In function 'main':
../Core/Src/main.c:107:25: warning: implicit declaration of function 'snprintf' [-Wimplicit-function-declaration]
  107 |                         snprintf(msg, sizeof(msg), "0x%02X\r\n", i);
      |                         ^~~~~~~~
../Core/Src/main.c:21:1: note: include '<stdio.h>' or provide a declaration of 'snprintf'
   20 | #include "main.h"
  +++ |+#include <stdio.h>
   21 | 
../Core/Src/main.c:107:25: warning: incompatible implicit declaration of built-in function 'snprintf' [-Wbuiltin-declaration-mismatch]
  107 |                         snprintf(msg, sizeof(msg), "0x%02X\r\n", i);
      |                         ^~~~~~~~
../Core/Src/main.c:107:25: note: include '<stdio.h>' or provide a declaration of 'snprintf'
../Core/Src/main.c:108:68: warning: implicit declaration of function 'strlen' [-Wimplicit-function-declaration]
  108 |                         HAL_UART_Transmit(&huart2, (uint8_t*) msg, strlen(msg),
      |                                                                    ^~~~~~
../Core/Src/main.c:21:1: note: include '<string.h>' or provide a declaration of 'strlen'
   20 | #include "main.h"
  +++ |+#include <string.h>
   21 | 
../Core/Src/main.c:108:68: warning: incompatible implicit declaration of built-in function 'strlen' [-Wbuiltin-declaration-mismatch]
  108 |                         HAL_UART_Transmit(&huart2, (uint8_t*) msg, strlen(msg),
      |                                                                    ^~~~~~
../Core/Src/main.c:108:68: note: include '<string.h>' or provide a declaration of 'strlen'
../Core/Src/main.c:119:17: warning: implicit declaration of function 'sprintf' [-Wimplicit-function-declaration]
  119 |                 sprintf(str, "%d\n\r", 100);
      |                 ^~~~~~~
../Core/Src/main.c:119:17: note: include '<stdio.h>' or provide a declaration of 'sprintf'
../Core/Src/main.c:119:17: warning: incompatible implicit declaration of built-in function 'sprintf' [-Wbuiltin-declaration-mismatch]
../Core/Src/main.c:119:17: note: include '<stdio.h>' or provide a declaration of 'sprintf'
../Core/Src/main.c:120:50: warning: incompatible implicit declaration of built-in function 'strlen' [-Wbuiltin-declaration-mismatch]
  120 |                 HAL_UART_Transmit(&huart2, &str, strlen(str), 1000);
      |                                                  ^~~~~~
../Core/Src/main.c:120:50: note: include '<string.h>' or provide a declaration of 'strlen'
../Core/Src/main.c:120:44: warning: passing argument 2 of 'HAL_UART_Transmit' from incompatible pointer type [-Wincompatible-pointer-types]
  120 |                 HAL_UART_Transmit(&huart2, &str, strlen(str), 1000);
      |                                            ^~~~
      |                                            |
      |                                            char (*)[100]
In file included from ../Core/Inc/stm32f3xx_hal_conf.h:327,
                 from ../Drivers/STM32F3xx_HAL_Driver/Inc/stm32f3xx_hal.h:29,
                 from ../Core/Inc/main.h:30,
                 from ../Core/Src/main.c:20:
../Drivers/STM32F3xx_HAL_Driver/Inc/stm32f3xx_hal_uart.h:1486:79: note: expected 'const uint8_t *' {aka 'const unsigned char *'} but argument is of type 'char (*)[100]'
 1486 | HAL_StatusTypeDef HAL_UART_Transmit(UART_HandleTypeDef *huart, const uint8_t *pData, uint16_t Size, uint32_t Timeout);
      |                                                                ~~~~~~~~~~~~~~~^~~~~
../Core/Src/main.c:96:13: warning: unused variable 'intbuff' [-Wunused-variable]
   96 |         int intbuff;
      |             ^~~~~~~
../Core/Src/main.c:95:17: warning: unused variable 'buff' [-Wunused-variable]
   95 |         uint8_t buff;
      |                 ^~~~
arm-none-eabi-gcc -o "gyro_nolibrary2.elf" @"objects.list"   -mcpu=cortex-m4 -T"C:\Users\mizun\Documents\GitHub\2024_Oidengiken\cubeIDE\gyro\gyro_nolibrary2\STM32F303K8TX_FLASH.ld" --specs=nosys.specs -Wl,-Map="gyro_nolibrary2.map" -Wl,--gc-sections -static --specs=nano.specs -mfpu=fpv4-sp-d16 -mfloat-abi=hard -mthumb -Wl,--start-group -lc -lm -Wl,--end-group
Finished building target: gyro_nolibrary2.elf
 
arm-none-eabi-size  gyro_nolibrary2.elf 
arm-none-eabi-objdump -h -S gyro_nolibrary2.elf  > "gyro_nolibrary2.list"
   text	   data	    bss	    dec	    hex	filename
  15340	    100	   2124	  17564	   449c	gyro_nolibrary2.elf
Finished building: default.size.stdout
 
Finished building: gyro_nolibrary2.list
 
17:55:54 **** Incremental Build of configuration Debug for project gyro_nolibrary2 ****
make -j16 all 
arm-none-eabi-gcc "../Core/Src/main.c" -mcpu=cortex-m4 -std=gnu11 -g3 -DDEBUG -DUSE_HAL_DRIVER -DSTM32F303x8 -c -I../Core/Inc -I../Drivers/STM32F3xx_HAL_Driver/Inc -I../Drivers/STM32F3xx_HAL_Driver/Inc/Legacy -I../Drivers/CMSIS/Device/ST/STM32F3xx/Include -I../Drivers/CMSIS/Include -O0 -ffunction-sections -fdata-sections -Wall -fstack-usage -fcyclomatic-complexity -MMD -MP -MF"Core/Src/main.d" -MT"Core/Src/main.o" --specs=nano.specs -mfpu=fpv4-sp-d16 -mfloat-abi=hard -mthumb -o "Core/Src/main.o"
../Core/Src/main.c: In function 'main':
../Core/Src/main.c:107:25: warning: implicit declaration of function 'snprintf' [-Wimplicit-function-declaration]
  107 |                         snprintf(msg, sizeof(msg), "0x%02X\r\n", i);
      |                         ^~~~~~~~
../Core/Src/main.c:21:1: note: include '<stdio.h>' or provide a declaration of 'snprintf'
   20 | #include "main.h"
  +++ |+#include <stdio.h>
   21 | 
../Core/Src/main.c:107:25: warning: incompatible implicit declaration of built-in function 'snprintf' [-Wbuiltin-declaration-mismatch]
  107 |                         snprintf(msg, sizeof(msg), "0x%02X\r\n", i);
      |                         ^~~~~~~~
../Core/Src/main.c:107:25: note: include '<stdio.h>' or provide a declaration of 'snprintf'
../Core/Src/main.c:108:68: warning: implicit declaration of function 'strlen' [-Wimplicit-function-declaration]
  108 |                         HAL_UART_Transmit(&huart2, (uint8_t*) msg, strlen(msg),
      |                                                                    ^~~~~~
../Core/Src/main.c:21:1: note: include '<string.h>' or provide a declaration of 'strlen'
   20 | #include "main.h"
  +++ |+#include <string.h>
   21 | 
../Core/Src/main.c:108:68: warning: incompatible implicit declaration of built-in function 'strlen' [-Wbuiltin-declaration-mismatch]
  108 |                         HAL_UART_Transmit(&huart2, (uint8_t*) msg, strlen(msg),
      |                                                                    ^~~~~~
../Core/Src/main.c:108:68: note: include '<string.h>' or provide a declaration of 'strlen'
../Core/Src/main.c:97:14: warning: unused variable 'str' [-Wunused-variable]
   97 |         char str[100];
      |              ^~~
../Core/Src/main.c:96:13: warning: unused variable 'intbuff' [-Wunused-variable]
   96 |         int intbuff;
      |             ^~~~~~~
../Core/Src/main.c:95:17: warning: unused variable 'buff' [-Wunused-variable]
   95 |         uint8_t buff;
      |                 ^~~~
arm-none-eabi-gcc -o "gyro_nolibrary2.elf" @"objects.list"   -mcpu=cortex-m4 -T"C:\Users\mizun\Documents\GitHub\2024_Oidengiken\cubeIDE\gyro\gyro_nolibrary2\STM32F303K8TX_FLASH.ld" --specs=nosys.specs -Wl,-Map="gyro_nolibrary2.map" -Wl,--gc-sections -static --specs=nano.specs -mfpu=fpv4-sp-d16 -mfloat-abi=hard -mthumb -Wl,--start-group -lc -lm -Wl,--end-group
Finished building target: gyro_nolibrary2.elf
 
arm-none-eabi-size  gyro_nolibrary2.elf 
arm-none-eabi-objdump -h -S gyro_nolibrary2.elf  > "gyro_nolibrary2.list"
   text	   data	    bss	    dec	    hex	filename
  15220	    100	   2124	  17444	   4424	gyro_nolibrary2.elf
Finished building: default.size.stdout
 
Finished building: gyro_nolibrary2.list
 
17:58:12 **** Incremental Build of configuration Debug for project gyro_nolibrary2 ****
make -j16 all 
arm-none-eabi-gcc "../Core/Src/main.c" -mcpu=cortex-m4 -std=gnu11 -g3 -DDEBUG -DUSE_HAL_DRIVER -DSTM32F303x8 -c -I../Core/Inc -I../Drivers/STM32F3xx_HAL_Driver/Inc -I../Drivers/STM32F3xx_HAL_Driver/Inc/Legacy -I../Drivers/CMSIS/Device/ST/STM32F3xx/Include -I../Drivers/CMSIS/Include -O0 -ffunction-sections -fdata-sections -Wall -fstack-usage -fcyclomatic-complexity -MMD -MP -MF"Core/Src/main.d" -MT"Core/Src/main.o" --specs=nano.specs -mfpu=fpv4-sp-d16 -mfloat-abi=hard -mthumb -o "Core/Src/main.o"
../Core/Src/main.c: In function 'main':
../Core/Src/main.c:115:52: warning: passing argument 2 of 'HAL_UART_Transmit' from incompatible pointer type [-Wincompatible-pointer-types]
  115 |                         HAL_UART_Transmit(&huart2, (uint16_t*)"error\r\n", 10, 1000);
      |                                                    ^~~~~~~~~~~~~~~~~~~~~~
      |                                                    |
      |                                                    uint16_t * {aka short unsigned int *}
In file included from ../Core/Inc/stm32f3xx_hal_conf.h:327,
                 from ../Drivers/STM32F3xx_HAL_Driver/Inc/stm32f3xx_hal.h:29,
                 from ../Core/Inc/main.h:30,
                 from ../Core/Src/main.c:20:
../Drivers/STM32F3xx_HAL_Driver/Inc/stm32f3xx_hal_uart.h:1486:79: note: expected 'const uint8_t *' {aka 'const unsigned char *'} but argument is of type 'uint16_t *' {aka 'short unsigned int *'}
 1486 | HAL_StatusTypeDef HAL_UART_Transmit(UART_HandleTypeDef *huart, const uint8_t *pData, uint16_t Size, uint32_t Timeout);
      |                                                                ~~~~~~~~~~~~~~~^~~~~
../Core/Src/main.c:97:14: warning: unused variable 'str' [-Wunused-variable]
   97 |         char str[100];
      |              ^~~
../Core/Src/main.c:96:13: warning: unused variable 'intbuff' [-Wunused-variable]
   96 |         int intbuff;
      |             ^~~~~~~
../Core/Src/main.c:95:17: warning: unused variable 'buff' [-Wunused-variable]
   95 |         uint8_t buff;
      |                 ^~~~
arm-none-eabi-gcc -o "gyro_nolibrary2.elf" @"objects.list"   -mcpu=cortex-m4 -T"C:\Users\mizun\Documents\GitHub\2024_Oidengiken\cubeIDE\gyro\gyro_nolibrary2\STM32F303K8TX_FLASH.ld" --specs=nosys.specs -Wl,-Map="gyro_nolibrary2.map" -Wl,--gc-sections -static --specs=nano.specs -mfpu=fpv4-sp-d16 -mfloat-abi=hard -mthumb -Wl,--start-group -lc -lm -Wl,--end-group
Finished building target: gyro_nolibrary2.elf
 
arm-none-eabi-size  gyro_nolibrary2.elf 
arm-none-eabi-objdump -h -S gyro_nolibrary2.elf  > "gyro_nolibrary2.list"
   text	   data	    bss	    dec	    hex	filename
  13612	     20	   1788	  15420	   3c3c	gyro_nolibrary2.elf
Finished building: default.size.stdout
 
Finished building: gyro_nolibrary2.list
 
18:01:16 **** Incremental Build of configuration Debug for project gyro_nolibrary2 ****
make -j16 all 
arm-none-eabi-gcc "../Core/Src/main.c" -mcpu=cortex-m4 -std=gnu11 -g3 -DDEBUG -DUSE_HAL_DRIVER -DSTM32F303x8 -c -I../Core/Inc -I../Drivers/STM32F3xx_HAL_Driver/Inc -I../Drivers/STM32F3xx_HAL_Driver/Inc/Legacy -I../Drivers/CMSIS/Device/ST/STM32F3xx/Include -I../Drivers/CMSIS/Include -O0 -ffunction-sections -fdata-sections -Wall -fstack-usage -fcyclomatic-complexity -MMD -MP -MF"Core/Src/main.d" -MT"Core/Src/main.o" --specs=nano.specs -mfpu=fpv4-sp-d16 -mfloat-abi=hard -mthumb -o "Core/Src/main.o"
../Core/Src/main.c: In function 'main':
../Core/Src/main.c:116:25: warning: implicit declaration of function 'sprintf' [-Wimplicit-function-declaration]
  116 |                         sprintf(str, "%d\n", intbuff);
      |                         ^~~~~~~
../Core/Src/main.c:21:1: note: include '<stdio.h>' or provide a declaration of 'sprintf'
   20 | #include "main.h"
  +++ |+#include <stdio.h>
   21 | 
../Core/Src/main.c:116:25: warning: incompatible implicit declaration of built-in function 'sprintf' [-Wbuiltin-declaration-mismatch]
  116 |                         sprintf(str, "%d\n", intbuff);
      |                         ^~~~~~~
../Core/Src/main.c:116:25: note: include '<stdio.h>' or provide a declaration of 'sprintf'
../Core/Src/main.c:117:58: warning: implicit declaration of function 'strlen' [-Wimplicit-function-declaration]
  117 |                         HAL_UART_Transmit(&huart2, &str, strlen(str), 1000);
      |                                                          ^~~~~~
../Core/Src/main.c:21:1: note: include '<string.h>' or provide a declaration of 'strlen'
   20 | #include "main.h"
  +++ |+#include <string.h>
   21 | 
../Core/Src/main.c:117:58: warning: incompatible implicit declaration of built-in function 'strlen' [-Wbuiltin-declaration-mismatch]
  117 |                         HAL_UART_Transmit(&huart2, &str, strlen(str), 1000);
      |                                                          ^~~~~~
../Core/Src/main.c:117:58: note: include '<string.h>' or provide a declaration of 'strlen'
../Core/Src/main.c:117:52: warning: passing argument 2 of 'HAL_UART_Transmit' from incompatible pointer type [-Wincompatible-pointer-types]
  117 |                         HAL_UART_Transmit(&huart2, &str, strlen(str), 1000);
      |                                                    ^~~~
      |                                                    |
      |                                                    char (*)[100]
In file included from ../Core/Inc/stm32f3xx_hal_conf.h:327,
                 from ../Drivers/STM32F3xx_HAL_Driver/Inc/stm32f3xx_hal.h:29,
                 from ../Core/Inc/main.h:30,
                 from ../Core/Src/main.c:20:
../Drivers/STM32F3xx_HAL_Driver/Inc/stm32f3xx_hal_uart.h:1486:79: note: expected 'const uint8_t *' {aka 'const unsigned char *'} but argument is of type 'char (*)[100]'
 1486 | HAL_StatusTypeDef HAL_UART_Transmit(UART_HandleTypeDef *huart, const uint8_t *pData, uint16_t Size, uint32_t Timeout);
      |                                                                ~~~~~~~~~~~~~~~^~~~~
../Core/Src/main.c:119:52: warning: passing argument 2 of 'HAL_UART_Transmit' from incompatible pointer type [-Wincompatible-pointer-types]
  119 |                         HAL_UART_Transmit(&huart2, (uint16_t*) "error\r\n", 10, 1000);
      |                                                    ^~~~~~~~~~~~~~~~~~~~~~~
      |                                                    |
      |                                                    uint16_t * {aka short unsigned int *}
In file included from ../Core/Inc/stm32f3xx_hal_conf.h:327,
                 from ../Drivers/STM32F3xx_HAL_Driver/Inc/stm32f3xx_hal.h:29,
                 from ../Core/Inc/main.h:30,
                 from ../Core/Src/main.c:20:
../Drivers/STM32F3xx_HAL_Driver/Inc/stm32f3xx_hal_uart.h:1486:79: note: expected 'const uint8_t *' {aka 'const unsigned char *'} but argument is of type 'uint16_t *' {aka 'short unsigned int *'}
 1486 | HAL_StatusTypeDef HAL_UART_Transmit(UART_HandleTypeDef *huart, const uint8_t *pData, uint16_t Size, uint32_t Timeout);
      |                                                                ~~~~~~~~~~~~~~~^~~~~
../Core/Src/main.c:113:25: warning: unused variable 'data' [-Wunused-variable]
  113 |                 uint8_t data = 0x09;
      |                         ^~~~
../Core/Src/main.c: At top level:
../Core/Src/main.c:127:1: error: expected identifier or '(' before '}' token
  127 | }
      | ^
make: *** [Core/Src/subdir.mk:34: Core/Src/main.o] Error 1
"make -j16 all" terminated with exit code 2. Build might be incomplete.
18:01:23 **** Incremental Build of configuration Debug for project gyro_nolibrary2 ****
make -j16 all 
arm-none-eabi-gcc "../Core/Src/main.c" -mcpu=cortex-m4 -std=gnu11 -g3 -DDEBUG -DUSE_HAL_DRIVER -DSTM32F303x8 -c -I../Core/Inc -I../Drivers/STM32F3xx_HAL_Driver/Inc -I../Drivers/STM32F3xx_HAL_Driver/Inc/Legacy -I../Drivers/CMSIS/Device/ST/STM32F3xx/Include -I../Drivers/CMSIS/Include -O0 -ffunction-sections -fdata-sections -Wall -fstack-usage -fcyclomatic-complexity -MMD -MP -MF"Core/Src/main.d" -MT"Core/Src/main.o" --specs=nano.specs -mfpu=fpv4-sp-d16 -mfloat-abi=hard -mthumb -o "Core/Src/main.o"
../Core/Src/main.c: In function 'main':
../Core/Src/main.c:116:25: warning: implicit declaration of function 'sprintf' [-Wimplicit-function-declaration]
  116 |                         sprintf(str, "%d\n", intbuff);
      |                         ^~~~~~~
../Core/Src/main.c:21:1: note: include '<stdio.h>' or provide a declaration of 'sprintf'
   20 | #include "main.h"
  +++ |+#include <stdio.h>
   21 | 
../Core/Src/main.c:116:25: warning: incompatible implicit declaration of built-in function 'sprintf' [-Wbuiltin-declaration-mismatch]
  116 |                         sprintf(str, "%d\n", intbuff);
      |                         ^~~~~~~
../Core/Src/main.c:116:25: note: include '<stdio.h>' or provide a declaration of 'sprintf'
../Core/Src/main.c:117:58: warning: implicit declaration of function 'strlen' [-Wimplicit-function-declaration]
  117 |                         HAL_UART_Transmit(&huart2, &str, strlen(str), 1000);
      |                                                          ^~~~~~
../Core/Src/main.c:21:1: note: include '<string.h>' or provide a declaration of 'strlen'
   20 | #include "main.h"
  +++ |+#include <string.h>
   21 | 
../Core/Src/main.c:117:58: warning: incompatible implicit declaration of built-in function 'strlen' [-Wbuiltin-declaration-mismatch]
  117 |                         HAL_UART_Transmit(&huart2, &str, strlen(str), 1000);
      |                                                          ^~~~~~
../Core/Src/main.c:117:58: note: include '<string.h>' or provide a declaration of 'strlen'
../Core/Src/main.c:117:52: warning: passing argument 2 of 'HAL_UART_Transmit' from incompatible pointer type [-Wincompatible-pointer-types]
  117 |                         HAL_UART_Transmit(&huart2, &str, strlen(str), 1000);
      |                                                    ^~~~
      |                                                    |
      |                                                    char (*)[100]
In file included from ../Core/Inc/stm32f3xx_hal_conf.h:327,
                 from ../Drivers/STM32F3xx_HAL_Driver/Inc/stm32f3xx_hal.h:29,
                 from ../Core/Inc/main.h:30,
                 from ../Core/Src/main.c:20:
../Drivers/STM32F3xx_HAL_Driver/Inc/stm32f3xx_hal_uart.h:1486:79: note: expected 'const uint8_t *' {aka 'const unsigned char *'} but argument is of type 'char (*)[100]'
 1486 | HAL_StatusTypeDef HAL_UART_Transmit(UART_HandleTypeDef *huart, const uint8_t *pData, uint16_t Size, uint32_t Timeout);
      |                                                                ~~~~~~~~~~~~~~~^~~~~
../Core/Src/main.c:119:52: warning: passing argument 2 of 'HAL_UART_Transmit' from incompatible pointer type [-Wincompatible-pointer-types]
  119 |                         HAL_UART_Transmit(&huart2, (uint16_t*) "error\r\n", 10, 1000);
      |                                                    ^~~~~~~~~~~~~~~~~~~~~~~
      |                                                    |
      |                                                    uint16_t * {aka short unsigned int *}
In file included from ../Core/Inc/stm32f3xx_hal_conf.h:327,
                 from ../Drivers/STM32F3xx_HAL_Driver/Inc/stm32f3xx_hal.h:29,
                 from ../Core/Inc/main.h:30,
                 from ../Core/Src/main.c:20:
../Drivers/STM32F3xx_HAL_Driver/Inc/stm32f3xx_hal_uart.h:1486:79: note: expected 'const uint8_t *' {aka 'const unsigned char *'} but argument is of type 'uint16_t *' {aka 'short unsigned int *'}
 1486 | HAL_StatusTypeDef HAL_UART_Transmit(UART_HandleTypeDef *huart, const uint8_t *pData, uint16_t Size, uint32_t Timeout);
      |                                                                ~~~~~~~~~~~~~~~^~~~~
../Core/Src/main.c:113:25: warning: unused variable 'data' [-Wunused-variable]
  113 |                 uint8_t data = 0x09;
      |                         ^~~~
arm-none-eabi-gcc -o "gyro_nolibrary2.elf" @"objects.list"   -mcpu=cortex-m4 -T"C:\Users\mizun\Documents\GitHub\2024_Oidengiken\cubeIDE\gyro\gyro_nolibrary2\STM32F303K8TX_FLASH.ld" --specs=nosys.specs -Wl,-Map="gyro_nolibrary2.map" -Wl,--gc-sections -static --specs=nano.specs -mfpu=fpv4-sp-d16 -mfloat-abi=hard -mthumb -Wl,--start-group -lc -lm -Wl,--end-group
Finished building target: gyro_nolibrary2.elf
 
arm-none-eabi-size  gyro_nolibrary2.elf 
arm-none-eabi-objdump -h -S gyro_nolibrary2.elf  > "gyro_nolibrary2.list"
   text	   data	    bss	    dec	    hex	filename
  16292	    100	   2124	  18516	   4854	gyro_nolibrary2.elf
Finished building: default.size.stdout
 
Finished building: gyro_nolibrary2.list
 
18:01:53 **** Incremental Build of configuration Debug for project gyro_nolibrary2 ****
make -j16 all 
arm-none-eabi-size  gyro_nolibrary2.elf 
   text	   data	    bss	    dec	    hex	filename
  16292	    100	   2124	  18516	   4854	gyro_nolibrary2.elf
Finished building: default.size.stdout
 
18:02:54 **** Incremental Build of configuration Debug for project gyro_nolibrary ****
make -j16 all 
arm-none-eabi-gcc "../Core/Src/main.c" -mcpu=cortex-m4 -std=gnu11 -g3 -DDEBUG -DUSE_HAL_DRIVER -DSTM32F303x8 -c -I../Core/Inc -I../Drivers/STM32F3xx_HAL_Driver/Inc -I../Drivers/STM32F3xx_HAL_Driver/Inc/Legacy -I../Drivers/CMSIS/Device/ST/STM32F3xx/Include -I../Drivers/CMSIS/Include -O0 -ffunction-sections -fdata-sections -Wall -fstack-usage -fcyclomatic-complexity -MMD -MP -MF"Core/Src/main.d" -MT"Core/Src/main.o" --specs=nano.specs -mfpu=fpv4-sp-d16 -mfloat-abi=hard -mthumb -o "Core/Src/main.o"
../Core/Src/main.c: In function 'main':
../Core/Src/main.c:166:52: warning: passing argument 2 of 'HAL_UART_Transmit' from incompatible pointer type [-Wincompatible-pointer-types]
  166 |                         HAL_UART_Transmit(&huart2, (uint16_t*)"error\r\n", 10, 1000);
      |                                                    ^~~~~~~~~~~~~~~~~~~~~~
      |                                                    |
      |                                                    uint16_t * {aka short unsigned int *}
In file included from ../Core/Inc/stm32f3xx_hal_conf.h:327,
                 from ../Drivers/STM32F3xx_HAL_Driver/Inc/stm32f3xx_hal.h:29,
                 from ../Core/Inc/main.h:30,
                 from ../Core/Src/main.c:20:
../Drivers/STM32F3xx_HAL_Driver/Inc/stm32f3xx_hal_uart.h:1486:79: note: expected 'const uint8_t *' {aka 'const unsigned char *'} but argument is of type 'uint16_t *' {aka 'short unsigned int *'}
 1486 | HAL_StatusTypeDef HAL_UART_Transmit(UART_HandleTypeDef *huart, const uint8_t *pData, uint16_t Size, uint32_t Timeout);
      |                                                                ~~~~~~~~~~~~~~~^~~~~
../Core/Src/main.c:125:14: warning: unused variable 'str' [-Wunused-variable]
  125 |         char str[100];
      |              ^~~
../Core/Src/main.c:124:13: warning: unused variable 'intbuff' [-Wunused-variable]
  124 |         int intbuff;
      |             ^~~~~~~
../Core/Src/main.c:123:14: warning: unused variable 'buff' [-Wunused-variable]
  123 |         char buff;
      |              ^~~~
At top level:
../Core/Src/main.c:110:17: warning: 'write_bits' defined but not used [-Wunused-function]
  110 |         int16_t write_bits(uint8_t regiAddr, uint8_t bitstart, uint8_t length,
      |                 ^~~~~~~~~~
arm-none-eabi-gcc -o "gyro_nolibrary.elf" @"objects.list"   -mcpu=cortex-m4 -T"C:\Users\mizun\Documents\GitHub\2024_Oidengiken\cubeIDE\gyro\gyro_nolibrary\STM32F303K8TX_FLASH.ld" --specs=nosys.specs -Wl,-Map="gyro_nolibrary.map" -Wl,--gc-sections -static --specs=nano.specs -mfpu=fpv4-sp-d16 -mfloat-abi=hard -mthumb -Wl,--start-group -lc -lm -Wl,--end-group
Finished building target: gyro_nolibrary.elf
 
arm-none-eabi-size  gyro_nolibrary.elf 
arm-none-eabi-objdump -h -S gyro_nolibrary.elf  > "gyro_nolibrary.list"
   text	   data	    bss	    dec	    hex	filename
  13812	     20	   1924	  15756	   3d8c	gyro_nolibrary.elf
Finished building: default.size.stdout
 
Finished building: gyro_nolibrary.list
 
19:22:46 **** Incremental Build of configuration Debug for project gyro_nolibrary2 ****
make -j16 all 
arm-none-eabi-size  gyro_nolibrary2.elf 
   text	   data	    bss	    dec	    hex	filename
  16292	    100	   2124	  18516	   4854	gyro_nolibrary2.elf
Finished building: default.size.stdout
 
19:27:32 **** Incremental Build of configuration Debug for project gyro_nolibrary2 ****
make -j16 all 
arm-none-eabi-gcc "../Core/Src/main.c" -mcpu=cortex-m4 -std=gnu11 -g3 -DDEBUG -DUSE_HAL_DRIVER -DSTM32F303x8 -c -I../Core/Inc -I../Drivers/STM32F3xx_HAL_Driver/Inc -I../Drivers/STM32F3xx_HAL_Driver/Inc/Legacy -I../Drivers/CMSIS/Device/ST/STM32F3xx/Include -I../Drivers/CMSIS/Include -O0 -ffunction-sections -fdata-sections -Wall -fstack-usage -fcyclomatic-complexity -MMD -MP -MF"Core/Src/main.d" -MT"Core/Src/main.o" --specs=nano.specs -mfpu=fpv4-sp-d16 -mfloat-abi=hard -mthumb -o "Core/Src/main.o"
arm-none-eabi-gcc "../Core/Src/stm32f3xx_hal_msp.c" -mcpu=cortex-m4 -std=gnu11 -g3 -DDEBUG -DUSE_HAL_DRIVER -DSTM32F303x8 -c -I../Core/Inc -I../Drivers/STM32F3xx_HAL_Driver/Inc -I../Drivers/STM32F3xx_HAL_Driver/Inc/Legacy -I../Drivers/CMSIS/Device/ST/STM32F3xx/Include -I../Drivers/CMSIS/Include -O0 -ffunction-sections -fdata-sections -Wall -fstack-usage -fcyclomatic-complexity -MMD -MP -MF"Core/Src/stm32f3xx_hal_msp.d" -MT"Core/Src/stm32f3xx_hal_msp.o" --specs=nano.specs -mfpu=fpv4-sp-d16 -mfloat-abi=hard -mthumb -o "Core/Src/stm32f3xx_hal_msp.o"
arm-none-eabi-gcc "../Core/Src/stm32f3xx_it.c" -mcpu=cortex-m4 -std=gnu11 -g3 -DDEBUG -DUSE_HAL_DRIVER -DSTM32F303x8 -c -I../Core/Inc -I../Drivers/STM32F3xx_HAL_Driver/Inc -I../Drivers/STM32F3xx_HAL_Driver/Inc/Legacy -I../Drivers/CMSIS/Device/ST/STM32F3xx/Include -I../Drivers/CMSIS/Include -O0 -ffunction-sections -fdata-sections -Wall -fstack-usage -fcyclomatic-complexity -MMD -MP -MF"Core/Src/stm32f3xx_it.d" -MT"Core/Src/stm32f3xx_it.o" --specs=nano.specs -mfpu=fpv4-sp-d16 -mfloat-abi=hard -mthumb -o "Core/Src/stm32f3xx_it.o"
../Core/Src/main.c: In function 'main':
../Core/Src/main.c:117:25: warning: implicit declaration of function 'sprintf' [-Wimplicit-function-declaration]
  117 |                         sprintf(str, "%d\n", intbuff);
      |                         ^~~~~~~
../Core/Src/main.c:21:1: note: include '<stdio.h>' or provide a declaration of 'sprintf'
   20 | #include "main.h"
  +++ |+#include <stdio.h>
   21 | 
../Core/Src/main.c:117:25: warning: incompatible implicit declaration of built-in function 'sprintf' [-Wbuiltin-declaration-mismatch]
  117 |                         sprintf(str, "%d\n", intbuff);
      |                         ^~~~~~~
../Core/Src/main.c:117:25: note: include '<stdio.h>' or provide a declaration of 'sprintf'
../Core/Src/main.c:118:58: warning: implicit declaration of function 'strlen' [-Wimplicit-function-declaration]
  118 |                         HAL_UART_Transmit(&huart2, &str, strlen(str), 1000);
      |                                                          ^~~~~~
../Core/Src/main.c:21:1: note: include '<string.h>' or provide a declaration of 'strlen'
   20 | #include "main.h"
  +++ |+#include <string.h>
   21 | 
../Core/Src/main.c:118:58: warning: incompatible implicit declaration of built-in function 'strlen' [-Wbuiltin-declaration-mismatch]
  118 |                         HAL_UART_Transmit(&huart2, &str, strlen(str), 1000);
      |                                                          ^~~~~~
../Core/Src/main.c:118:58: note: include '<string.h>' or provide a declaration of 'strlen'
../Core/Src/main.c:118:52: warning: passing argument 2 of 'HAL_UART_Transmit' from incompatible pointer type [-Wincompatible-pointer-types]
  118 |                         HAL_UART_Transmit(&huart2, &str, strlen(str), 1000);
      |                                                    ^~~~
      |                                                    |
      |                                                    char (*)[100]
In file included from ../Core/Inc/stm32f3xx_hal_conf.h:327,
                 from ../Drivers/STM32F3xx_HAL_Driver/Inc/stm32f3xx_hal.h:29,
                 from ../Core/Inc/main.h:30,
                 from ../Core/Src/main.c:20:
../Drivers/STM32F3xx_HAL_Driver/Inc/stm32f3xx_hal_uart.h:1486:79: note: expected 'const uint8_t *' {aka 'const unsigned char *'} but argument is of type 'char (*)[100]'
 1486 | HAL_StatusTypeDef HAL_UART_Transmit(UART_HandleTypeDef *huart, const uint8_t *pData, uint16_t Size, uint32_t Timeout);
      |                                                                ~~~~~~~~~~~~~~~^~~~~
../Core/Src/main.c:120:52: warning: passing argument 2 of 'HAL_UART_Transmit' from incompatible pointer type [-Wincompatible-pointer-types]
  120 |                         HAL_UART_Transmit(&huart2, (uint16_t*) "error\r\n", 10, 1000);
      |                                                    ^~~~~~~~~~~~~~~~~~~~~~~
      |                                                    |
      |                                                    uint16_t * {aka short unsigned int *}
In file included from ../Core/Inc/stm32f3xx_hal_conf.h:327,
                 from ../Drivers/STM32F3xx_HAL_Driver/Inc/stm32f3xx_hal.h:29,
                 from ../Core/Inc/main.h:30,
                 from ../Core/Src/main.c:20:
../Drivers/STM32F3xx_HAL_Driver/Inc/stm32f3xx_hal_uart.h:1486:79: note: expected 'const uint8_t *' {aka 'const unsigned char *'} but argument is of type 'uint16_t *' {aka 'short unsigned int *'}
 1486 | HAL_StatusTypeDef HAL_UART_Transmit(UART_HandleTypeDef *huart, const uint8_t *pData, uint16_t Size, uint32_t Timeout);
      |                                                                ~~~~~~~~~~~~~~~^~~~~
../Core/Src/main.c:114:25: warning: unused variable 'data' [-Wunused-variable]
  114 |                 uint8_t data = 0x09;
      |                         ^~~~
../Core/Src/main.c: At top level:
../Core/Src/main.c:128:1: error: expected identifier or '(' before '}' token
  128 | }
      | ^
make: *** [Core/Src/subdir.mk:34: Core/Src/main.o] Error 1
make: *** Waiting for unfinished jobs....
"make -j16 all" terminated with exit code 2. Build might be incomplete.
19:27:42 **** Incremental Build of configuration Debug for project gyro_nolibrary2 ****
make -j16 all 
arm-none-eabi-gcc "../Core/Src/main.c" -mcpu=cortex-m4 -std=gnu11 -g3 -DDEBUG -DUSE_HAL_DRIVER -DSTM32F303x8 -c -I../Core/Inc -I../Drivers/STM32F3xx_HAL_Driver/Inc -I../Drivers/STM32F3xx_HAL_Driver/Inc/Legacy -I../Drivers/CMSIS/Device/ST/STM32F3xx/Include -I../Drivers/CMSIS/Include -O0 -ffunction-sections -fdata-sections -Wall -fstack-usage -fcyclomatic-complexity -MMD -MP -MF"Core/Src/main.d" -MT"Core/Src/main.o" --specs=nano.specs -mfpu=fpv4-sp-d16 -mfloat-abi=hard -mthumb -o "Core/Src/main.o"
../Core/Src/main.c: In function 'main':
../Core/Src/main.c:117:25: warning: implicit declaration of function 'sprintf' [-Wimplicit-function-declaration]
  117 |                         sprintf(str, "%d\n", intbuff);
      |                         ^~~~~~~
../Core/Src/main.c:21:1: note: include '<stdio.h>' or provide a declaration of 'sprintf'
   20 | #include "main.h"
  +++ |+#include <stdio.h>
   21 | 
../Core/Src/main.c:117:25: warning: incompatible implicit declaration of built-in function 'sprintf' [-Wbuiltin-declaration-mismatch]
  117 |                         sprintf(str, "%d\n", intbuff);
      |                         ^~~~~~~
../Core/Src/main.c:117:25: note: include '<stdio.h>' or provide a declaration of 'sprintf'
../Core/Src/main.c:118:58: warning: implicit declaration of function 'strlen' [-Wimplicit-function-declaration]
  118 |                         HAL_UART_Transmit(&huart2, &str, strlen(str), 1000);
      |                                                          ^~~~~~
../Core/Src/main.c:21:1: note: include '<string.h>' or provide a declaration of 'strlen'
   20 | #include "main.h"
  +++ |+#include <string.h>
   21 | 
../Core/Src/main.c:118:58: warning: incompatible implicit declaration of built-in function 'strlen' [-Wbuiltin-declaration-mismatch]
  118 |                         HAL_UART_Transmit(&huart2, &str, strlen(str), 1000);
      |                                                          ^~~~~~
../Core/Src/main.c:118:58: note: include '<string.h>' or provide a declaration of 'strlen'
../Core/Src/main.c:118:52: warning: passing argument 2 of 'HAL_UART_Transmit' from incompatible pointer type [-Wincompatible-pointer-types]
  118 |                         HAL_UART_Transmit(&huart2, &str, strlen(str), 1000);
      |                                                    ^~~~
      |                                                    |
      |                                                    char (*)[100]
In file included from ../Core/Inc/stm32f3xx_hal_conf.h:327,
                 from ../Drivers/STM32F3xx_HAL_Driver/Inc/stm32f3xx_hal.h:29,
                 from ../Core/Inc/main.h:30,
                 from ../Core/Src/main.c:20:
../Drivers/STM32F3xx_HAL_Driver/Inc/stm32f3xx_hal_uart.h:1486:79: note: expected 'const uint8_t *' {aka 'const unsigned char *'} but argument is of type 'char (*)[100]'
 1486 | HAL_StatusTypeDef HAL_UART_Transmit(UART_HandleTypeDef *huart, const uint8_t *pData, uint16_t Size, uint32_t Timeout);
      |                                                                ~~~~~~~~~~~~~~~^~~~~
../Core/Src/main.c:120:52: warning: passing argument 2 of 'HAL_UART_Transmit' from incompatible pointer type [-Wincompatible-pointer-types]
  120 |                         HAL_UART_Transmit(&huart2, (uint16_t*) "error\r\n", 10, 1000);
      |                                                    ^~~~~~~~~~~~~~~~~~~~~~~
      |                                                    |
      |                                                    uint16_t * {aka short unsigned int *}
In file included from ../Core/Inc/stm32f3xx_hal_conf.h:327,
                 from ../Drivers/STM32F3xx_HAL_Driver/Inc/stm32f3xx_hal.h:29,
                 from ../Core/Inc/main.h:30,
                 from ../Core/Src/main.c:20:
../Drivers/STM32F3xx_HAL_Driver/Inc/stm32f3xx_hal_uart.h:1486:79: note: expected 'const uint8_t *' {aka 'const unsigned char *'} but argument is of type 'uint16_t *' {aka 'short unsigned int *'}
 1486 | HAL_StatusTypeDef HAL_UART_Transmit(UART_HandleTypeDef *huart, const uint8_t *pData, uint16_t Size, uint32_t Timeout);
      |                                                                ~~~~~~~~~~~~~~~^~~~~
../Core/Src/main.c:114:25: warning: unused variable 'data' [-Wunused-variable]
  114 |                 uint8_t data = 0x09;
      |                         ^~~~
arm-none-eabi-gcc -o "gyro_nolibrary2.elf" @"objects.list"   -mcpu=cortex-m4 -T"C:\Users\mizun\Documents\GitHub\2024_Oidengiken\cubeIDE\gyro\gyro_nolibrary2\STM32F303K8TX_FLASH.ld" --specs=nosys.specs -Wl,-Map="gyro_nolibrary2.map" -Wl,--gc-sections -static --specs=nano.specs -mfpu=fpv4-sp-d16 -mfloat-abi=hard -mthumb -Wl,--start-group -lc -lm -Wl,--end-group
Finished building target: gyro_nolibrary2.elf
 
arm-none-eabi-size  gyro_nolibrary2.elf 
arm-none-eabi-objdump -h -S gyro_nolibrary2.elf  > "gyro_nolibrary2.list"
   text	   data	    bss	    dec	    hex	filename
  19400	    100	   2124	  21624	   5478	gyro_nolibrary2.elf
Finished building: default.size.stdout
 
Finished building: gyro_nolibrary2.list
 
19:34:50 **** Incremental Build of configuration Debug for project gyro_nolibrary2 ****
make -j16 all 
arm-none-eabi-gcc "../Core/Src/main.c" -mcpu=cortex-m4 -std=gnu11 -g3 -DDEBUG -DUSE_HAL_DRIVER -DSTM32F303x8 -c -I../Core/Inc -I../Drivers/STM32F3xx_HAL_Driver/Inc -I../Drivers/STM32F3xx_HAL_Driver/Inc/Legacy -I../Drivers/CMSIS/Device/ST/STM32F3xx/Include -I../Drivers/CMSIS/Include -O0 -ffunction-sections -fdata-sections -Wall -fstack-usage -fcyclomatic-complexity -MMD -MP -MF"Core/Src/main.d" -MT"Core/Src/main.o" --specs=nano.specs -mfpu=fpv4-sp-d16 -mfloat-abi=hard -mthumb -o "Core/Src/main.o"
../Core/Src/main.c: In function 'main':
../Core/Src/main.c:118:25: warning: implicit declaration of function 'sprintf' [-Wimplicit-function-declaration]
  118 |                         sprintf(str, "%d\n", intbuff);
      |                         ^~~~~~~
../Core/Src/main.c:21:1: note: include '<stdio.h>' or provide a declaration of 'sprintf'
   20 | #include "main.h"
  +++ |+#include <stdio.h>
   21 | 
../Core/Src/main.c:118:25: warning: incompatible implicit declaration of built-in function 'sprintf' [-Wbuiltin-declaration-mismatch]
  118 |                         sprintf(str, "%d\n", intbuff);
      |                         ^~~~~~~
../Core/Src/main.c:118:25: note: include '<stdio.h>' or provide a declaration of 'sprintf'
../Core/Src/main.c:119:58: warning: implicit declaration of function 'strlen' [-Wimplicit-function-declaration]
  119 |                         HAL_UART_Transmit(&huart2, &str, strlen(str), 1000);
      |                                                          ^~~~~~
../Core/Src/main.c:21:1: note: include '<string.h>' or provide a declaration of 'strlen'
   20 | #include "main.h"
  +++ |+#include <string.h>
   21 | 
../Core/Src/main.c:119:58: warning: incompatible implicit declaration of built-in function 'strlen' [-Wbuiltin-declaration-mismatch]
  119 |                         HAL_UART_Transmit(&huart2, &str, strlen(str), 1000);
      |                                                          ^~~~~~
../Core/Src/main.c:119:58: note: include '<string.h>' or provide a declaration of 'strlen'
../Core/Src/main.c:119:52: warning: passing argument 2 of 'HAL_UART_Transmit' from incompatible pointer type [-Wincompatible-pointer-types]
  119 |                         HAL_UART_Transmit(&huart2, &str, strlen(str), 1000);
      |                                                    ^~~~
      |                                                    |
      |                                                    char (*)[100]
In file included from ../Core/Inc/stm32f3xx_hal_conf.h:327,
                 from ../Drivers/STM32F3xx_HAL_Driver/Inc/stm32f3xx_hal.h:29,
                 from ../Core/Inc/main.h:30,
                 from ../Core/Src/main.c:20:
../Drivers/STM32F3xx_HAL_Driver/Inc/stm32f3xx_hal_uart.h:1486:79: note: expected 'const uint8_t *' {aka 'const unsigned char *'} but argument is of type 'char (*)[100]'
 1486 | HAL_StatusTypeDef HAL_UART_Transmit(UART_HandleTypeDef *huart, const uint8_t *pData, uint16_t Size, uint32_t Timeout);
      |                                                                ~~~~~~~~~~~~~~~^~~~~
../Core/Src/main.c:121:52: warning: passing argument 2 of 'HAL_UART_Transmit' from incompatible pointer type [-Wincompatible-pointer-types]
  121 |                         HAL_UART_Transmit(&huart2, (uint16_t*) "error\r\n", 10, 1000);
      |                                                    ^~~~~~~~~~~~~~~~~~~~~~~
      |                                                    |
      |                                                    uint16_t * {aka short unsigned int *}
In file included from ../Core/Inc/stm32f3xx_hal_conf.h:327,
                 from ../Drivers/STM32F3xx_HAL_Driver/Inc/stm32f3xx_hal.h:29,
                 from ../Core/Inc/main.h:30,
                 from ../Core/Src/main.c:20:
../Drivers/STM32F3xx_HAL_Driver/Inc/stm32f3xx_hal_uart.h:1486:79: note: expected 'const uint8_t *' {aka 'const unsigned char *'} but argument is of type 'uint16_t *' {aka 'short unsigned int *'}
 1486 | HAL_StatusTypeDef HAL_UART_Transmit(UART_HandleTypeDef *huart, const uint8_t *pData, uint16_t Size, uint32_t Timeout);
      |                                                                ~~~~~~~~~~~~~~~^~~~~
../Core/Src/main.c:115:25: warning: unused variable 'data' [-Wunused-variable]
  115 |                 uint8_t data = 0x09;
      |                         ^~~~
arm-none-eabi-gcc -o "gyro_nolibrary2.elf" @"objects.list"   -mcpu=cortex-m4 -T"C:\Users\mizun\Documents\GitHub\2024_Oidengiken\cubeIDE\gyro\gyro_nolibrary2\STM32F303K8TX_FLASH.ld" --specs=nosys.specs -Wl,-Map="gyro_nolibrary2.map" -Wl,--gc-sections -static --specs=nano.specs -mfpu=fpv4-sp-d16 -mfloat-abi=hard -mthumb -Wl,--start-group -lc -lm -Wl,--end-group
Finished building target: gyro_nolibrary2.elf
 
arm-none-eabi-size  gyro_nolibrary2.elf 
arm-none-eabi-objdump -h -S gyro_nolibrary2.elf  > "gyro_nolibrary2.list"
   text	   data	    bss	    dec	    hex	filename
  19400	    100	   2124	  21624	   5478	gyro_nolibrary2.elf
Finished building: default.size.stdout
 
Finished building: gyro_nolibrary2.list
 
19:38:01 **** Incremental Build of configuration Debug for project gyro_nolibrary2 ****
make -j16 all 
arm-none-eabi-gcc "../Core/Src/main.c" -mcpu=cortex-m4 -std=gnu11 -g3 -DDEBUG -DUSE_HAL_DRIVER -DSTM32F303x8 -c -I../Core/Inc -I../Drivers/STM32F3xx_HAL_Driver/Inc -I../Drivers/STM32F3xx_HAL_Driver/Inc/Legacy -I../Drivers/CMSIS/Device/ST/STM32F3xx/Include -I../Drivers/CMSIS/Include -O0 -ffunction-sections -fdata-sections -Wall -fstack-usage -fcyclomatic-complexity -MMD -MP -MF"Core/Src/main.d" -MT"Core/Src/main.o" --specs=nano.specs -mfpu=fpv4-sp-d16 -mfloat-abi=hard -mthumb -o "Core/Src/main.o"
../Core/Src/main.c: In function 'main':
../Core/Src/main.c:118:25: warning: implicit declaration of function 'sprintf' [-Wimplicit-function-declaration]
  118 |                         sprintf(str, "%d\n", intbuff);
      |                         ^~~~~~~
../Core/Src/main.c:21:1: note: include '<stdio.h>' or provide a declaration of 'sprintf'
   20 | #include "main.h"
  +++ |+#include <stdio.h>
   21 | 
../Core/Src/main.c:118:25: warning: incompatible implicit declaration of built-in function 'sprintf' [-Wbuiltin-declaration-mismatch]
  118 |                         sprintf(str, "%d\n", intbuff);
      |                         ^~~~~~~
../Core/Src/main.c:118:25: note: include '<stdio.h>' or provide a declaration of 'sprintf'
../Core/Src/main.c:119:58: warning: implicit declaration of function 'strlen' [-Wimplicit-function-declaration]
  119 |                         HAL_UART_Transmit(&huart2, &str, strlen(str), 1000);
      |                                                          ^~~~~~
../Core/Src/main.c:21:1: note: include '<string.h>' or provide a declaration of 'strlen'
   20 | #include "main.h"
  +++ |+#include <string.h>
   21 | 
../Core/Src/main.c:119:58: warning: incompatible implicit declaration of built-in function 'strlen' [-Wbuiltin-declaration-mismatch]
  119 |                         HAL_UART_Transmit(&huart2, &str, strlen(str), 1000);
      |                                                          ^~~~~~
../Core/Src/main.c:119:58: note: include '<string.h>' or provide a declaration of 'strlen'
../Core/Src/main.c:119:52: warning: passing argument 2 of 'HAL_UART_Transmit' from incompatible pointer type [-Wincompatible-pointer-types]
  119 |                         HAL_UART_Transmit(&huart2, &str, strlen(str), 1000);
      |                                                    ^~~~
      |                                                    |
      |                                                    char (*)[100]
In file included from ../Core/Inc/stm32f3xx_hal_conf.h:327,
                 from ../Drivers/STM32F3xx_HAL_Driver/Inc/stm32f3xx_hal.h:29,
                 from ../Core/Inc/main.h:30,
                 from ../Core/Src/main.c:20:
../Drivers/STM32F3xx_HAL_Driver/Inc/stm32f3xx_hal_uart.h:1486:79: note: expected 'const uint8_t *' {aka 'const unsigned char *'} but argument is of type 'char (*)[100]'
 1486 | HAL_StatusTypeDef HAL_UART_Transmit(UART_HandleTypeDef *huart, const uint8_t *pData, uint16_t Size, uint32_t Timeout);
      |                                                                ~~~~~~~~~~~~~~~^~~~~
../Core/Src/main.c:121:52: warning: passing argument 2 of 'HAL_UART_Transmit' from incompatible pointer type [-Wincompatible-pointer-types]
  121 |                         HAL_UART_Transmit(&huart2, (uint16_t*) "error\n", 10, 1000);
      |                                                    ^~~~~~~~~~~~~~~~~~~~~
      |                                                    |
      |                                                    uint16_t * {aka short unsigned int *}
In file included from ../Core/Inc/stm32f3xx_hal_conf.h:327,
                 from ../Drivers/STM32F3xx_HAL_Driver/Inc/stm32f3xx_hal.h:29,
                 from ../Core/Inc/main.h:30,
                 from ../Core/Src/main.c:20:
../Drivers/STM32F3xx_HAL_Driver/Inc/stm32f3xx_hal_uart.h:1486:79: note: expected 'const uint8_t *' {aka 'const unsigned char *'} but argument is of type 'uint16_t *' {aka 'short unsigned int *'}
 1486 | HAL_StatusTypeDef HAL_UART_Transmit(UART_HandleTypeDef *huart, const uint8_t *pData, uint16_t Size, uint32_t Timeout);
      |                                                                ~~~~~~~~~~~~~~~^~~~~
../Core/Src/main.c:115:25: warning: unused variable 'data' [-Wunused-variable]
  115 |                 uint8_t data = 0x09;
      |                         ^~~~
arm-none-eabi-gcc -o "gyro_nolibrary2.elf" @"objects.list"   -mcpu=cortex-m4 -T"C:\Users\mizun\Documents\GitHub\2024_Oidengiken\cubeIDE\gyro\gyro_nolibrary2\STM32F303K8TX_FLASH.ld" --specs=nosys.specs -Wl,-Map="gyro_nolibrary2.map" -Wl,--gc-sections -static --specs=nano.specs -mfpu=fpv4-sp-d16 -mfloat-abi=hard -mthumb -Wl,--start-group -lc -lm -Wl,--end-group
Finished building target: gyro_nolibrary2.elf
 
arm-none-eabi-size  gyro_nolibrary2.elf 
arm-none-eabi-objdump -h -S gyro_nolibrary2.elf  > "gyro_nolibrary2.list"
   text	   data	    bss	    dec	    hex	filename
  19400	    100	   2124	  21624	   5478	gyro_nolibrary2.elf
Finished building: default.size.stdout
 
Finished building: gyro_nolibrary2.list
 
19:45:34 **** Build of configuration Debug for project gyrotry ****
make -j16 all 
arm-none-eabi-gcc "../Core/Src/main.c" -mcpu=cortex-m4 -std=gnu11 -g3 -DDEBUG -DUSE_HAL_DRIVER -DSTM32F303x8 -c -I../Core/Inc -I../Drivers/STM32F3xx_HAL_Driver/Inc -I../Drivers/STM32F3xx_HAL_Driver/Inc/Legacy -I../Drivers/CMSIS/Device/ST/STM32F3xx/Include -I../Drivers/CMSIS/Include -O0 -ffunction-sections -fdata-sections -Wall -fstack-usage -fcyclomatic-complexity -MMD -MP -MF"Core/Src/main.d" -MT"Core/Src/main.o" --specs=nano.specs -mfpu=fpv4-sp-d16 -mfloat-abi=hard -mthumb -o "Core/Src/main.o"
../Core/Src/main.c: In function 'main':
../Core/Src/main.c:163:17: warning: implicit declaration of function 'sprintf' [-Wimplicit-function-declaration]
  163 |                 sprintf(str, "%d\n\r", intbuff);
      |                 ^~~~~~~
../Core/Src/main.c:22:1: note: include '<stdio.h>' or provide a declaration of 'sprintf'
   21 | #include "MPU6050.h"
  +++ |+#include <stdio.h>
   22 | 
../Core/Src/main.c:163:17: warning: incompatible implicit declaration of built-in function 'sprintf' [-Wbuiltin-declaration-mismatch]
  163 |                 sprintf(str, "%d\n\r", intbuff);
      |                 ^~~~~~~
../Core/Src/main.c:163:17: note: include '<stdio.h>' or provide a declaration of 'sprintf'
../Core/Src/main.c:164:44: warning: passing argument 2 of 'HAL_UART_Transmit' from incompatible pointer type [-Wincompatible-pointer-types]
  164 |                 HAL_UART_Transmit(&huart2, &str, strlen(str), 1000);
      |                                            ^~~~
      |                                            |
      |                                            char (*)[20]
In file included from ../Core/Inc/stm32f3xx_hal_conf.h:327,
                 from ../Drivers/STM32F3xx_HAL_Driver/Inc/stm32f3xx_hal.h:29,
                 from ../Core/Inc/main.h:30,
                 from ../Core/Src/main.c:20:
../Drivers/STM32F3xx_HAL_Driver/Inc/stm32f3xx_hal_uart.h:1486:79: note: expected 'const uint8_t *' {aka 'const unsigned char *'} but argument is of type 'char (*)[20]'
 1486 | HAL_StatusTypeDef HAL_UART_Transmit(UART_HandleTypeDef *huart, const uint8_t *pData, uint16_t Size, uint32_t Timeout);
      |                                                                ~~~~~~~~~~~~~~~^~~~~
../Core/Src/main.c:113:41: warning: unused variable 'Gyro_Offset' [-Wunused-variable]
  113 |         int16_t Gyro_Now = 0, Gyro = 0, Gyro_Offset = 0;
      |                                         ^~~~~~~~~~~
../Core/Src/main.c:113:31: warning: unused variable 'Gyro' [-Wunused-variable]
  113 |         int16_t Gyro_Now = 0, Gyro = 0, Gyro_Offset = 0;
      |                               ^~~~
../Core/Src/main.c:113:17: warning: unused variable 'Gyro_Now' [-Wunused-variable]
  113 |         int16_t Gyro_Now = 0, Gyro = 0, Gyro_Offset = 0;
      |                 ^~~~~~~~
../Core/Src/main.c:105:21: warning: variable 'dmpReady' set but not used [-Wunused-but-set-variable]
  105 |         static bool dmpReady = false;
      |                     ^~~~~~~~
arm-none-eabi-gcc -o "gyrotry.elf" @"objects.list"   -mcpu=cortex-m4 -T"C:\Users\mizun\Documents\GitHub\2024_Oidengiken\cubeIDE\gyro\gyrotry\STM32F303K8TX_FLASH.ld" --specs=nosys.specs -Wl,-Map="gyrotry.map" -Wl,--gc-sections -static --specs=nano.specs -mfpu=fpv4-sp-d16 -mfloat-abi=hard -mthumb -Wl,--start-group -lc -lm -Wl,--end-group
Finished building target: gyrotry.elf
 
arm-none-eabi-size  gyrotry.elf 
arm-none-eabi-objdump -h -S gyrotry.elf  > "gyrotry.list"
   text	   data	    bss	    dec	    hex	filename
  19508	    104	   2296	  21908	   5594	gyrotry.elf
Finished building: default.size.stdout
 
Finished building: gyrotry.list
 
20:54:47 **** Incremental Build of configuration Debug for project gyro_nolibrary2 ****
make -j16 all 
arm-none-eabi-gcc "../Core/Src/main.c" -mcpu=cortex-m4 -std=gnu11 -g3 -DDEBUG -DUSE_HAL_DRIVER -DSTM32F303x8 -c -I../Core/Inc -I../Drivers/STM32F3xx_HAL_Driver/Inc -I../Drivers/STM32F3xx_HAL_Driver/Inc/Legacy -I../Drivers/CMSIS/Device/ST/STM32F3xx/Include -I../Drivers/CMSIS/Include -O0 -ffunction-sections -fdata-sections -Wall -fstack-usage -fcyclomatic-complexity -MMD -MP -MF"Core/Src/main.d" -MT"Core/Src/main.o" --specs=nano.specs -mfpu=fpv4-sp-d16 -mfloat-abi=hard -mthumb -o "Core/Src/main.o"
../Core/Src/main.c: In function 'main':
../Core/Src/main.c:107:25: warning: implicit declaration of function 'snprintf' [-Wimplicit-function-declaration]
  107 |                         snprintf(msg, sizeof(msg), "0x%02X\r\n", i);
      |                         ^~~~~~~~
../Core/Src/main.c:21:1: note: include '<stdio.h>' or provide a declaration of 'snprintf'
   20 | #include "main.h"
  +++ |+#include <stdio.h>
   21 | 
../Core/Src/main.c:107:25: warning: incompatible implicit declaration of built-in function 'snprintf' [-Wbuiltin-declaration-mismatch]
  107 |                         snprintf(msg, sizeof(msg), "0x%02X\r\n", i);
      |                         ^~~~~~~~
../Core/Src/main.c:107:25: note: include '<stdio.h>' or provide a declaration of 'snprintf'
../Core/Src/main.c:108:68: warning: implicit declaration of function 'strlen' [-Wimplicit-function-declaration]
  108 |                         HAL_UART_Transmit(&huart2, (uint8_t*) msg, strlen(msg),
      |                                                                    ^~~~~~
../Core/Src/main.c:21:1: note: include '<string.h>' or provide a declaration of 'strlen'
   20 | #include "main.h"
  +++ |+#include <string.h>
   21 | 
../Core/Src/main.c:108:68: warning: incompatible implicit declaration of built-in function 'strlen' [-Wbuiltin-declaration-mismatch]
  108 |                         HAL_UART_Transmit(&huart2, (uint8_t*) msg, strlen(msg),
      |                                                                    ^~~~~~
../Core/Src/main.c:108:68: note: include '<string.h>' or provide a declaration of 'strlen'
../Core/Src/main.c:113:27: error: redeclaration of 'res' with no linkage
  113 |         HAL_StatusTypeDef res;
      |                           ^~~
../Core/Src/main.c:102:27: note: previous declaration of 'res' with type 'HAL_StatusTypeDef'
  102 |         HAL_StatusTypeDef res;
      |                           ^~~
../Core/Src/main.c:115:62: warning: passing argument 5 of 'HAL_I2C_Mem_Read' makes pointer from integer without a cast [-Wint-conversion]
  115 |                 res = HAL_I2C_Mem_Read(&hi2c1, i, number, 8, buff, 1, 1000);
      |                                                              ^~~~
      |                                                              |
      |                                                              uint8_t {aka unsigned char}
In file included from ../Core/Inc/stm32f3xx_hal_conf.h:271,
                 from ../Drivers/STM32F3xx_HAL_Driver/Inc/stm32f3xx_hal.h:29,
                 from ../Core/Inc/main.h:30,
                 from ../Core/Src/main.c:20:
../Drivers/STM32F3xx_HAL_Driver/Inc/stm32f3xx_hal_i2c.h:637:66: note: expected 'uint8_t *' {aka 'unsigned char *'} but argument is of type 'uint8_t' {aka 'unsigned char'}
  637 |                                    uint16_t MemAddSize, uint8_t *pData, uint16_t Size, uint32_t Timeout);
      |                                                         ~~~~~~~~~^~~~~
../Core/Src/main.c:118:25: warning: incompatible implicit declaration of built-in function 'snprintf' [-Wbuiltin-declaration-mismatch]
  118 |                         snprintf(msg, sizeof(msg), "0x%02X\r\n", i);
      |                         ^~~~~~~~
../Core/Src/main.c:118:25: note: include '<stdio.h>' or provide a declaration of 'snprintf'
../Core/Src/main.c:119:68: warning: incompatible implicit declaration of built-in function 'strlen' [-Wbuiltin-declaration-mismatch]
  119 |                         HAL_UART_Transmit(&huart2, (uint8_t*) msg, strlen(msg),
      |                                                                    ^~~~~~
../Core/Src/main.c:119:68: note: include '<string.h>' or provide a declaration of 'strlen'
../Core/Src/main.c:97:14: warning: unused variable 'str' [-Wunused-variable]
   97 |         char str[100];
      |              ^~~
make: *** [Core/Src/subdir.mk:34: Core/Src/main.o] Error 1
"make -j16 all" terminated with exit code 2. Build might be incomplete.
20:54:58 **** Incremental Build of configuration Debug for project gyro_nolibrary2 ****
make -j16 all 
arm-none-eabi-gcc "../Core/Src/main.c" -mcpu=cortex-m4 -std=gnu11 -g3 -DDEBUG -DUSE_HAL_DRIVER -DSTM32F303x8 -c -I../Core/Inc -I../Drivers/STM32F3xx_HAL_Driver/Inc -I../Drivers/STM32F3xx_HAL_Driver/Inc/Legacy -I../Drivers/CMSIS/Device/ST/STM32F3xx/Include -I../Drivers/CMSIS/Include -O0 -ffunction-sections -fdata-sections -Wall -fstack-usage -fcyclomatic-complexity -MMD -MP -MF"Core/Src/main.d" -MT"Core/Src/main.o" --specs=nano.specs -mfpu=fpv4-sp-d16 -mfloat-abi=hard -mthumb -o "Core/Src/main.o"
../Core/Src/main.c: In function 'main':
../Core/Src/main.c:107:25: warning: implicit declaration of function 'snprintf' [-Wimplicit-function-declaration]
  107 |                         snprintf(msg, sizeof(msg), "0x%02X\r\n", i);
      |                         ^~~~~~~~
../Core/Src/main.c:21:1: note: include '<stdio.h>' or provide a declaration of 'snprintf'
   20 | #include "main.h"
  +++ |+#include <stdio.h>
   21 | 
../Core/Src/main.c:107:25: warning: incompatible implicit declaration of built-in function 'snprintf' [-Wbuiltin-declaration-mismatch]
  107 |                         snprintf(msg, sizeof(msg), "0x%02X\r\n", i);
      |                         ^~~~~~~~
../Core/Src/main.c:107:25: note: include '<stdio.h>' or provide a declaration of 'snprintf'
../Core/Src/main.c:108:68: warning: implicit declaration of function 'strlen' [-Wimplicit-function-declaration]
  108 |                         HAL_UART_Transmit(&huart2, (uint8_t*) msg, strlen(msg),
      |                                                                    ^~~~~~
../Core/Src/main.c:21:1: note: include '<string.h>' or provide a declaration of 'strlen'
   20 | #include "main.h"
  +++ |+#include <string.h>
   21 | 
../Core/Src/main.c:108:68: warning: incompatible implicit declaration of built-in function 'strlen' [-Wbuiltin-declaration-mismatch]
  108 |                         HAL_UART_Transmit(&huart2, (uint8_t*) msg, strlen(msg),
      |                                                                    ^~~~~~
../Core/Src/main.c:108:68: note: include '<string.h>' or provide a declaration of 'strlen'
../Core/Src/main.c:115:62: warning: passing argument 5 of 'HAL_I2C_Mem_Read' makes pointer from integer without a cast [-Wint-conversion]
  115 |                 res = HAL_I2C_Mem_Read(&hi2c1, i, number, 8, buff, 1, 1000);
      |                                                              ^~~~
      |                                                              |
      |                                                              uint8_t {aka unsigned char}
In file included from ../Core/Inc/stm32f3xx_hal_conf.h:271,
                 from ../Drivers/STM32F3xx_HAL_Driver/Inc/stm32f3xx_hal.h:29,
                 from ../Core/Inc/main.h:30,
                 from ../Core/Src/main.c:20:
../Drivers/STM32F3xx_HAL_Driver/Inc/stm32f3xx_hal_i2c.h:637:66: note: expected 'uint8_t *' {aka 'unsigned char *'} but argument is of type 'uint8_t' {aka 'unsigned char'}
  637 |                                    uint16_t MemAddSize, uint8_t *pData, uint16_t Size, uint32_t Timeout);
      |                                                         ~~~~~~~~~^~~~~
../Core/Src/main.c:118:25: warning: incompatible implicit declaration of built-in function 'snprintf' [-Wbuiltin-declaration-mismatch]
  118 |                         snprintf(msg, sizeof(msg), "0x%02X\r\n", i);
      |                         ^~~~~~~~
../Core/Src/main.c:118:25: note: include '<stdio.h>' or provide a declaration of 'snprintf'
../Core/Src/main.c:119:68: warning: incompatible implicit declaration of built-in function 'strlen' [-Wbuiltin-declaration-mismatch]
  119 |                         HAL_UART_Transmit(&huart2, (uint8_t*) msg, strlen(msg),
      |                                                                    ^~~~~~
../Core/Src/main.c:119:68: note: include '<string.h>' or provide a declaration of 'strlen'
../Core/Src/main.c:97:14: warning: unused variable 'str' [-Wunused-variable]
   97 |         char str[100];
      |              ^~~
../Core/Src/main.c:115:23: warning: 'buff' may be used uninitialized [-Wmaybe-uninitialized]
  115 |                 res = HAL_I2C_Mem_Read(&hi2c1, i, number, 8, buff, 1, 1000);
      |                       ^~~~~~~~~~~~~~~~~~~~~~~~~~~~~~~~~~~~~~~~~~~~~~~~~~~~~
arm-none-eabi-gcc -o "gyro_nolibrary2.elf" @"objects.list"   -mcpu=cortex-m4 -T"C:\Users\mizun\Documents\GitHub\2024_Oidengiken\cubeIDE\gyro\gyro_nolibrary2\STM32F303K8TX_FLASH.ld" --specs=nosys.specs -Wl,-Map="gyro_nolibrary2.map" -Wl,--gc-sections -static --specs=nano.specs -mfpu=fpv4-sp-d16 -mfloat-abi=hard -mthumb -Wl,--start-group -lc -lm -Wl,--end-group
Finished building target: gyro_nolibrary2.elf
 
arm-none-eabi-size  gyro_nolibrary2.elf 
arm-none-eabi-objdump -h -S gyro_nolibrary2.elf  > "gyro_nolibrary2.list"
   text	   data	    bss	    dec	    hex	filename
  20084	    100	   2124	  22308	   5724	gyro_nolibrary2.elf
Finished building: default.size.stdout
 
Finished building: gyro_nolibrary2.list
 
20:56:52 **** Incremental Build of configuration Debug for project gyro_nolibrary2 ****
make -j16 all 
arm-none-eabi-gcc "../Core/Src/main.c" -mcpu=cortex-m4 -std=gnu11 -g3 -DDEBUG -DUSE_HAL_DRIVER -DSTM32F303x8 -c -I../Core/Inc -I../Drivers/STM32F3xx_HAL_Driver/Inc -I../Drivers/STM32F3xx_HAL_Driver/Inc/Legacy -I../Drivers/CMSIS/Device/ST/STM32F3xx/Include -I../Drivers/CMSIS/Include -O0 -ffunction-sections -fdata-sections -Wall -fstack-usage -fcyclomatic-complexity -MMD -MP -MF"Core/Src/main.d" -MT"Core/Src/main.o" --specs=nano.specs -mfpu=fpv4-sp-d16 -mfloat-abi=hard -mthumb -o "Core/Src/main.o"
../Core/Src/main.c: In function 'main':
../Core/Src/main.c:107:25: warning: implicit declaration of function 'snprintf' [-Wimplicit-function-declaration]
  107 |                         snprintf(msg, sizeof(msg), "0x%02X\r\n", i);
      |                         ^~~~~~~~
../Core/Src/main.c:21:1: note: include '<stdio.h>' or provide a declaration of 'snprintf'
   20 | #include "main.h"
  +++ |+#include <stdio.h>
   21 | 
../Core/Src/main.c:107:25: warning: incompatible implicit declaration of built-in function 'snprintf' [-Wbuiltin-declaration-mismatch]
  107 |                         snprintf(msg, sizeof(msg), "0x%02X\r\n", i);
      |                         ^~~~~~~~
../Core/Src/main.c:107:25: note: include '<stdio.h>' or provide a declaration of 'snprintf'
../Core/Src/main.c:108:68: warning: implicit declaration of function 'strlen' [-Wimplicit-function-declaration]
  108 |                         HAL_UART_Transmit(&huart2, (uint8_t*) msg, strlen(msg),
      |                                                                    ^~~~~~
../Core/Src/main.c:21:1: note: include '<string.h>' or provide a declaration of 'strlen'
   20 | #include "main.h"
  +++ |+#include <string.h>
   21 | 
../Core/Src/main.c:108:68: warning: incompatible implicit declaration of built-in function 'strlen' [-Wbuiltin-declaration-mismatch]
  108 |                         HAL_UART_Transmit(&huart2, (uint8_t*) msg, strlen(msg),
      |                                                                    ^~~~~~
../Core/Src/main.c:108:68: note: include '<string.h>' or provide a declaration of 'strlen'
../Core/Src/main.c:116:62: warning: passing argument 5 of 'HAL_I2C_Mem_Read' makes pointer from integer without a cast [-Wint-conversion]
  116 |                 res = HAL_I2C_Mem_Read(&hi2c1, i, number, 8, buff, 1, 1000);
      |                                                              ^~~~
      |                                                              |
      |                                                              uint8_t {aka unsigned char}
In file included from ../Core/Inc/stm32f3xx_hal_conf.h:271,
                 from ../Drivers/STM32F3xx_HAL_Driver/Inc/stm32f3xx_hal.h:29,
                 from ../Core/Inc/main.h:30,
                 from ../Core/Src/main.c:20:
../Drivers/STM32F3xx_HAL_Driver/Inc/stm32f3xx_hal_i2c.h:637:66: note: expected 'uint8_t *' {aka 'unsigned char *'} but argument is of type 'uint8_t' {aka 'unsigned char'}
  637 |                                    uint16_t MemAddSize, uint8_t *pData, uint16_t Size, uint32_t Timeout);
      |                                                         ~~~~~~~~~^~~~~
../Core/Src/main.c:119:25: warning: incompatible implicit declaration of built-in function 'snprintf' [-Wbuiltin-declaration-mismatch]
  119 |                         snprintf(msg, sizeof(msg), "0x%02X\r\n", i);
      |                         ^~~~~~~~
../Core/Src/main.c:119:25: note: include '<stdio.h>' or provide a declaration of 'snprintf'
../Core/Src/main.c:120:68: warning: incompatible implicit declaration of built-in function 'strlen' [-Wbuiltin-declaration-mismatch]
  120 |                         HAL_UART_Transmit(&huart2, (uint8_t*) msg, strlen(msg),
      |                                                                    ^~~~~~
../Core/Src/main.c:120:68: note: include '<string.h>' or provide a declaration of 'strlen'
../Core/Src/main.c:97:14: warning: unused variable 'str' [-Wunused-variable]
   97 |         char str[100];
      |              ^~~
../Core/Src/main.c:116:23: warning: 'buff' may be used uninitialized [-Wmaybe-uninitialized]
  116 |                 res = HAL_I2C_Mem_Read(&hi2c1, i, number, 8, buff, 1, 1000);
      |                       ^~~~~~~~~~~~~~~~~~~~~~~~~~~~~~~~~~~~~~~~~~~~~~~~~~~~~
arm-none-eabi-gcc -o "gyro_nolibrary2.elf" @"objects.list"   -mcpu=cortex-m4 -T"C:\Users\mizun\Documents\GitHub\2024_Oidengiken\cubeIDE\gyro\gyro_nolibrary2\STM32F303K8TX_FLASH.ld" --specs=nosys.specs -Wl,-Map="gyro_nolibrary2.map" -Wl,--gc-sections -static --specs=nano.specs -mfpu=fpv4-sp-d16 -mfloat-abi=hard -mthumb -Wl,--start-group -lc -lm -Wl,--end-group
Finished building target: gyro_nolibrary2.elf
 
arm-none-eabi-size  gyro_nolibrary2.elf 
arm-none-eabi-objdump -h -S gyro_nolibrary2.elf  > "gyro_nolibrary2.list"
   text	   data	    bss	    dec	    hex	filename
  20116	    100	   2124	  22340	   5744	gyro_nolibrary2.elf
Finished building: default.size.stdout
 
Finished building: gyro_nolibrary2.list
 
20:57:20 **** Incremental Build of configuration Debug for project gyro_nolibrary2 ****
make -j16 all 
arm-none-eabi-gcc "../Core/Src/main.c" -mcpu=cortex-m4 -std=gnu11 -g3 -DDEBUG -DUSE_HAL_DRIVER -DSTM32F303x8 -c -I../Core/Inc -I../Drivers/STM32F3xx_HAL_Driver/Inc -I../Drivers/STM32F3xx_HAL_Driver/Inc/Legacy -I../Drivers/CMSIS/Device/ST/STM32F3xx/Include -I../Drivers/CMSIS/Include -O0 -ffunction-sections -fdata-sections -Wall -fstack-usage -fcyclomatic-complexity -MMD -MP -MF"Core/Src/main.d" -MT"Core/Src/main.o" --specs=nano.specs -mfpu=fpv4-sp-d16 -mfloat-abi=hard -mthumb -o "Core/Src/main.o"
../Core/Src/main.c: In function 'main':
../Core/Src/main.c:107:25: warning: implicit declaration of function 'snprintf' [-Wimplicit-function-declaration]
  107 |                         snprintf(msg, sizeof(msg), "0x%02X\r\n", i);
      |                         ^~~~~~~~
../Core/Src/main.c:21:1: note: include '<stdio.h>' or provide a declaration of 'snprintf'
   20 | #include "main.h"
  +++ |+#include <stdio.h>
   21 | 
../Core/Src/main.c:107:25: warning: incompatible implicit declaration of built-in function 'snprintf' [-Wbuiltin-declaration-mismatch]
  107 |                         snprintf(msg, sizeof(msg), "0x%02X\r\n", i);
      |                         ^~~~~~~~
../Core/Src/main.c:107:25: note: include '<stdio.h>' or provide a declaration of 'snprintf'
../Core/Src/main.c:108:68: warning: implicit declaration of function 'strlen' [-Wimplicit-function-declaration]
  108 |                         HAL_UART_Transmit(&huart2, (uint8_t*) msg, strlen(msg),
      |                                                                    ^~~~~~
../Core/Src/main.c:21:1: note: include '<string.h>' or provide a declaration of 'strlen'
   20 | #include "main.h"
  +++ |+#include <string.h>
   21 | 
../Core/Src/main.c:108:68: warning: incompatible implicit declaration of built-in function 'strlen' [-Wbuiltin-declaration-mismatch]
  108 |                         HAL_UART_Transmit(&huart2, (uint8_t*) msg, strlen(msg),
      |                                                                    ^~~~~~
../Core/Src/main.c:108:68: note: include '<string.h>' or provide a declaration of 'strlen'
../Core/Src/main.c:116:62: warning: passing argument 5 of 'HAL_I2C_Mem_Read' makes pointer from integer without a cast [-Wint-conversion]
  116 |                 res = HAL_I2C_Mem_Read(&hi2c1, number, i, 8, buff, 1, 1000);
      |                                                              ^~~~
      |                                                              |
      |                                                              uint8_t {aka unsigned char}
In file included from ../Core/Inc/stm32f3xx_hal_conf.h:271,
                 from ../Drivers/STM32F3xx_HAL_Driver/Inc/stm32f3xx_hal.h:29,
                 from ../Core/Inc/main.h:30,
                 from ../Core/Src/main.c:20:
../Drivers/STM32F3xx_HAL_Driver/Inc/stm32f3xx_hal_i2c.h:637:66: note: expected 'uint8_t *' {aka 'unsigned char *'} but argument is of type 'uint8_t' {aka 'unsigned char'}
  637 |                                    uint16_t MemAddSize, uint8_t *pData, uint16_t Size, uint32_t Timeout);
      |                                                         ~~~~~~~~~^~~~~
../Core/Src/main.c:119:25: warning: incompatible implicit declaration of built-in function 'snprintf' [-Wbuiltin-declaration-mismatch]
  119 |                         snprintf(msg, sizeof(msg), "0x%02X\r\n", i);
      |                         ^~~~~~~~
../Core/Src/main.c:119:25: note: include '<stdio.h>' or provide a declaration of 'snprintf'
../Core/Src/main.c:120:68: warning: incompatible implicit declaration of built-in function 'strlen' [-Wbuiltin-declaration-mismatch]
  120 |                         HAL_UART_Transmit(&huart2, (uint8_t*) msg, strlen(msg),
      |                                                                    ^~~~~~
../Core/Src/main.c:120:68: note: include '<string.h>' or provide a declaration of 'strlen'
../Core/Src/main.c:97:14: warning: unused variable 'str' [-Wunused-variable]
   97 |         char str[100];
      |              ^~~
../Core/Src/main.c:116:23: warning: 'buff' may be used uninitialized [-Wmaybe-uninitialized]
  116 |                 res = HAL_I2C_Mem_Read(&hi2c1, number, i, 8, buff, 1, 1000);
      |                       ^~~~~~~~~~~~~~~~~~~~~~~~~~~~~~~~~~~~~~~~~~~~~~~~~~~~~
arm-none-eabi-gcc -o "gyro_nolibrary2.elf" @"objects.list"   -mcpu=cortex-m4 -T"C:\Users\mizun\Documents\GitHub\2024_Oidengiken\cubeIDE\gyro\gyro_nolibrary2\STM32F303K8TX_FLASH.ld" --specs=nosys.specs -Wl,-Map="gyro_nolibrary2.map" -Wl,--gc-sections -static --specs=nano.specs -mfpu=fpv4-sp-d16 -mfloat-abi=hard -mthumb -Wl,--start-group -lc -lm -Wl,--end-group
Finished building target: gyro_nolibrary2.elf
 
arm-none-eabi-size  gyro_nolibrary2.elf 
arm-none-eabi-objdump -h -S gyro_nolibrary2.elf  > "gyro_nolibrary2.list"
   text	   data	    bss	    dec	    hex	filename
  20116	    100	   2124	  22340	   5744	gyro_nolibrary2.elf
Finished building: default.size.stdout
 
Finished building: gyro_nolibrary2.list
 
21:02:29 **** Incremental Build of configuration Debug for project gyro_nolibrary2 ****
make -j16 all 
arm-none-eabi-gcc "../Core/Src/main.c" -mcpu=cortex-m4 -std=gnu11 -g3 -DDEBUG -DUSE_HAL_DRIVER -DSTM32F303x8 -c -I../Core/Inc -I../Drivers/STM32F3xx_HAL_Driver/Inc -I../Drivers/STM32F3xx_HAL_Driver/Inc/Legacy -I../Drivers/CMSIS/Device/ST/STM32F3xx/Include -I../Drivers/CMSIS/Include -O0 -ffunction-sections -fdata-sections -Wall -fstack-usage -fcyclomatic-complexity -MMD -MP -MF"Core/Src/main.d" -MT"Core/Src/main.o" --specs=nano.specs -mfpu=fpv4-sp-d16 -mfloat-abi=hard -mthumb -o "Core/Src/main.o"
../Core/Src/main.c: In function 'main':
../Core/Src/main.c:107:25: warning: implicit declaration of function 'snprintf' [-Wimplicit-function-declaration]
  107 |                         snprintf(msg, sizeof(msg), "0x%02X\r\n", i);
      |                         ^~~~~~~~
../Core/Src/main.c:21:1: note: include '<stdio.h>' or provide a declaration of 'snprintf'
   20 | #include "main.h"
  +++ |+#include <stdio.h>
   21 | 
../Core/Src/main.c:107:25: warning: incompatible implicit declaration of built-in function 'snprintf' [-Wbuiltin-declaration-mismatch]
  107 |                         snprintf(msg, sizeof(msg), "0x%02X\r\n", i);
      |                         ^~~~~~~~
../Core/Src/main.c:107:25: note: include '<stdio.h>' or provide a declaration of 'snprintf'
../Core/Src/main.c:108:68: warning: implicit declaration of function 'strlen' [-Wimplicit-function-declaration]
  108 |                         HAL_UART_Transmit(&huart2, (uint8_t*) msg, strlen(msg),
      |                                                                    ^~~~~~
../Core/Src/main.c:21:1: note: include '<string.h>' or provide a declaration of 'strlen'
   20 | #include "main.h"
  +++ |+#include <string.h>
   21 | 
../Core/Src/main.c:108:68: warning: incompatible implicit declaration of built-in function 'strlen' [-Wbuiltin-declaration-mismatch]
  108 |                         HAL_UART_Transmit(&huart2, (uint8_t*) msg, strlen(msg),
      |                                                                    ^~~~~~
../Core/Src/main.c:108:68: note: include '<string.h>' or provide a declaration of 'strlen'
../Core/Src/main.c:115:65: warning: passing argument 5 of 'HAL_I2C_Mem_Read' makes pointer from integer without a cast [-Wint-conversion]
  115 |                 res = HAL_I2C_Mem_Read(&hi2c1, number, 0x6B, 8, buff, 1, 1000);
      |                                                                 ^~~~
      |                                                                 |
      |                                                                 uint8_t {aka unsigned char}
In file included from ../Core/Inc/stm32f3xx_hal_conf.h:271,
                 from ../Drivers/STM32F3xx_HAL_Driver/Inc/stm32f3xx_hal.h:29,
                 from ../Core/Inc/main.h:30,
                 from ../Core/Src/main.c:20:
../Drivers/STM32F3xx_HAL_Driver/Inc/stm32f3xx_hal_i2c.h:637:66: note: expected 'uint8_t *' {aka 'unsigned char *'} but argument is of type 'uint8_t' {aka 'unsigned char'}
  637 |                                    uint16_t MemAddSize, uint8_t *pData, uint16_t Size, uint32_t Timeout);
      |                                                         ~~~~~~~~~^~~~~
../Core/Src/main.c:118:25: warning: incompatible implicit declaration of built-in function 'snprintf' [-Wbuiltin-declaration-mismatch]
  118 |                         snprintf(msg, sizeof(msg), "0x%02X\r\n", i);
      |                         ^~~~~~~~
../Core/Src/main.c:118:25: note: include '<stdio.h>' or provide a declaration of 'snprintf'
../Core/Src/main.c:118:66: error: 'i' undeclared (first use in this function)
  118 |                         snprintf(msg, sizeof(msg), "0x%02X\r\n", i);
      |                                                                  ^
../Core/Src/main.c:118:66: note: each undeclared identifier is reported only once for each function it appears in
../Core/Src/main.c:119:68: warning: incompatible implicit declaration of built-in function 'strlen' [-Wbuiltin-declaration-mismatch]
  119 |                         HAL_UART_Transmit(&huart2, (uint8_t*) msg, strlen(msg),
      |                                                                    ^~~~~~
../Core/Src/main.c:119:68: note: include '<string.h>' or provide a declaration of 'strlen'
../Core/Src/main.c:97:14: warning: unused variable 'str' [-Wunused-variable]
   97 |         char str[100];
      |              ^~~
make: *** [Core/Src/subdir.mk:34: Core/Src/main.o] Error 1
"make -j16 all" terminated with exit code 2. Build might be incomplete.
21:03:22 **** Incremental Build of configuration Debug for project gyro_nolibrary2 ****
make -j16 all 
arm-none-eabi-gcc "../Core/Src/main.c" -mcpu=cortex-m4 -std=gnu11 -g3 -DDEBUG -DUSE_HAL_DRIVER -DSTM32F303x8 -c -I../Core/Inc -I../Drivers/STM32F3xx_HAL_Driver/Inc -I../Drivers/STM32F3xx_HAL_Driver/Inc/Legacy -I../Drivers/CMSIS/Device/ST/STM32F3xx/Include -I../Drivers/CMSIS/Include -O0 -ffunction-sections -fdata-sections -Wall -fstack-usage -fcyclomatic-complexity -MMD -MP -MF"Core/Src/main.d" -MT"Core/Src/main.o" --specs=nano.specs -mfpu=fpv4-sp-d16 -mfloat-abi=hard -mthumb -o "Core/Src/main.o"
../Core/Src/main.c: In function 'main':
../Core/Src/main.c:107:25: warning: implicit declaration of function 'snprintf' [-Wimplicit-function-declaration]
  107 |                         snprintf(msg, sizeof(msg), "0x%02X\r\n", i);
      |                         ^~~~~~~~
../Core/Src/main.c:21:1: note: include '<stdio.h>' or provide a declaration of 'snprintf'
   20 | #include "main.h"
  +++ |+#include <stdio.h>
   21 | 
../Core/Src/main.c:107:25: warning: incompatible implicit declaration of built-in function 'snprintf' [-Wbuiltin-declaration-mismatch]
  107 |                         snprintf(msg, sizeof(msg), "0x%02X\r\n", i);
      |                         ^~~~~~~~
../Core/Src/main.c:107:25: note: include '<stdio.h>' or provide a declaration of 'snprintf'
../Core/Src/main.c:108:68: warning: implicit declaration of function 'strlen' [-Wimplicit-function-declaration]
  108 |                         HAL_UART_Transmit(&huart2, (uint8_t*) msg, strlen(msg),
      |                                                                    ^~~~~~
../Core/Src/main.c:21:1: note: include '<string.h>' or provide a declaration of 'strlen'
   20 | #include "main.h"
  +++ |+#include <string.h>
   21 | 
../Core/Src/main.c:108:68: warning: incompatible implicit declaration of built-in function 'strlen' [-Wbuiltin-declaration-mismatch]
  108 |                         HAL_UART_Transmit(&huart2, (uint8_t*) msg, strlen(msg),
      |                                                                    ^~~~~~
../Core/Src/main.c:108:68: note: include '<string.h>' or provide a declaration of 'strlen'
../Core/Src/main.c:115:65: warning: passing argument 5 of 'HAL_I2C_Mem_Read' makes pointer from integer without a cast [-Wint-conversion]
  115 |                 res = HAL_I2C_Mem_Read(&hi2c1, number, 0x6B, 8, buff, 1, 1000);
      |                                                                 ^~~~
      |                                                                 |
      |                                                                 uint8_t {aka unsigned char}
In file included from ../Core/Inc/stm32f3xx_hal_conf.h:271,
                 from ../Drivers/STM32F3xx_HAL_Driver/Inc/stm32f3xx_hal.h:29,
                 from ../Core/Inc/main.h:30,
                 from ../Core/Src/main.c:20:
../Drivers/STM32F3xx_HAL_Driver/Inc/stm32f3xx_hal_i2c.h:637:66: note: expected 'uint8_t *' {aka 'unsigned char *'} but argument is of type 'uint8_t' {aka 'unsigned char'}
  637 |                                    uint16_t MemAddSize, uint8_t *pData, uint16_t Size, uint32_t Timeout);
      |                                                         ~~~~~~~~~^~~~~
../Core/Src/main.c:97:14: warning: unused variable 'str' [-Wunused-variable]
   97 |         char str[100];
      |              ^~~
../Core/Src/main.c:115:23: warning: 'buff' is used uninitialized [-Wuninitialized]
  115 |                 res = HAL_I2C_Mem_Read(&hi2c1, number, 0x6B, 8, buff, 1, 1000);
      |                       ^~~~~~~~~~~~~~~~~~~~~~~~~~~~~~~~~~~~~~~~~~~~~~~~~~~~~~~~
arm-none-eabi-gcc -o "gyro_nolibrary2.elf" @"objects.list"   -mcpu=cortex-m4 -T"C:\Users\mizun\Documents\GitHub\2024_Oidengiken\cubeIDE\gyro\gyro_nolibrary2\STM32F303K8TX_FLASH.ld" --specs=nosys.specs -Wl,-Map="gyro_nolibrary2.map" -Wl,--gc-sections -static --specs=nano.specs -mfpu=fpv4-sp-d16 -mfloat-abi=hard -mthumb -Wl,--start-group -lc -lm -Wl,--end-group
Finished building target: gyro_nolibrary2.elf
 
arm-none-eabi-size  gyro_nolibrary2.elf 
arm-none-eabi-objdump -h -S gyro_nolibrary2.elf  > "gyro_nolibrary2.list"
   text	   data	    bss	    dec	    hex	filename
  20072	    100	   2124	  22296	   5718	gyro_nolibrary2.elf
Finished building: default.size.stdout
 
Finished building: gyro_nolibrary2.list
 
21:04:09 **** Incremental Build of configuration Debug for project gyro_nolibrary2 ****
make -j16 all 
arm-none-eabi-gcc "../Core/Src/main.c" -mcpu=cortex-m4 -std=gnu11 -g3 -DDEBUG -DUSE_HAL_DRIVER -DSTM32F303x8 -c -I../Core/Inc -I../Drivers/STM32F3xx_HAL_Driver/Inc -I../Drivers/STM32F3xx_HAL_Driver/Inc/Legacy -I../Drivers/CMSIS/Device/ST/STM32F3xx/Include -I../Drivers/CMSIS/Include -O0 -ffunction-sections -fdata-sections -Wall -fstack-usage -fcyclomatic-complexity -MMD -MP -MF"Core/Src/main.d" -MT"Core/Src/main.o" --specs=nano.specs -mfpu=fpv4-sp-d16 -mfloat-abi=hard -mthumb -o "Core/Src/main.o"
../Core/Src/main.c: In function 'main':
../Core/Src/main.c:125:25: error: 'intbuff' undeclared (first use in this function); did you mean 'buff'?
  125 |                         intbuff = (int) buff;
      |                         ^~~~~~~
      |                         buff
../Core/Src/main.c:125:25: note: each undeclared identifier is reported only once for each function it appears in
../Core/Src/main.c:126:25: warning: implicit declaration of function 'sprintf' [-Wimplicit-function-declaration]
  126 |                         sprintf(str, "%d\n", intbuff);
      |                         ^~~~~~~
../Core/Src/main.c:21:1: note: include '<stdio.h>' or provide a declaration of 'sprintf'
   20 | #include "main.h"
  +++ |+#include <stdio.h>
   21 | 
../Core/Src/main.c:126:25: warning: incompatible implicit declaration of built-in function 'sprintf' [-Wbuiltin-declaration-mismatch]
  126 |                         sprintf(str, "%d\n", intbuff);
      |                         ^~~~~~~
../Core/Src/main.c:126:25: note: include '<stdio.h>' or provide a declaration of 'sprintf'
../Core/Src/main.c:127:58: warning: implicit declaration of function 'strlen' [-Wimplicit-function-declaration]
  127 |                         HAL_UART_Transmit(&huart2, &str, strlen(str), 1000);
      |                                                          ^~~~~~
../Core/Src/main.c:21:1: note: include '<string.h>' or provide a declaration of 'strlen'
   20 | #include "main.h"
  +++ |+#include <string.h>
   21 | 
../Core/Src/main.c:127:58: warning: incompatible implicit declaration of built-in function 'strlen' [-Wbuiltin-declaration-mismatch]
  127 |                         HAL_UART_Transmit(&huart2, &str, strlen(str), 1000);
      |                                                          ^~~~~~
../Core/Src/main.c:127:58: note: include '<string.h>' or provide a declaration of 'strlen'
../Core/Src/main.c:127:52: warning: passing argument 2 of 'HAL_UART_Transmit' from incompatible pointer type [-Wincompatible-pointer-types]
  127 |                         HAL_UART_Transmit(&huart2, &str, strlen(str), 1000);
      |                                                    ^~~~
      |                                                    |
      |                                                    char (*)[100]
In file included from ../Core/Inc/stm32f3xx_hal_conf.h:327,
                 from ../Drivers/STM32F3xx_HAL_Driver/Inc/stm32f3xx_hal.h:29,
                 from ../Core/Inc/main.h:30,
                 from ../Core/Src/main.c:20:
../Drivers/STM32F3xx_HAL_Driver/Inc/stm32f3xx_hal_uart.h:1486:79: note: expected 'const uint8_t *' {aka 'const unsigned char *'} but argument is of type 'char (*)[100]'
 1486 | HAL_StatusTypeDef HAL_UART_Transmit(UART_HandleTypeDef *huart, const uint8_t *pData, uint16_t Size, uint32_t Timeout);
      |                                                                ~~~~~~~~~~~~~~~^~~~~
../Core/Src/main.c:129:52: warning: passing argument 2 of 'HAL_UART_Transmit' from incompatible pointer type [-Wincompatible-pointer-types]
  129 |                         HAL_UART_Transmit(&huart2, (uint16_t*) "error\n", 10, 1000);
      |                                                    ^~~~~~~~~~~~~~~~~~~~~
      |                                                    |
      |                                                    uint16_t * {aka short unsigned int *}
In file included from ../Core/Inc/stm32f3xx_hal_conf.h:327,
                 from ../Drivers/STM32F3xx_HAL_Driver/Inc/stm32f3xx_hal.h:29,
                 from ../Core/Inc/main.h:30,
                 from ../Core/Src/main.c:20:
../Drivers/STM32F3xx_HAL_Driver/Inc/stm32f3xx_hal_uart.h:1486:79: note: expected 'const uint8_t *' {aka 'const unsigned char *'} but argument is of type 'uint16_t *' {aka 'short unsigned int *'}
 1486 | HAL_StatusTypeDef HAL_UART_Transmit(UART_HandleTypeDef *huart, const uint8_t *pData, uint16_t Size, uint32_t Timeout);
      |                                                                ~~~~~~~~~~~~~~~^~~~~
../Core/Src/main.c:123:25: warning: unused variable 'data' [-Wunused-variable]
  123 |                 uint8_t data = 0x09;
      |                         ^~~~
../Core/Src/main.c:96:13: warning: unused variable 'number' [-Wunused-variable]
   96 |         int number;
      |             ^~~~~~
make: *** [Core/Src/subdir.mk:34: Core/Src/main.o] Error 1
"make -j16 all" terminated with exit code 2. Build might be incomplete.
21:04:21 **** Incremental Build of configuration Debug for project gyro_nolibrary2 ****
make -j16 all 
arm-none-eabi-gcc "../Core/Src/main.c" -mcpu=cortex-m4 -std=gnu11 -g3 -DDEBUG -DUSE_HAL_DRIVER -DSTM32F303x8 -c -I../Core/Inc -I../Drivers/STM32F3xx_HAL_Driver/Inc -I../Drivers/STM32F3xx_HAL_Driver/Inc/Legacy -I../Drivers/CMSIS/Device/ST/STM32F3xx/Include -I../Drivers/CMSIS/Include -O0 -ffunction-sections -fdata-sections -Wall -fstack-usage -fcyclomatic-complexity -MMD -MP -MF"Core/Src/main.d" -MT"Core/Src/main.o" --specs=nano.specs -mfpu=fpv4-sp-d16 -mfloat-abi=hard -mthumb -o "Core/Src/main.o"
../Core/Src/main.c: In function 'main':
../Core/Src/main.c:126:25: warning: implicit declaration of function 'sprintf' [-Wimplicit-function-declaration]
  126 |                         sprintf(str, "%d\n", intbuff);
      |                         ^~~~~~~
../Core/Src/main.c:21:1: note: include '<stdio.h>' or provide a declaration of 'sprintf'
   20 | #include "main.h"
  +++ |+#include <stdio.h>
   21 | 
../Core/Src/main.c:126:25: warning: incompatible implicit declaration of built-in function 'sprintf' [-Wbuiltin-declaration-mismatch]
  126 |                         sprintf(str, "%d\n", intbuff);
      |                         ^~~~~~~
../Core/Src/main.c:126:25: note: include '<stdio.h>' or provide a declaration of 'sprintf'
../Core/Src/main.c:127:58: warning: implicit declaration of function 'strlen' [-Wimplicit-function-declaration]
  127 |                         HAL_UART_Transmit(&huart2, &str, strlen(str), 1000);
      |                                                          ^~~~~~
../Core/Src/main.c:21:1: note: include '<string.h>' or provide a declaration of 'strlen'
   20 | #include "main.h"
  +++ |+#include <string.h>
   21 | 
../Core/Src/main.c:127:58: warning: incompatible implicit declaration of built-in function 'strlen' [-Wbuiltin-declaration-mismatch]
  127 |                         HAL_UART_Transmit(&huart2, &str, strlen(str), 1000);
      |                                                          ^~~~~~
../Core/Src/main.c:127:58: note: include '<string.h>' or provide a declaration of 'strlen'
../Core/Src/main.c:127:52: warning: passing argument 2 of 'HAL_UART_Transmit' from incompatible pointer type [-Wincompatible-pointer-types]
  127 |                         HAL_UART_Transmit(&huart2, &str, strlen(str), 1000);
      |                                                    ^~~~
      |                                                    |
      |                                                    char (*)[100]
In file included from ../Core/Inc/stm32f3xx_hal_conf.h:327,
                 from ../Drivers/STM32F3xx_HAL_Driver/Inc/stm32f3xx_hal.h:29,
                 from ../Core/Inc/main.h:30,
                 from ../Core/Src/main.c:20:
../Drivers/STM32F3xx_HAL_Driver/Inc/stm32f3xx_hal_uart.h:1486:79: note: expected 'const uint8_t *' {aka 'const unsigned char *'} but argument is of type 'char (*)[100]'
 1486 | HAL_StatusTypeDef HAL_UART_Transmit(UART_HandleTypeDef *huart, const uint8_t *pData, uint16_t Size, uint32_t Timeout);
      |                                                                ~~~~~~~~~~~~~~~^~~~~
../Core/Src/main.c:129:52: warning: passing argument 2 of 'HAL_UART_Transmit' from incompatible pointer type [-Wincompatible-pointer-types]
  129 |                         HAL_UART_Transmit(&huart2, (uint16_t*) "error\n", 10, 1000);
      |                                                    ^~~~~~~~~~~~~~~~~~~~~
      |                                                    |
      |                                                    uint16_t * {aka short unsigned int *}
In file included from ../Core/Inc/stm32f3xx_hal_conf.h:327,
                 from ../Drivers/STM32F3xx_HAL_Driver/Inc/stm32f3xx_hal.h:29,
                 from ../Core/Inc/main.h:30,
                 from ../Core/Src/main.c:20:
../Drivers/STM32F3xx_HAL_Driver/Inc/stm32f3xx_hal_uart.h:1486:79: note: expected 'const uint8_t *' {aka 'const unsigned char *'} but argument is of type 'uint16_t *' {aka 'short unsigned int *'}
 1486 | HAL_StatusTypeDef HAL_UART_Transmit(UART_HandleTypeDef *huart, const uint8_t *pData, uint16_t Size, uint32_t Timeout);
      |                                                                ~~~~~~~~~~~~~~~^~~~~
../Core/Src/main.c:123:25: warning: unused variable 'data' [-Wunused-variable]
  123 |                 uint8_t data = 0x09;
      |                         ^~~~
arm-none-eabi-gcc -o "gyro_nolibrary2.elf" @"objects.list"   -mcpu=cortex-m4 -T"C:\Users\mizun\Documents\GitHub\2024_Oidengiken\cubeIDE\gyro\gyro_nolibrary2\STM32F303K8TX_FLASH.ld" --specs=nosys.specs -Wl,-Map="gyro_nolibrary2.map" -Wl,--gc-sections -static --specs=nano.specs -mfpu=fpv4-sp-d16 -mfloat-abi=hard -mthumb -Wl,--start-group -lc -lm -Wl,--end-group
Finished building target: gyro_nolibrary2.elf
 
arm-none-eabi-size  gyro_nolibrary2.elf 
arm-none-eabi-objdump -h -S gyro_nolibrary2.elf  > "gyro_nolibrary2.list"
   text	   data	    bss	    dec	    hex	filename
  19400	    100	   2124	  21624	   5478	gyro_nolibrary2.elf
Finished building: default.size.stdout
 
Finished building: gyro_nolibrary2.list
 
21:04:57 **** Incremental Build of configuration Debug for project gyro_nolibrary2 ****
make -j16 all 
arm-none-eabi-gcc "../Core/Src/main.c" -mcpu=cortex-m4 -std=gnu11 -g3 -DDEBUG -DUSE_HAL_DRIVER -DSTM32F303x8 -c -I../Core/Inc -I../Drivers/STM32F3xx_HAL_Driver/Inc -I../Drivers/STM32F3xx_HAL_Driver/Inc/Legacy -I../Drivers/CMSIS/Device/ST/STM32F3xx/Include -I../Drivers/CMSIS/Include -O0 -ffunction-sections -fdata-sections -Wall -fstack-usage -fcyclomatic-complexity -MMD -MP -MF"Core/Src/main.d" -MT"Core/Src/main.o" --specs=nano.specs -mfpu=fpv4-sp-d16 -mfloat-abi=hard -mthumb -o "Core/Src/main.o"
../Core/Src/main.c: In function 'main':
../Core/Src/main.c:124:61: warning: passing argument 5 of 'HAL_I2C_Mem_Read' makes pointer from integer without a cast [-Wint-conversion]
  124 |                 if (HAL_I2C_Mem_Read(&hi2c1, 0x68, 0x6B, 8, buff, 1, 1000) == HAL_OK) {
      |                                                             ^~~~
      |                                                             |
      |                                                             uint8_t {aka unsigned char}
In file included from ../Core/Inc/stm32f3xx_hal_conf.h:271,
                 from ../Drivers/STM32F3xx_HAL_Driver/Inc/stm32f3xx_hal.h:29,
                 from ../Core/Inc/main.h:30,
                 from ../Core/Src/main.c:20:
../Drivers/STM32F3xx_HAL_Driver/Inc/stm32f3xx_hal_i2c.h:637:66: note: expected 'uint8_t *' {aka 'unsigned char *'} but argument is of type 'uint8_t' {aka 'unsigned char'}
  637 |                                    uint16_t MemAddSize, uint8_t *pData, uint16_t Size, uint32_t Timeout);
      |                                                         ~~~~~~~~~^~~~~
../Core/Src/main.c:126:25: warning: implicit declaration of function 'sprintf' [-Wimplicit-function-declaration]
  126 |                         sprintf(str, "%d\n", intbuff);
      |                         ^~~~~~~
../Core/Src/main.c:21:1: note: include '<stdio.h>' or provide a declaration of 'sprintf'
   20 | #include "main.h"
  +++ |+#include <stdio.h>
   21 | 
../Core/Src/main.c:126:25: warning: incompatible implicit declaration of built-in function 'sprintf' [-Wbuiltin-declaration-mismatch]
  126 |                         sprintf(str, "%d\n", intbuff);
      |                         ^~~~~~~
../Core/Src/main.c:126:25: note: include '<stdio.h>' or provide a declaration of 'sprintf'
../Core/Src/main.c:127:58: warning: implicit declaration of function 'strlen' [-Wimplicit-function-declaration]
  127 |                         HAL_UART_Transmit(&huart2, &str, strlen(str), 1000);
      |                                                          ^~~~~~
../Core/Src/main.c:21:1: note: include '<string.h>' or provide a declaration of 'strlen'
   20 | #include "main.h"
  +++ |+#include <string.h>
   21 | 
../Core/Src/main.c:127:58: warning: incompatible implicit declaration of built-in function 'strlen' [-Wbuiltin-declaration-mismatch]
  127 |                         HAL_UART_Transmit(&huart2, &str, strlen(str), 1000);
      |                                                          ^~~~~~
../Core/Src/main.c:127:58: note: include '<string.h>' or provide a declaration of 'strlen'
../Core/Src/main.c:127:52: warning: passing argument 2 of 'HAL_UART_Transmit' from incompatible pointer type [-Wincompatible-pointer-types]
  127 |                         HAL_UART_Transmit(&huart2, &str, strlen(str), 1000);
      |                                                    ^~~~
      |                                                    |
      |                                                    char (*)[100]
In file included from ../Core/Inc/stm32f3xx_hal_conf.h:327,
                 from ../Drivers/STM32F3xx_HAL_Driver/Inc/stm32f3xx_hal.h:29,
                 from ../Core/Inc/main.h:30,
                 from ../Core/Src/main.c:20:
../Drivers/STM32F3xx_HAL_Driver/Inc/stm32f3xx_hal_uart.h:1486:79: note: expected 'const uint8_t *' {aka 'const unsigned char *'} but argument is of type 'char (*)[100]'
 1486 | HAL_StatusTypeDef HAL_UART_Transmit(UART_HandleTypeDef *huart, const uint8_t *pData, uint16_t Size, uint32_t Timeout);
      |                                                                ~~~~~~~~~~~~~~~^~~~~
../Core/Src/main.c:129:52: warning: passing argument 2 of 'HAL_UART_Transmit' from incompatible pointer type [-Wincompatible-pointer-types]
  129 |                         HAL_UART_Transmit(&huart2, (uint16_t*) "error\n", 10, 1000);
      |                                                    ^~~~~~~~~~~~~~~~~~~~~
      |                                                    |
      |                                                    uint16_t * {aka short unsigned int *}
In file included from ../Core/Inc/stm32f3xx_hal_conf.h:327,
                 from ../Drivers/STM32F3xx_HAL_Driver/Inc/stm32f3xx_hal.h:29,
                 from ../Core/Inc/main.h:30,
                 from ../Core/Src/main.c:20:
../Drivers/STM32F3xx_HAL_Driver/Inc/stm32f3xx_hal_uart.h:1486:79: note: expected 'const uint8_t *' {aka 'const unsigned char *'} but argument is of type 'uint16_t *' {aka 'short unsigned int *'}
 1486 | HAL_StatusTypeDef HAL_UART_Transmit(UART_HandleTypeDef *huart, const uint8_t *pData, uint16_t Size, uint32_t Timeout);
      |                                                                ~~~~~~~~~~~~~~~^~~~~
../Core/Src/main.c:123:25: warning: unused variable 'data' [-Wunused-variable]
  123 |                 uint8_t data = 0x09;
      |                         ^~~~
../Core/Src/main.c:124:21: warning: 'buff' is used uninitialized [-Wuninitialized]
  124 |                 if (HAL_I2C_Mem_Read(&hi2c1, 0x68, 0x6B, 8, buff, 1, 1000) == HAL_OK) {
      |                     ^~~~~~~~~~~~~~~~~~~~~~~~~~~~~~~~~~~~~~~~~~~~~~~~~~~~~~
arm-none-eabi-gcc -o "gyro_nolibrary2.elf" @"objects.list"   -mcpu=cortex-m4 -T"C:\Users\mizun\Documents\GitHub\2024_Oidengiken\cubeIDE\gyro\gyro_nolibrary2\STM32F303K8TX_FLASH.ld" --specs=nosys.specs -Wl,-Map="gyro_nolibrary2.map" -Wl,--gc-sections -static --specs=nano.specs -mfpu=fpv4-sp-d16 -mfloat-abi=hard -mthumb -Wl,--start-group -lc -lm -Wl,--end-group
Finished building target: gyro_nolibrary2.elf
 
arm-none-eabi-size  gyro_nolibrary2.elf 
arm-none-eabi-objdump -h -S gyro_nolibrary2.elf  > "gyro_nolibrary2.list"
   text	   data	    bss	    dec	    hex	filename
  19400	    100	   2124	  21624	   5478	gyro_nolibrary2.elf
Finished building: default.size.stdout
 
Finished building: gyro_nolibrary2.list
 
21:05:32 **** Incremental Build of configuration Debug for project gyro_nolibrary2 ****
make -j16 all 
arm-none-eabi-gcc "../Core/Src/main.c" -mcpu=cortex-m4 -std=gnu11 -g3 -DDEBUG -DUSE_HAL_DRIVER -DSTM32F303x8 -c -I../Core/Inc -I../Drivers/STM32F3xx_HAL_Driver/Inc -I../Drivers/STM32F3xx_HAL_Driver/Inc/Legacy -I../Drivers/CMSIS/Device/ST/STM32F3xx/Include -I../Drivers/CMSIS/Include -O0 -ffunction-sections -fdata-sections -Wall -fstack-usage -fcyclomatic-complexity -MMD -MP -MF"Core/Src/main.d" -MT"Core/Src/main.o" --specs=nano.specs -mfpu=fpv4-sp-d16 -mfloat-abi=hard -mthumb -o "Core/Src/main.o"
../Core/Src/main.c: In function 'main':
../Core/Src/main.c:104:17: error: 'res' undeclared (first use in this function)
  104 |                 res = HAL_I2C_IsDeviceReady(&hi2c1, i << 1, 1, 100);
      |                 ^~~
../Core/Src/main.c:104:17: note: each undeclared identifier is reported only once for each function it appears in
../Core/Src/main.c:107:25: warning: implicit declaration of function 'snprintf' [-Wimplicit-function-declaration]
  107 |                         snprintf(msg, sizeof(msg), "0x%02X\r\n", i);
      |                         ^~~~~~~~
../Core/Src/main.c:21:1: note: include '<stdio.h>' or provide a declaration of 'snprintf'
   20 | #include "main.h"
  +++ |+#include <stdio.h>
   21 | 
../Core/Src/main.c:107:25: warning: incompatible implicit declaration of built-in function 'snprintf' [-Wbuiltin-declaration-mismatch]
  107 |                         snprintf(msg, sizeof(msg), "0x%02X\r\n", i);
      |                         ^~~~~~~~
../Core/Src/main.c:107:25: note: include '<stdio.h>' or provide a declaration of 'snprintf'
../Core/Src/main.c:108:68: warning: implicit declaration of function 'strlen' [-Wimplicit-function-declaration]
  108 |                         HAL_UART_Transmit(&huart2, (uint8_t*) msg, strlen(msg),
      |                                                                    ^~~~~~
../Core/Src/main.c:21:1: note: include '<string.h>' or provide a declaration of 'strlen'
   20 | #include "main.h"
  +++ |+#include <string.h>
   21 | 
../Core/Src/main.c:108:68: warning: incompatible implicit declaration of built-in function 'strlen' [-Wbuiltin-declaration-mismatch]
  108 |                         HAL_UART_Transmit(&huart2, (uint8_t*) msg, strlen(msg),
      |                                                                    ^~~~~~
../Core/Src/main.c:108:68: note: include '<string.h>' or provide a declaration of 'strlen'
../Core/Src/main.c:110:25: error: 'number' undeclared (first use in this function)
  110 |                         number = i;
      |                         ^~~~~~
../Core/Src/main.c:124:63: warning: passing argument 5 of 'HAL_I2C_Mem_Read' makes pointer from integer without a cast [-Wint-conversion]
  124 |                 if (HAL_I2C_Mem_Read(&hi2c1, number, 0x6B, 8, buff, 1, 1000) == HAL_OK) {
      |                                                               ^~~~
      |                                                               |
      |                                                               uint8_t {aka unsigned char}
In file included from ../Core/Inc/stm32f3xx_hal_conf.h:271,
                 from ../Drivers/STM32F3xx_HAL_Driver/Inc/stm32f3xx_hal.h:29,
                 from ../Core/Inc/main.h:30,
                 from ../Core/Src/main.c:20:
../Drivers/STM32F3xx_HAL_Driver/Inc/stm32f3xx_hal_i2c.h:637:66: note: expected 'uint8_t *' {aka 'unsigned char *'} but argument is of type 'uint8_t' {aka 'unsigned char'}
  637 |                                    uint16_t MemAddSize, uint8_t *pData, uint16_t Size, uint32_t Timeout);
      |                                                         ~~~~~~~~~^~~~~
../Core/Src/main.c:126:25: warning: implicit declaration of function 'sprintf' [-Wimplicit-function-declaration]
  126 |                         sprintf(str, "%d\n", intbuff);
      |                         ^~~~~~~
../Core/Src/main.c:126:25: note: include '<stdio.h>' or provide a declaration of 'sprintf'
../Core/Src/main.c:126:25: warning: incompatible implicit declaration of built-in function 'sprintf' [-Wbuiltin-declaration-mismatch]
../Core/Src/main.c:126:25: note: include '<stdio.h>' or provide a declaration of 'sprintf'
../Core/Src/main.c:127:58: warning: incompatible implicit declaration of built-in function 'strlen' [-Wbuiltin-declaration-mismatch]
  127 |                         HAL_UART_Transmit(&huart2, &str, strlen(str), 1000);
      |                                                          ^~~~~~
../Core/Src/main.c:127:58: note: include '<string.h>' or provide a declaration of 'strlen'
../Core/Src/main.c:127:52: warning: passing argument 2 of 'HAL_UART_Transmit' from incompatible pointer type [-Wincompatible-pointer-types]
  127 |                         HAL_UART_Transmit(&huart2, &str, strlen(str), 1000);
      |                                                    ^~~~
      |                                                    |
      |                                                    char (*)[100]
In file included from ../Core/Inc/stm32f3xx_hal_conf.h:327,
                 from ../Drivers/STM32F3xx_HAL_Driver/Inc/stm32f3xx_hal.h:29,
                 from ../Core/Inc/main.h:30,
                 from ../Core/Src/main.c:20:
../Drivers/STM32F3xx_HAL_Driver/Inc/stm32f3xx_hal_uart.h:1486:79: note: expected 'const uint8_t *' {aka 'const unsigned char *'} but argument is of type 'char (*)[100]'
 1486 | HAL_StatusTypeDef HAL_UART_Transmit(UART_HandleTypeDef *huart, const uint8_t *pData, uint16_t Size, uint32_t Timeout);
      |                                                                ~~~~~~~~~~~~~~~^~~~~
../Core/Src/main.c:129:52: warning: passing argument 2 of 'HAL_UART_Transmit' from incompatible pointer type [-Wincompatible-pointer-types]
  129 |                         HAL_UART_Transmit(&huart2, (uint16_t*) "error\n", 10, 1000);
      |                                                    ^~~~~~~~~~~~~~~~~~~~~
      |                                                    |
      |                                                    uint16_t * {aka short unsigned int *}
In file included from ../Core/Inc/stm32f3xx_hal_conf.h:327,
                 from ../Drivers/STM32F3xx_HAL_Driver/Inc/stm32f3xx_hal.h:29,
                 from ../Core/Inc/main.h:30,
                 from ../Core/Src/main.c:20:
../Drivers/STM32F3xx_HAL_Driver/Inc/stm32f3xx_hal_uart.h:1486:79: note: expected 'const uint8_t *' {aka 'const unsigned char *'} but argument is of type 'uint16_t *' {aka 'short unsigned int *'}
 1486 | HAL_StatusTypeDef HAL_UART_Transmit(UART_HandleTypeDef *huart, const uint8_t *pData, uint16_t Size, uint32_t Timeout);
      |                                                                ~~~~~~~~~~~~~~~^~~~~
../Core/Src/main.c:123:25: warning: unused variable 'data' [-Wunused-variable]
  123 |                 uint8_t data = 0x09;
      |                         ^~~~
make: *** [Core/Src/subdir.mk:34: Core/Src/main.o] Error 1
"make -j16 all" terminated with exit code 2. Build might be incomplete.
21:05:42 **** Incremental Build of configuration Debug for project gyro_nolibrary2 ****
make -j16 all 
arm-none-eabi-gcc "../Core/Src/main.c" -mcpu=cortex-m4 -std=gnu11 -g3 -DDEBUG -DUSE_HAL_DRIVER -DSTM32F303x8 -c -I../Core/Inc -I../Drivers/STM32F3xx_HAL_Driver/Inc -I../Drivers/STM32F3xx_HAL_Driver/Inc/Legacy -I../Drivers/CMSIS/Device/ST/STM32F3xx/Include -I../Drivers/CMSIS/Include -O0 -ffunction-sections -fdata-sections -Wall -fstack-usage -fcyclomatic-complexity -MMD -MP -MF"Core/Src/main.d" -MT"Core/Src/main.o" --specs=nano.specs -mfpu=fpv4-sp-d16 -mfloat-abi=hard -mthumb -o "Core/Src/main.o"
../Core/Src/main.c: In function 'main':
../Core/Src/main.c:107:25: warning: implicit declaration of function 'snprintf' [-Wimplicit-function-declaration]
  107 |                         snprintf(msg, sizeof(msg), "0x%02X\r\n", i);
      |                         ^~~~~~~~
../Core/Src/main.c:21:1: note: include '<stdio.h>' or provide a declaration of 'snprintf'
   20 | #include "main.h"
  +++ |+#include <stdio.h>
   21 | 
../Core/Src/main.c:107:25: warning: incompatible implicit declaration of built-in function 'snprintf' [-Wbuiltin-declaration-mismatch]
  107 |                         snprintf(msg, sizeof(msg), "0x%02X\r\n", i);
      |                         ^~~~~~~~
../Core/Src/main.c:107:25: note: include '<stdio.h>' or provide a declaration of 'snprintf'
../Core/Src/main.c:108:68: warning: implicit declaration of function 'strlen' [-Wimplicit-function-declaration]
  108 |                         HAL_UART_Transmit(&huart2, (uint8_t*) msg, strlen(msg),
      |                                                                    ^~~~~~
../Core/Src/main.c:21:1: note: include '<string.h>' or provide a declaration of 'strlen'
   20 | #include "main.h"
  +++ |+#include <string.h>
   21 | 
../Core/Src/main.c:108:68: warning: incompatible implicit declaration of built-in function 'strlen' [-Wbuiltin-declaration-mismatch]
  108 |                         HAL_UART_Transmit(&huart2, (uint8_t*) msg, strlen(msg),
      |                                                                    ^~~~~~
../Core/Src/main.c:108:68: note: include '<string.h>' or provide a declaration of 'strlen'
../Core/Src/main.c:110:25: error: 'number' undeclared (first use in this function)
  110 |                         number = i;
      |                         ^~~~~~
../Core/Src/main.c:110:25: note: each undeclared identifier is reported only once for each function it appears in
../Core/Src/main.c:124:63: warning: passing argument 5 of 'HAL_I2C_Mem_Read' makes pointer from integer without a cast [-Wint-conversion]
  124 |                 if (HAL_I2C_Mem_Read(&hi2c1, number, 0x6B, 8, buff, 1, 1000)
      |                                                               ^~~~
      |                                                               |
      |                                                               uint8_t {aka unsigned char}
In file included from ../Core/Inc/stm32f3xx_hal_conf.h:271,
                 from ../Drivers/STM32F3xx_HAL_Driver/Inc/stm32f3xx_hal.h:29,
                 from ../Core/Inc/main.h:30,
                 from ../Core/Src/main.c:20:
../Drivers/STM32F3xx_HAL_Driver/Inc/stm32f3xx_hal_i2c.h:637:66: note: expected 'uint8_t *' {aka 'unsigned char *'} but argument is of type 'uint8_t' {aka 'unsigned char'}
  637 |                                    uint16_t MemAddSize, uint8_t *pData, uint16_t Size, uint32_t Timeout);
      |                                                         ~~~~~~~~~^~~~~
../Core/Src/main.c:127:25: warning: implicit declaration of function 'sprintf' [-Wimplicit-function-declaration]
  127 |                         sprintf(str, "%d\n", intbuff);
      |                         ^~~~~~~
../Core/Src/main.c:127:25: note: include '<stdio.h>' or provide a declaration of 'sprintf'
../Core/Src/main.c:127:25: warning: incompatible implicit declaration of built-in function 'sprintf' [-Wbuiltin-declaration-mismatch]
../Core/Src/main.c:127:25: note: include '<stdio.h>' or provide a declaration of 'sprintf'
../Core/Src/main.c:128:58: warning: incompatible implicit declaration of built-in function 'strlen' [-Wbuiltin-declaration-mismatch]
  128 |                         HAL_UART_Transmit(&huart2, &str, strlen(str), 1000);
      |                                                          ^~~~~~
../Core/Src/main.c:128:58: note: include '<string.h>' or provide a declaration of 'strlen'
../Core/Src/main.c:128:52: warning: passing argument 2 of 'HAL_UART_Transmit' from incompatible pointer type [-Wincompatible-pointer-types]
  128 |                         HAL_UART_Transmit(&huart2, &str, strlen(str), 1000);
      |                                                    ^~~~
      |                                                    |
      |                                                    char (*)[100]
In file included from ../Core/Inc/stm32f3xx_hal_conf.h:327,
                 from ../Drivers/STM32F3xx_HAL_Driver/Inc/stm32f3xx_hal.h:29,
                 from ../Core/Inc/main.h:30,
                 from ../Core/Src/main.c:20:
../Drivers/STM32F3xx_HAL_Driver/Inc/stm32f3xx_hal_uart.h:1486:79: note: expected 'const uint8_t *' {aka 'const unsigned char *'} but argument is of type 'char (*)[100]'
 1486 | HAL_StatusTypeDef HAL_UART_Transmit(UART_HandleTypeDef *huart, const uint8_t *pData, uint16_t Size, uint32_t Timeout);
      |                                                                ~~~~~~~~~~~~~~~^~~~~
../Core/Src/main.c:130:52: warning: passing argument 2 of 'HAL_UART_Transmit' from incompatible pointer type [-Wincompatible-pointer-types]
  130 |                         HAL_UART_Transmit(&huart2, (uint16_t*) "error\n", 10, 1000);
      |                                                    ^~~~~~~~~~~~~~~~~~~~~
      |                                                    |
      |                                                    uint16_t * {aka short unsigned int *}
In file included from ../Core/Inc/stm32f3xx_hal_conf.h:327,
                 from ../Drivers/STM32F3xx_HAL_Driver/Inc/stm32f3xx_hal.h:29,
                 from ../Core/Inc/main.h:30,
                 from ../Core/Src/main.c:20:
../Drivers/STM32F3xx_HAL_Driver/Inc/stm32f3xx_hal_uart.h:1486:79: note: expected 'const uint8_t *' {aka 'const unsigned char *'} but argument is of type 'uint16_t *' {aka 'short unsigned int *'}
 1486 | HAL_StatusTypeDef HAL_UART_Transmit(UART_HandleTypeDef *huart, const uint8_t *pData, uint16_t Size, uint32_t Timeout);
      |                                                                ~~~~~~~~~~~~~~~^~~~~
../Core/Src/main.c:123:25: warning: unused variable 'data' [-Wunused-variable]
  123 |                 uint8_t data = 0x09;
      |                         ^~~~
make: *** [Core/Src/subdir.mk:34: Core/Src/main.o] Error 1
"make -j16 all" terminated with exit code 2. Build might be incomplete.
21:06:02 **** Incremental Build of configuration Debug for project gyro_nolibrary2 ****
make -j16 all 
arm-none-eabi-gcc "../Core/Src/main.c" -mcpu=cortex-m4 -std=gnu11 -g3 -DDEBUG -DUSE_HAL_DRIVER -DSTM32F303x8 -c -I../Core/Inc -I../Drivers/STM32F3xx_HAL_Driver/Inc -I../Drivers/STM32F3xx_HAL_Driver/Inc/Legacy -I../Drivers/CMSIS/Device/ST/STM32F3xx/Include -I../Drivers/CMSIS/Include -O0 -ffunction-sections -fdata-sections -Wall -fstack-usage -fcyclomatic-complexity -MMD -MP -MF"Core/Src/main.d" -MT"Core/Src/main.o" --specs=nano.specs -mfpu=fpv4-sp-d16 -mfloat-abi=hard -mthumb -o "Core/Src/main.o"
../Core/Src/main.c: In function 'main':
../Core/Src/main.c:108:25: warning: implicit declaration of function 'snprintf' [-Wimplicit-function-declaration]
  108 |                         snprintf(msg, sizeof(msg), "0x%02X\r\n", i);
      |                         ^~~~~~~~
../Core/Src/main.c:21:1: note: include '<stdio.h>' or provide a declaration of 'snprintf'
   20 | #include "main.h"
  +++ |+#include <stdio.h>
   21 | 
../Core/Src/main.c:108:25: warning: incompatible implicit declaration of built-in function 'snprintf' [-Wbuiltin-declaration-mismatch]
  108 |                         snprintf(msg, sizeof(msg), "0x%02X\r\n", i);
      |                         ^~~~~~~~
../Core/Src/main.c:108:25: note: include '<stdio.h>' or provide a declaration of 'snprintf'
../Core/Src/main.c:109:68: warning: implicit declaration of function 'strlen' [-Wimplicit-function-declaration]
  109 |                         HAL_UART_Transmit(&huart2, (uint8_t*) msg, strlen(msg),
      |                                                                    ^~~~~~
../Core/Src/main.c:21:1: note: include '<string.h>' or provide a declaration of 'strlen'
   20 | #include "main.h"
  +++ |+#include <string.h>
   21 | 
../Core/Src/main.c:109:68: warning: incompatible implicit declaration of built-in function 'strlen' [-Wbuiltin-declaration-mismatch]
  109 |                         HAL_UART_Transmit(&huart2, (uint8_t*) msg, strlen(msg),
      |                                                                    ^~~~~~
../Core/Src/main.c:109:68: note: include '<string.h>' or provide a declaration of 'strlen'
../Core/Src/main.c:125:63: warning: passing argument 5 of 'HAL_I2C_Mem_Read' makes pointer from integer without a cast [-Wint-conversion]
  125 |                 if (HAL_I2C_Mem_Read(&hi2c1, number, 0x6B, 8, buff, 1, 1000)
      |                                                               ^~~~
      |                                                               |
      |                                                               uint8_t {aka unsigned char}
In file included from ../Core/Inc/stm32f3xx_hal_conf.h:271,
                 from ../Drivers/STM32F3xx_HAL_Driver/Inc/stm32f3xx_hal.h:29,
                 from ../Core/Inc/main.h:30,
                 from ../Core/Src/main.c:20:
../Drivers/STM32F3xx_HAL_Driver/Inc/stm32f3xx_hal_i2c.h:637:66: note: expected 'uint8_t *' {aka 'unsigned char *'} but argument is of type 'uint8_t' {aka 'unsigned char'}
  637 |                                    uint16_t MemAddSize, uint8_t *pData, uint16_t Size, uint32_t Timeout);
      |                                                         ~~~~~~~~~^~~~~
../Core/Src/main.c:128:25: warning: implicit declaration of function 'sprintf' [-Wimplicit-function-declaration]
  128 |                         sprintf(str, "%d\n", intbuff);
      |                         ^~~~~~~
../Core/Src/main.c:128:25: note: include '<stdio.h>' or provide a declaration of 'sprintf'
../Core/Src/main.c:128:25: warning: incompatible implicit declaration of built-in function 'sprintf' [-Wbuiltin-declaration-mismatch]
../Core/Src/main.c:128:25: note: include '<stdio.h>' or provide a declaration of 'sprintf'
../Core/Src/main.c:129:58: warning: incompatible implicit declaration of built-in function 'strlen' [-Wbuiltin-declaration-mismatch]
  129 |                         HAL_UART_Transmit(&huart2, &str, strlen(str), 1000);
      |                                                          ^~~~~~
../Core/Src/main.c:129:58: note: include '<string.h>' or provide a declaration of 'strlen'
../Core/Src/main.c:129:52: warning: passing argument 2 of 'HAL_UART_Transmit' from incompatible pointer type [-Wincompatible-pointer-types]
  129 |                         HAL_UART_Transmit(&huart2, &str, strlen(str), 1000);
      |                                                    ^~~~
      |                                                    |
      |                                                    char (*)[100]
In file included from ../Core/Inc/stm32f3xx_hal_conf.h:327,
                 from ../Drivers/STM32F3xx_HAL_Driver/Inc/stm32f3xx_hal.h:29,
                 from ../Core/Inc/main.h:30,
                 from ../Core/Src/main.c:20:
../Drivers/STM32F3xx_HAL_Driver/Inc/stm32f3xx_hal_uart.h:1486:79: note: expected 'const uint8_t *' {aka 'const unsigned char *'} but argument is of type 'char (*)[100]'
 1486 | HAL_StatusTypeDef HAL_UART_Transmit(UART_HandleTypeDef *huart, const uint8_t *pData, uint16_t Size, uint32_t Timeout);
      |                                                                ~~~~~~~~~~~~~~~^~~~~
../Core/Src/main.c:131:52: warning: passing argument 2 of 'HAL_UART_Transmit' from incompatible pointer type [-Wincompatible-pointer-types]
  131 |                         HAL_UART_Transmit(&huart2, (uint16_t*) "error\n", 10, 1000);
      |                                                    ^~~~~~~~~~~~~~~~~~~~~
      |                                                    |
      |                                                    uint16_t * {aka short unsigned int *}
In file included from ../Core/Inc/stm32f3xx_hal_conf.h:327,
                 from ../Drivers/STM32F3xx_HAL_Driver/Inc/stm32f3xx_hal.h:29,
                 from ../Core/Inc/main.h:30,
                 from ../Core/Src/main.c:20:
../Drivers/STM32F3xx_HAL_Driver/Inc/stm32f3xx_hal_uart.h:1486:79: note: expected 'const uint8_t *' {aka 'const unsigned char *'} but argument is of type 'uint16_t *' {aka 'short unsigned int *'}
 1486 | HAL_StatusTypeDef HAL_UART_Transmit(UART_HandleTypeDef *huart, const uint8_t *pData, uint16_t Size, uint32_t Timeout);
      |                                                                ~~~~~~~~~~~~~~~^~~~~
../Core/Src/main.c:124:25: warning: unused variable 'data' [-Wunused-variable]
  124 |                 uint8_t data = 0x09;
      |                         ^~~~
../Core/Src/main.c:125:21: warning: 'buff' is used uninitialized [-Wuninitialized]
  125 |                 if (HAL_I2C_Mem_Read(&hi2c1, number, 0x6B, 8, buff, 1, 1000)
      |                     ^~~~~~~~~~~~~~~~~~~~~~~~~~~~~~~~~~~~~~~~~~~~~~~~~~~~~~~~
arm-none-eabi-gcc -o "gyro_nolibrary2.elf" @"objects.list"   -mcpu=cortex-m4 -T"C:\Users\mizun\Documents\GitHub\2024_Oidengiken\cubeIDE\gyro\gyro_nolibrary2\STM32F303K8TX_FLASH.ld" --specs=nosys.specs -Wl,-Map="gyro_nolibrary2.map" -Wl,--gc-sections -static --specs=nano.specs -mfpu=fpv4-sp-d16 -mfloat-abi=hard -mthumb -Wl,--start-group -lc -lm -Wl,--end-group
Finished building target: gyro_nolibrary2.elf
 
arm-none-eabi-size  gyro_nolibrary2.elf 
arm-none-eabi-objdump -h -S gyro_nolibrary2.elf  > "gyro_nolibrary2.list"
   text	   data	    bss	    dec	    hex	filename
  20168	    100	   2124	  22392	   5778	gyro_nolibrary2.elf
Finished building: default.size.stdout
 
Finished building: gyro_nolibrary2.list
 
21:07:02 **** Incremental Build of configuration Debug for project gyro_nolibrary2 ****
make -j16 all 
arm-none-eabi-gcc "../Core/Src/main.c" -mcpu=cortex-m4 -std=gnu11 -g3 -DDEBUG -DUSE_HAL_DRIVER -DSTM32F303x8 -c -I../Core/Inc -I../Drivers/STM32F3xx_HAL_Driver/Inc -I../Drivers/STM32F3xx_HAL_Driver/Inc/Legacy -I../Drivers/CMSIS/Device/ST/STM32F3xx/Include -I../Drivers/CMSIS/Include -O0 -ffunction-sections -fdata-sections -Wall -fstack-usage -fcyclomatic-complexity -MMD -MP -MF"Core/Src/main.d" -MT"Core/Src/main.o" --specs=nano.specs -mfpu=fpv4-sp-d16 -mfloat-abi=hard -mthumb -o "Core/Src/main.o"
../Core/Src/main.c: In function 'main':
../Core/Src/main.c:108:25: warning: implicit declaration of function 'snprintf' [-Wimplicit-function-declaration]
  108 |                         snprintf(msg, sizeof(msg), "0x%02X\r\n", i);
      |                         ^~~~~~~~
../Core/Src/main.c:21:1: note: include '<stdio.h>' or provide a declaration of 'snprintf'
   20 | #include "main.h"
  +++ |+#include <stdio.h>
   21 | 
../Core/Src/main.c:108:25: warning: incompatible implicit declaration of built-in function 'snprintf' [-Wbuiltin-declaration-mismatch]
  108 |                         snprintf(msg, sizeof(msg), "0x%02X\r\n", i);
      |                         ^~~~~~~~
../Core/Src/main.c:108:25: note: include '<stdio.h>' or provide a declaration of 'snprintf'
../Core/Src/main.c:109:68: warning: implicit declaration of function 'strlen' [-Wimplicit-function-declaration]
  109 |                         HAL_UART_Transmit(&huart2, (uint8_t*) msg, strlen(msg),
      |                                                                    ^~~~~~
../Core/Src/main.c:21:1: note: include '<string.h>' or provide a declaration of 'strlen'
   20 | #include "main.h"
  +++ |+#include <string.h>
   21 | 
../Core/Src/main.c:109:68: warning: incompatible implicit declaration of built-in function 'strlen' [-Wbuiltin-declaration-mismatch]
  109 |                         HAL_UART_Transmit(&huart2, (uint8_t*) msg, strlen(msg),
      |                                                                    ^~~~~~
../Core/Src/main.c:109:68: note: include '<string.h>' or provide a declaration of 'strlen'
../Core/Src/main.c:114:27: error: redeclaration of 'res' with no linkage
  114 |         HAL_StatusTypeDef res;
      |                           ^~~
../Core/Src/main.c:103:27: note: previous declaration of 'res' with type 'HAL_StatusTypeDef'
  103 |         HAL_StatusTypeDef res;
      |                           ^~~
../Core/Src/main.c:116:65: warning: passing argument 5 of 'HAL_I2C_Mem_Read' makes pointer from integer without a cast [-Wint-conversion]
  116 |                 res = HAL_I2C_Mem_Read(&hi2c1, number, 0x6B, 8, buff, 1, 1000);
      |                                                                 ^~~~
      |                                                                 |
      |                                                                 uint8_t {aka unsigned char}
In file included from ../Core/Inc/stm32f3xx_hal_conf.h:271,
                 from ../Drivers/STM32F3xx_HAL_Driver/Inc/stm32f3xx_hal.h:29,
                 from ../Core/Inc/main.h:30,
                 from ../Core/Src/main.c:20:
../Drivers/STM32F3xx_HAL_Driver/Inc/stm32f3xx_hal_i2c.h:637:66: note: expected 'uint8_t *' {aka 'unsigned char *'} but argument is of type 'uint8_t' {aka 'unsigned char'}
  637 |                                    uint16_t MemAddSize, uint8_t *pData, uint16_t Size, uint32_t Timeout);
      |                                                         ~~~~~~~~~^~~~~
../Core/Src/main.c:184:13: error: invalid storage class for function 'MX_I2C1_Init'
  184 | static void MX_I2C1_Init(void) {
      |             ^~~~~~~~~~~~
../Core/Src/main.c:229:13: error: invalid storage class for function 'MX_USART2_UART_Init'
  229 | static void MX_USART2_UART_Init(void) {
      |             ^~~~~~~~~~~~~~~~~~~
../Core/Src/main.c:262:13: error: invalid storage class for function 'MX_GPIO_Init'
  262 | static void MX_GPIO_Init(void) {
      |             ^~~~~~~~~~~~
../Core/Src/main.c:290:1: error: expected declaration or statement at end of input
  290 | }
      | ^
../Core/Src/main.c:98:14: warning: unused variable 'str' [-Wunused-variable]
   98 |         char str[100];
      |              ^~~
../Core/Src/main.c:96:13: warning: unused variable 'intbuff' [-Wunused-variable]
   96 |         int intbuff;
      |             ^~~~~~~
../Core/Src/main.c: At top level:
../Core/Src/main.c:53:13: warning: 'MX_GPIO_Init' used but never defined
   53 | static void MX_GPIO_Init(void);
      |             ^~~~~~~~~~~~
../Core/Src/main.c:54:13: warning: 'MX_USART2_UART_Init' used but never defined
   54 | static void MX_USART2_UART_Init(void);
      |             ^~~~~~~~~~~~~~~~~~~
../Core/Src/main.c:55:13: warning: 'MX_I2C1_Init' used but never defined
   55 | static void MX_I2C1_Init(void);
      |             ^~~~~~~~~~~~
../Core/Src/main.c:283:6: warning: 'Error_Handler' defined but not used [-Wunused-function]
  283 | void Error_Handler(void) {
      |      ^~~~~~~~~~~~~
../Core/Src/main.c:262:13: warning: 'MX_GPIO_Init' defined but not used [-Wunused-function]
  262 | static void MX_GPIO_Init(void) {
      |             ^~~~~~~~~~~~
../Core/Src/main.c:229:13: warning: 'MX_USART2_UART_Init' defined but not used [-Wunused-function]
  229 | static void MX_USART2_UART_Init(void) {
      |             ^~~~~~~~~~~~~~~~~~~
../Core/Src/main.c:184:13: warning: 'MX_I2C1_Init' defined but not used [-Wunused-function]
  184 | static void MX_I2C1_Init(void) {
      |             ^~~~~~~~~~~~
../Core/Src/main.c:144:6: warning: 'SystemClock_Config' defined but not used [-Wunused-function]
  144 | void SystemClock_Config(void) {
      |      ^~~~~~~~~~~~~~~~~~
make: *** [Core/Src/subdir.mk:34: Core/Src/main.o] Error 1
"make -j16 all" terminated with exit code 2. Build might be incomplete.
21:07:08 **** Incremental Build of configuration Debug for project gyro_nolibrary2 ****
make -j16 all 
arm-none-eabi-gcc "../Core/Src/main.c" -mcpu=cortex-m4 -std=gnu11 -g3 -DDEBUG -DUSE_HAL_DRIVER -DSTM32F303x8 -c -I../Core/Inc -I../Drivers/STM32F3xx_HAL_Driver/Inc -I../Drivers/STM32F3xx_HAL_Driver/Inc/Legacy -I../Drivers/CMSIS/Device/ST/STM32F3xx/Include -I../Drivers/CMSIS/Include -O0 -ffunction-sections -fdata-sections -Wall -fstack-usage -fcyclomatic-complexity -MMD -MP -MF"Core/Src/main.d" -MT"Core/Src/main.o" --specs=nano.specs -mfpu=fpv4-sp-d16 -mfloat-abi=hard -mthumb -o "Core/Src/main.o"
../Core/Src/main.c: In function 'main':
../Core/Src/main.c:108:25: warning: implicit declaration of function 'snprintf' [-Wimplicit-function-declaration]
  108 |                         snprintf(msg, sizeof(msg), "0x%02X\r\n", i);
      |                         ^~~~~~~~
../Core/Src/main.c:21:1: note: include '<stdio.h>' or provide a declaration of 'snprintf'
   20 | #include "main.h"
  +++ |+#include <stdio.h>
   21 | 
../Core/Src/main.c:108:25: warning: incompatible implicit declaration of built-in function 'snprintf' [-Wbuiltin-declaration-mismatch]
  108 |                         snprintf(msg, sizeof(msg), "0x%02X\r\n", i);
      |                         ^~~~~~~~
../Core/Src/main.c:108:25: note: include '<stdio.h>' or provide a declaration of 'snprintf'
../Core/Src/main.c:109:68: warning: implicit declaration of function 'strlen' [-Wimplicit-function-declaration]
  109 |                         HAL_UART_Transmit(&huart2, (uint8_t*) msg, strlen(msg),
      |                                                                    ^~~~~~
../Core/Src/main.c:21:1: note: include '<string.h>' or provide a declaration of 'strlen'
   20 | #include "main.h"
  +++ |+#include <string.h>
   21 | 
../Core/Src/main.c:109:68: warning: incompatible implicit declaration of built-in function 'strlen' [-Wbuiltin-declaration-mismatch]
  109 |                         HAL_UART_Transmit(&huart2, (uint8_t*) msg, strlen(msg),
      |                                                                    ^~~~~~
../Core/Src/main.c:109:68: note: include '<string.h>' or provide a declaration of 'strlen'
../Core/Src/main.c:116:65: warning: passing argument 5 of 'HAL_I2C_Mem_Read' makes pointer from integer without a cast [-Wint-conversion]
  116 |                 res = HAL_I2C_Mem_Read(&hi2c1, number, 0x6B, 8, buff, 1, 1000);
      |                                                                 ^~~~
      |                                                                 |
      |                                                                 uint8_t {aka unsigned char}
In file included from ../Core/Inc/stm32f3xx_hal_conf.h:271,
                 from ../Drivers/STM32F3xx_HAL_Driver/Inc/stm32f3xx_hal.h:29,
                 from ../Core/Inc/main.h:30,
                 from ../Core/Src/main.c:20:
../Drivers/STM32F3xx_HAL_Driver/Inc/stm32f3xx_hal_i2c.h:637:66: note: expected 'uint8_t *' {aka 'unsigned char *'} but argument is of type 'uint8_t' {aka 'unsigned char'}
  637 |                                    uint16_t MemAddSize, uint8_t *pData, uint16_t Size, uint32_t Timeout);
      |                                                         ~~~~~~~~~^~~~~
../Core/Src/main.c:184:13: error: invalid storage class for function 'MX_I2C1_Init'
  184 | static void MX_I2C1_Init(void) {
      |             ^~~~~~~~~~~~
../Core/Src/main.c:229:13: error: invalid storage class for function 'MX_USART2_UART_Init'
  229 | static void MX_USART2_UART_Init(void) {
      |             ^~~~~~~~~~~~~~~~~~~
../Core/Src/main.c:262:13: error: invalid storage class for function 'MX_GPIO_Init'
  262 | static void MX_GPIO_Init(void) {
      |             ^~~~~~~~~~~~
../Core/Src/main.c:290:1: error: expected declaration or statement at end of input
  290 | }
      | ^
../Core/Src/main.c:98:14: warning: unused variable 'str' [-Wunused-variable]
   98 |         char str[100];
      |              ^~~
../Core/Src/main.c:96:13: warning: unused variable 'intbuff' [-Wunused-variable]
   96 |         int intbuff;
      |             ^~~~~~~
../Core/Src/main.c: At top level:
../Core/Src/main.c:53:13: warning: 'MX_GPIO_Init' used but never defined
   53 | static void MX_GPIO_Init(void);
      |             ^~~~~~~~~~~~
../Core/Src/main.c:54:13: warning: 'MX_USART2_UART_Init' used but never defined
   54 | static void MX_USART2_UART_Init(void);
      |             ^~~~~~~~~~~~~~~~~~~
../Core/Src/main.c:55:13: warning: 'MX_I2C1_Init' used but never defined
   55 | static void MX_I2C1_Init(void);
      |             ^~~~~~~~~~~~
../Core/Src/main.c:283:6: warning: 'Error_Handler' defined but not used [-Wunused-function]
  283 | void Error_Handler(void) {
      |      ^~~~~~~~~~~~~
../Core/Src/main.c:262:13: warning: 'MX_GPIO_Init' defined but not used [-Wunused-function]
  262 | static void MX_GPIO_Init(void) {
      |             ^~~~~~~~~~~~
../Core/Src/main.c:229:13: warning: 'MX_USART2_UART_Init' defined but not used [-Wunused-function]
  229 | static void MX_USART2_UART_Init(void) {
      |             ^~~~~~~~~~~~~~~~~~~
../Core/Src/main.c:184:13: warning: 'MX_I2C1_Init' defined but not used [-Wunused-function]
  184 | static void MX_I2C1_Init(void) {
      |             ^~~~~~~~~~~~
../Core/Src/main.c:144:6: warning: 'SystemClock_Config' defined but not used [-Wunused-function]
  144 | void SystemClock_Config(void) {
      |      ^~~~~~~~~~~~~~~~~~
make: *** [Core/Src/subdir.mk:34: Core/Src/main.o] Error 1
"make -j16 all" terminated with exit code 2. Build might be incomplete.
21:07:18 **** Incremental Build of configuration Debug for project gyro_nolibrary2 ****
make -j16 all 
arm-none-eabi-gcc "../Core/Src/main.c" -mcpu=cortex-m4 -std=gnu11 -g3 -DDEBUG -DUSE_HAL_DRIVER -DSTM32F303x8 -c -I../Core/Inc -I../Drivers/STM32F3xx_HAL_Driver/Inc -I../Drivers/STM32F3xx_HAL_Driver/Inc/Legacy -I../Drivers/CMSIS/Device/ST/STM32F3xx/Include -I../Drivers/CMSIS/Include -O0 -ffunction-sections -fdata-sections -Wall -fstack-usage -fcyclomatic-complexity -MMD -MP -MF"Core/Src/main.d" -MT"Core/Src/main.o" --specs=nano.specs -mfpu=fpv4-sp-d16 -mfloat-abi=hard -mthumb -o "Core/Src/main.o"
../Core/Src/main.c: In function 'main':
../Core/Src/main.c:108:25: warning: implicit declaration of function 'snprintf' [-Wimplicit-function-declaration]
  108 |                         snprintf(msg, sizeof(msg), "0x%02X\r\n", i);
      |                         ^~~~~~~~
../Core/Src/main.c:21:1: note: include '<stdio.h>' or provide a declaration of 'snprintf'
   20 | #include "main.h"
  +++ |+#include <stdio.h>
   21 | 
../Core/Src/main.c:108:25: warning: incompatible implicit declaration of built-in function 'snprintf' [-Wbuiltin-declaration-mismatch]
  108 |                         snprintf(msg, sizeof(msg), "0x%02X\r\n", i);
      |                         ^~~~~~~~
../Core/Src/main.c:108:25: note: include '<stdio.h>' or provide a declaration of 'snprintf'
../Core/Src/main.c:109:68: warning: implicit declaration of function 'strlen' [-Wimplicit-function-declaration]
  109 |                         HAL_UART_Transmit(&huart2, (uint8_t*) msg, strlen(msg),
      |                                                                    ^~~~~~
../Core/Src/main.c:21:1: note: include '<string.h>' or provide a declaration of 'strlen'
   20 | #include "main.h"
  +++ |+#include <string.h>
   21 | 
../Core/Src/main.c:109:68: warning: incompatible implicit declaration of built-in function 'strlen' [-Wbuiltin-declaration-mismatch]
  109 |                         HAL_UART_Transmit(&huart2, (uint8_t*) msg, strlen(msg),
      |                                                                    ^~~~~~
../Core/Src/main.c:109:68: note: include '<string.h>' or provide a declaration of 'strlen'
../Core/Src/main.c:116:65: warning: passing argument 5 of 'HAL_I2C_Mem_Read' makes pointer from integer without a cast [-Wint-conversion]
  116 |                 res = HAL_I2C_Mem_Read(&hi2c1, number, 0x6B, 8, buff, 1, 1000);
      |                                                                 ^~~~
      |                                                                 |
      |                                                                 uint8_t {aka unsigned char}
In file included from ../Core/Inc/stm32f3xx_hal_conf.h:271,
                 from ../Drivers/STM32F3xx_HAL_Driver/Inc/stm32f3xx_hal.h:29,
                 from ../Core/Inc/main.h:30,
                 from ../Core/Src/main.c:20:
../Drivers/STM32F3xx_HAL_Driver/Inc/stm32f3xx_hal_i2c.h:637:66: note: expected 'uint8_t *' {aka 'unsigned char *'} but argument is of type 'uint8_t' {aka 'unsigned char'}
  637 |                                    uint16_t MemAddSize, uint8_t *pData, uint16_t Size, uint32_t Timeout);
      |                                                         ~~~~~~~~~^~~~~
../Core/Src/main.c:98:14: warning: unused variable 'str' [-Wunused-variable]
   98 |         char str[100];
      |              ^~~
../Core/Src/main.c:96:13: warning: unused variable 'intbuff' [-Wunused-variable]
   96 |         int intbuff;
      |             ^~~~~~~
../Core/Src/main.c:116:23: warning: 'buff' is used uninitialized [-Wuninitialized]
  116 |                 res = HAL_I2C_Mem_Read(&hi2c1, number, 0x6B, 8, buff, 1, 1000);
      |                       ^~~~~~~~~~~~~~~~~~~~~~~~~~~~~~~~~~~~~~~~~~~~~~~~~~~~~~~~
arm-none-eabi-gcc -o "gyro_nolibrary2.elf" @"objects.list"   -mcpu=cortex-m4 -T"C:\Users\mizun\Documents\GitHub\2024_Oidengiken\cubeIDE\gyro\gyro_nolibrary2\STM32F303K8TX_FLASH.ld" --specs=nosys.specs -Wl,-Map="gyro_nolibrary2.map" -Wl,--gc-sections -static --specs=nano.specs -mfpu=fpv4-sp-d16 -mfloat-abi=hard -mthumb -Wl,--start-group -lc -lm -Wl,--end-group
Finished building target: gyro_nolibrary2.elf
 
arm-none-eabi-size  gyro_nolibrary2.elf 
arm-none-eabi-objdump -h -S gyro_nolibrary2.elf  > "gyro_nolibrary2.list"
   text	   data	    bss	    dec	    hex	filename
  20072	    100	   2124	  22296	   5718	gyro_nolibrary2.elf
Finished building: default.size.stdout
 
Finished building: gyro_nolibrary2.list
 
21:07:47 **** Incremental Build of configuration Debug for project gyro_nolibrary2 ****
make -j16 all 
arm-none-eabi-gcc "../Core/Src/main.c" -mcpu=cortex-m4 -std=gnu11 -g3 -DDEBUG -DUSE_HAL_DRIVER -DSTM32F303x8 -c -I../Core/Inc -I../Drivers/STM32F3xx_HAL_Driver/Inc -I../Drivers/STM32F3xx_HAL_Driver/Inc/Legacy -I../Drivers/CMSIS/Device/ST/STM32F3xx/Include -I../Drivers/CMSIS/Include -O0 -ffunction-sections -fdata-sections -Wall -fstack-usage -fcyclomatic-complexity -MMD -MP -MF"Core/Src/main.d" -MT"Core/Src/main.o" --specs=nano.specs -mfpu=fpv4-sp-d16 -mfloat-abi=hard -mthumb -o "Core/Src/main.o"
../Core/Src/main.c: In function 'main':
../Core/Src/main.c:108:25: warning: implicit declaration of function 'snprintf' [-Wimplicit-function-declaration]
  108 |                         snprintf(msg, sizeof(msg), "0x%02X\r\n", i);
      |                         ^~~~~~~~
../Core/Src/main.c:21:1: note: include '<stdio.h>' or provide a declaration of 'snprintf'
   20 | #include "main.h"
  +++ |+#include <stdio.h>
   21 | 
../Core/Src/main.c:108:25: warning: incompatible implicit declaration of built-in function 'snprintf' [-Wbuiltin-declaration-mismatch]
  108 |                         snprintf(msg, sizeof(msg), "0x%02X\r\n", i);
      |                         ^~~~~~~~
../Core/Src/main.c:108:25: note: include '<stdio.h>' or provide a declaration of 'snprintf'
../Core/Src/main.c:109:68: warning: implicit declaration of function 'strlen' [-Wimplicit-function-declaration]
  109 |                         HAL_UART_Transmit(&huart2, (uint8_t*) msg, strlen(msg),
      |                                                                    ^~~~~~
../Core/Src/main.c:21:1: note: include '<string.h>' or provide a declaration of 'strlen'
   20 | #include "main.h"
  +++ |+#include <string.h>
   21 | 
../Core/Src/main.c:109:68: warning: incompatible implicit declaration of built-in function 'strlen' [-Wbuiltin-declaration-mismatch]
  109 |                         HAL_UART_Transmit(&huart2, (uint8_t*) msg, strlen(msg),
      |                                                                    ^~~~~~
../Core/Src/main.c:109:68: note: include '<string.h>' or provide a declaration of 'strlen'
../Core/Src/main.c:116:66: warning: passing argument 5 of 'HAL_I2C_Mem_Read' makes pointer from integer without a cast [-Wint-conversion]
  116 |                 res2 = HAL_I2C_Mem_Read(&hi2c1, number, 0x6B, 8, buff, 1, 1000);
      |                                                                  ^~~~
      |                                                                  |
      |                                                                  uint8_t {aka unsigned char}
In file included from ../Core/Inc/stm32f3xx_hal_conf.h:271,
                 from ../Drivers/STM32F3xx_HAL_Driver/Inc/stm32f3xx_hal.h:29,
                 from ../Core/Inc/main.h:30,
                 from ../Core/Src/main.c:20:
../Drivers/STM32F3xx_HAL_Driver/Inc/stm32f3xx_hal_i2c.h:637:66: note: expected 'uint8_t *' {aka 'unsigned char *'} but argument is of type 'uint8_t' {aka 'unsigned char'}
  637 |                                    uint16_t MemAddSize, uint8_t *pData, uint16_t Size, uint32_t Timeout);
      |                                                         ~~~~~~~~~^~~~~
../Core/Src/main.c:98:14: warning: unused variable 'str' [-Wunused-variable]
   98 |         char str[100];
      |              ^~~
../Core/Src/main.c:96:13: warning: unused variable 'intbuff' [-Wunused-variable]
   96 |         int intbuff;
      |             ^~~~~~~
../Core/Src/main.c:116:24: warning: 'buff' is used uninitialized [-Wuninitialized]
  116 |                 res2 = HAL_I2C_Mem_Read(&hi2c1, number, 0x6B, 8, buff, 1, 1000);
      |                        ^~~~~~~~~~~~~~~~~~~~~~~~~~~~~~~~~~~~~~~~~~~~~~~~~~~~~~~~
arm-none-eabi-gcc -o "gyro_nolibrary2.elf" @"objects.list"   -mcpu=cortex-m4 -T"C:\Users\mizun\Documents\GitHub\2024_Oidengiken\cubeIDE\gyro\gyro_nolibrary2\STM32F303K8TX_FLASH.ld" --specs=nosys.specs -Wl,-Map="gyro_nolibrary2.map" -Wl,--gc-sections -static --specs=nano.specs -mfpu=fpv4-sp-d16 -mfloat-abi=hard -mthumb -Wl,--start-group -lc -lm -Wl,--end-group
Finished building target: gyro_nolibrary2.elf
 
arm-none-eabi-size  gyro_nolibrary2.elf 
arm-none-eabi-objdump -h -S gyro_nolibrary2.elf  > "gyro_nolibrary2.list"
   text	   data	    bss	    dec	    hex	filename
  20072	    100	   2124	  22296	   5718	gyro_nolibrary2.elf
Finished building: default.size.stdout
 
Finished building: gyro_nolibrary2.list
 
21:08:53 **** Incremental Build of configuration Debug for project gyro_nolibrary2 ****
make -j16 all 
arm-none-eabi-gcc "../Core/Src/main.c" -mcpu=cortex-m4 -std=gnu11 -g3 -DDEBUG -DUSE_HAL_DRIVER -DSTM32F303x8 -c -I../Core/Inc -I../Drivers/STM32F3xx_HAL_Driver/Inc -I../Drivers/STM32F3xx_HAL_Driver/Inc/Legacy -I../Drivers/CMSIS/Device/ST/STM32F3xx/Include -I../Drivers/CMSIS/Include -O0 -ffunction-sections -fdata-sections -Wall -fstack-usage -fcyclomatic-complexity -MMD -MP -MF"Core/Src/main.d" -MT"Core/Src/main.o" --specs=nano.specs -mfpu=fpv4-sp-d16 -mfloat-abi=hard -mthumb -o "Core/Src/main.o"
../Core/Src/main.c: In function 'main':
../Core/Src/main.c:108:25: warning: implicit declaration of function 'snprintf' [-Wimplicit-function-declaration]
  108 |                         snprintf(msg, sizeof(msg), "0x%02X\r\n", i);
      |                         ^~~~~~~~
../Core/Src/main.c:21:1: note: include '<stdio.h>' or provide a declaration of 'snprintf'
   20 | #include "main.h"
  +++ |+#include <stdio.h>
   21 | 
../Core/Src/main.c:108:25: warning: incompatible implicit declaration of built-in function 'snprintf' [-Wbuiltin-declaration-mismatch]
  108 |                         snprintf(msg, sizeof(msg), "0x%02X\r\n", i);
      |                         ^~~~~~~~
../Core/Src/main.c:108:25: note: include '<stdio.h>' or provide a declaration of 'snprintf'
../Core/Src/main.c:109:68: warning: implicit declaration of function 'strlen' [-Wimplicit-function-declaration]
  109 |                         HAL_UART_Transmit(&huart2, (uint8_t*) msg, strlen(msg),
      |                                                                    ^~~~~~
../Core/Src/main.c:21:1: note: include '<string.h>' or provide a declaration of 'strlen'
   20 | #include "main.h"
  +++ |+#include <string.h>
   21 | 
../Core/Src/main.c:109:68: warning: incompatible implicit declaration of built-in function 'strlen' [-Wbuiltin-declaration-mismatch]
  109 |                         HAL_UART_Transmit(&huart2, (uint8_t*) msg, strlen(msg),
      |                                                                    ^~~~~~
../Core/Src/main.c:109:68: note: include '<string.h>' or provide a declaration of 'strlen'
../Core/Src/main.c:122:66: warning: passing argument 5 of 'HAL_I2C_Mem_Read' makes pointer from integer without a cast [-Wint-conversion]
  122 |                 res2 = HAL_I2C_Mem_Read(&hi2c1, number, 0x6B, 8, buff, 1, 1000);
      |                                                                  ^~~~
      |                                                                  |
      |                                                                  uint8_t {aka unsigned char}
In file included from ../Core/Inc/stm32f3xx_hal_conf.h:271,
                 from ../Drivers/STM32F3xx_HAL_Driver/Inc/stm32f3xx_hal.h:29,
                 from ../Core/Inc/main.h:30,
                 from ../Core/Src/main.c:20:
../Drivers/STM32F3xx_HAL_Driver/Inc/stm32f3xx_hal_i2c.h:637:66: note: expected 'uint8_t *' {aka 'unsigned char *'} but argument is of type 'uint8_t' {aka 'unsigned char'}
  637 |                                    uint16_t MemAddSize, uint8_t *pData, uint16_t Size, uint32_t Timeout);
      |                                                         ~~~~~~~~~^~~~~
../Core/Src/main.c:178:21: error: invalid storage class for function 'MX_I2C1_Init'
  178 |         static void MX_I2C1_Init(void) {
      |                     ^~~~~~~~~~~~
../Core/Src/main.c:223:21: error: invalid storage class for function 'MX_USART2_UART_Init'
  223 |         static void MX_USART2_UART_Init(void) {
      |                     ^~~~~~~~~~~~~~~~~~~
../Core/Src/main.c:256:21: error: invalid storage class for function 'MX_GPIO_Init'
  256 |         static void MX_GPIO_Init(void) {
      |                     ^~~~~~~~~~~~
../Core/Src/main.c:284:9: error: expected declaration or statement at end of input
  284 |         }
      |         ^
../Core/Src/main.c:98:14: warning: unused variable 'str' [-Wunused-variable]
   98 |         char str[100];
      |              ^~~
../Core/Src/main.c:96:13: warning: unused variable 'intbuff' [-Wunused-variable]
   96 |         int intbuff;
      |             ^~~~~~~
../Core/Src/main.c: At top level:
../Core/Src/main.c:53:13: warning: 'MX_GPIO_Init' used but never defined
   53 | static void MX_GPIO_Init(void);
      |             ^~~~~~~~~~~~
../Core/Src/main.c:54:13: warning: 'MX_USART2_UART_Init' used but never defined
   54 | static void MX_USART2_UART_Init(void);
      |             ^~~~~~~~~~~~~~~~~~~
../Core/Src/main.c:55:13: warning: 'MX_I2C1_Init' used but never defined
   55 | static void MX_I2C1_Init(void);
      |             ^~~~~~~~~~~~
../Core/Src/main.c:277:14: warning: 'Error_Handler' defined but not used [-Wunused-function]
  277 |         void Error_Handler(void) {
      |              ^~~~~~~~~~~~~
../Core/Src/main.c:256:21: warning: 'MX_GPIO_Init' defined but not used [-Wunused-function]
  256 |         static void MX_GPIO_Init(void) {
      |                     ^~~~~~~~~~~~
../Core/Src/main.c:223:21: warning: 'MX_USART2_UART_Init' defined but not used [-Wunused-function]
  223 |         static void MX_USART2_UART_Init(void) {
      |                     ^~~~~~~~~~~~~~~~~~~
../Core/Src/main.c:178:21: warning: 'MX_I2C1_Init' defined but not used [-Wunused-function]
  178 |         static void MX_I2C1_Init(void) {
      |                     ^~~~~~~~~~~~
../Core/Src/main.c:137:14: warning: 'SystemClock_Config' defined but not used [-Wunused-function]
  137 |         void SystemClock_Config(void) {
      |              ^~~~~~~~~~~~~~~~~~
make: *** [Core/Src/subdir.mk:34: Core/Src/main.o] Error 1
"make -j16 all" terminated with exit code 2. Build might be incomplete.
21:09:14 **** Incremental Build of configuration Debug for project gyro_nolibrary2 ****
make -j16 all 
arm-none-eabi-gcc "../Core/Src/main.c" -mcpu=cortex-m4 -std=gnu11 -g3 -DDEBUG -DUSE_HAL_DRIVER -DSTM32F303x8 -c -I../Core/Inc -I../Drivers/STM32F3xx_HAL_Driver/Inc -I../Drivers/STM32F3xx_HAL_Driver/Inc/Legacy -I../Drivers/CMSIS/Device/ST/STM32F3xx/Include -I../Drivers/CMSIS/Include -O0 -ffunction-sections -fdata-sections -Wall -fstack-usage -fcyclomatic-complexity -MMD -MP -MF"Core/Src/main.d" -MT"Core/Src/main.o" --specs=nano.specs -mfpu=fpv4-sp-d16 -mfloat-abi=hard -mthumb -o "Core/Src/main.o"
../Core/Src/main.c: In function 'main':
../Core/Src/main.c:108:25: warning: implicit declaration of function 'snprintf' [-Wimplicit-function-declaration]
  108 |                         snprintf(msg, sizeof(msg), "0x%02X\r\n", i);
      |                         ^~~~~~~~
../Core/Src/main.c:21:1: note: include '<stdio.h>' or provide a declaration of 'snprintf'
   20 | #include "main.h"
  +++ |+#include <stdio.h>
   21 | 
../Core/Src/main.c:108:25: warning: incompatible implicit declaration of built-in function 'snprintf' [-Wbuiltin-declaration-mismatch]
  108 |                         snprintf(msg, sizeof(msg), "0x%02X\r\n", i);
      |                         ^~~~~~~~
../Core/Src/main.c:108:25: note: include '<stdio.h>' or provide a declaration of 'snprintf'
../Core/Src/main.c:109:68: warning: implicit declaration of function 'strlen' [-Wimplicit-function-declaration]
  109 |                         HAL_UART_Transmit(&huart2, (uint8_t*) msg, strlen(msg),
      |                                                                    ^~~~~~
../Core/Src/main.c:21:1: note: include '<string.h>' or provide a declaration of 'strlen'
   20 | #include "main.h"
  +++ |+#include <string.h>
   21 | 
../Core/Src/main.c:109:68: warning: incompatible implicit declaration of built-in function 'strlen' [-Wbuiltin-declaration-mismatch]
  109 |                         HAL_UART_Transmit(&huart2, (uint8_t*) msg, strlen(msg),
      |                                                                    ^~~~~~
../Core/Src/main.c:109:68: note: include '<string.h>' or provide a declaration of 'strlen'
../Core/Src/main.c:122:66: warning: passing argument 5 of 'HAL_I2C_Mem_Read' makes pointer from integer without a cast [-Wint-conversion]
  122 |                 res2 = HAL_I2C_Mem_Read(&hi2c1, number, 0x6B, 8, buff, 1, 1000);
      |                                                                  ^~~~
      |                                                                  |
      |                                                                  uint8_t {aka unsigned char}
In file included from ../Core/Inc/stm32f3xx_hal_conf.h:271,
                 from ../Drivers/STM32F3xx_HAL_Driver/Inc/stm32f3xx_hal.h:29,
                 from ../Core/Inc/main.h:30,
                 from ../Core/Src/main.c:20:
../Drivers/STM32F3xx_HAL_Driver/Inc/stm32f3xx_hal_i2c.h:637:66: note: expected 'uint8_t *' {aka 'unsigned char *'} but argument is of type 'uint8_t' {aka 'unsigned char'}
  637 |                                    uint16_t MemAddSize, uint8_t *pData, uint16_t Size, uint32_t Timeout);
      |                                                         ~~~~~~~~~^~~~~
../Core/Src/main.c:98:14: warning: unused variable 'str' [-Wunused-variable]
   98 |         char str[100];
      |              ^~~
../Core/Src/main.c:96:13: warning: unused variable 'intbuff' [-Wunused-variable]
   96 |         int intbuff;
      |             ^~~~~~~
../Core/Src/main.c:122:24: warning: 'buff' is used uninitialized [-Wuninitialized]
  122 |                 res2 = HAL_I2C_Mem_Read(&hi2c1, number, 0x6B, 8, buff, 1, 1000);
      |                        ^~~~~~~~~~~~~~~~~~~~~~~~~~~~~~~~~~~~~~~~~~~~~~~~~~~~~~~~
arm-none-eabi-gcc -o "gyro_nolibrary2.elf" @"objects.list"   -mcpu=cortex-m4 -T"C:\Users\mizun\Documents\GitHub\2024_Oidengiken\cubeIDE\gyro\gyro_nolibrary2\STM32F303K8TX_FLASH.ld" --specs=nosys.specs -Wl,-Map="gyro_nolibrary2.map" -Wl,--gc-sections -static --specs=nano.specs -mfpu=fpv4-sp-d16 -mfloat-abi=hard -mthumb -Wl,--start-group -lc -lm -Wl,--end-group
Finished building target: gyro_nolibrary2.elf
 
arm-none-eabi-size  gyro_nolibrary2.elf 
arm-none-eabi-objdump -h -S gyro_nolibrary2.elf  > "gyro_nolibrary2.list"
   text	   data	    bss	    dec	    hex	filename
  20072	    100	   2124	  22296	   5718	gyro_nolibrary2.elf
Finished building: default.size.stdout
 
Finished building: gyro_nolibrary2.list
 
21:09:39 **** Incremental Build of configuration Debug for project gyro_nolibrary2 ****
make -j16 all 
arm-none-eabi-size  gyro_nolibrary2.elf 
   text	   data	    bss	    dec	    hex	filename
  20072	    100	   2124	  22296	   5718	gyro_nolibrary2.elf
Finished building: default.size.stdout
 
21:11:16 **** Incremental Build of configuration Debug for project gyro_nolibrary2 ****
make -j16 all 
arm-none-eabi-gcc "../Core/Src/main.c" -mcpu=cortex-m4 -std=gnu11 -g3 -DDEBUG -DUSE_HAL_DRIVER -DSTM32F303x8 -c -I../Core/Inc -I../Drivers/STM32F3xx_HAL_Driver/Inc -I../Drivers/STM32F3xx_HAL_Driver/Inc/Legacy -I../Drivers/CMSIS/Device/ST/STM32F3xx/Include -I../Drivers/CMSIS/Include -O0 -ffunction-sections -fdata-sections -Wall -fstack-usage -fcyclomatic-complexity -MMD -MP -MF"Core/Src/main.d" -MT"Core/Src/main.o" --specs=nano.specs -mfpu=fpv4-sp-d16 -mfloat-abi=hard -mthumb -o "Core/Src/main.o"
../Core/Src/main.c: In function 'main':
../Core/Src/main.c:108:25: warning: implicit declaration of function 'snprintf' [-Wimplicit-function-declaration]
  108 |                         snprintf(msg, sizeof(msg), "0x%02X\r\n", i);
      |                         ^~~~~~~~
../Core/Src/main.c:21:1: note: include '<stdio.h>' or provide a declaration of 'snprintf'
   20 | #include "main.h"
  +++ |+#include <stdio.h>
   21 | 
../Core/Src/main.c:108:25: warning: incompatible implicit declaration of built-in function 'snprintf' [-Wbuiltin-declaration-mismatch]
  108 |                         snprintf(msg, sizeof(msg), "0x%02X\r\n", i);
      |                         ^~~~~~~~
../Core/Src/main.c:108:25: note: include '<stdio.h>' or provide a declaration of 'snprintf'
../Core/Src/main.c:109:68: warning: implicit declaration of function 'strlen' [-Wimplicit-function-declaration]
  109 |                         HAL_UART_Transmit(&huart2, (uint8_t*) msg, strlen(msg),
      |                                                                    ^~~~~~
../Core/Src/main.c:21:1: note: include '<string.h>' or provide a declaration of 'strlen'
   20 | #include "main.h"
  +++ |+#include <string.h>
   21 | 
../Core/Src/main.c:109:68: warning: incompatible implicit declaration of built-in function 'strlen' [-Wbuiltin-declaration-mismatch]
  109 |                         HAL_UART_Transmit(&huart2, (uint8_t*) msg, strlen(msg),
      |                                                                    ^~~~~~
../Core/Src/main.c:109:68: note: include '<string.h>' or provide a declaration of 'strlen'
../Core/Src/main.c:122:66: warning: passing argument 5 of 'HAL_I2C_Mem_Read' makes pointer from integer without a cast [-Wint-conversion]
  122 |                 res2 = HAL_I2C_Mem_Read(&hi2c1, number, 0x6B, 8, buff, 1, 1000);
      |                                                                  ^~~~
      |                                                                  |
      |                                                                  uint8_t {aka unsigned char}
In file included from ../Core/Inc/stm32f3xx_hal_conf.h:271,
                 from ../Drivers/STM32F3xx_HAL_Driver/Inc/stm32f3xx_hal.h:29,
                 from ../Core/Inc/main.h:30,
                 from ../Core/Src/main.c:20:
../Drivers/STM32F3xx_HAL_Driver/Inc/stm32f3xx_hal_i2c.h:637:66: note: expected 'uint8_t *' {aka 'unsigned char *'} but argument is of type 'uint8_t' {aka 'unsigned char'}
  637 |                                    uint16_t MemAddSize, uint8_t *pData, uint16_t Size, uint32_t Timeout);
      |                                                         ~~~~~~~~~^~~~~
../Core/Src/main.c:98:14: warning: unused variable 'str' [-Wunused-variable]
   98 |         char str[100];
      |              ^~~
../Core/Src/main.c:96:13: warning: unused variable 'intbuff' [-Wunused-variable]
   96 |         int intbuff;
      |             ^~~~~~~
../Core/Src/main.c:122:24: warning: 'buff' is used uninitialized [-Wuninitialized]
  122 |                 res2 = HAL_I2C_Mem_Read(&hi2c1, number, 0x6B, 8, buff, 1, 1000);
      |                        ^~~~~~~~~~~~~~~~~~~~~~~~~~~~~~~~~~~~~~~~~~~~~~~~~~~~~~~~
arm-none-eabi-gcc -o "gyro_nolibrary2.elf" @"objects.list"   -mcpu=cortex-m4 -T"C:\Users\mizun\Documents\GitHub\2024_Oidengiken\cubeIDE\gyro\gyro_nolibrary2\STM32F303K8TX_FLASH.ld" --specs=nosys.specs -Wl,-Map="gyro_nolibrary2.map" -Wl,--gc-sections -static --specs=nano.specs -mfpu=fpv4-sp-d16 -mfloat-abi=hard -mthumb -Wl,--start-group -lc -lm -Wl,--end-group
Finished building target: gyro_nolibrary2.elf
 
arm-none-eabi-size  gyro_nolibrary2.elf 
arm-none-eabi-objdump -h -S gyro_nolibrary2.elf  > "gyro_nolibrary2.list"
   text	   data	    bss	    dec	    hex	filename
  20112	    100	   2124	  22336	   5740	gyro_nolibrary2.elf
Finished building: default.size.stdout
 
Finished building: gyro_nolibrary2.list
 
21:11:43 **** Incremental Build of configuration Debug for project gyro_nolibrary2 ****
make -j16 all 
arm-none-eabi-gcc "../Core/Src/main.c" -mcpu=cortex-m4 -std=gnu11 -g3 -DDEBUG -DUSE_HAL_DRIVER -DSTM32F303x8 -c -I../Core/Inc -I../Drivers/STM32F3xx_HAL_Driver/Inc -I../Drivers/STM32F3xx_HAL_Driver/Inc/Legacy -I../Drivers/CMSIS/Device/ST/STM32F3xx/Include -I../Drivers/CMSIS/Include -O0 -ffunction-sections -fdata-sections -Wall -fstack-usage -fcyclomatic-complexity -MMD -MP -MF"Core/Src/main.d" -MT"Core/Src/main.o" --specs=nano.specs -mfpu=fpv4-sp-d16 -mfloat-abi=hard -mthumb -o "Core/Src/main.o"
../Core/Src/main.c: In function 'main':
../Core/Src/main.c:108:25: warning: implicit declaration of function 'snprintf' [-Wimplicit-function-declaration]
  108 |                         snprintf(msg, sizeof(msg), "0x%02X\r\n", i);
      |                         ^~~~~~~~
../Core/Src/main.c:21:1: note: include '<stdio.h>' or provide a declaration of 'snprintf'
   20 | #include "main.h"
  +++ |+#include <stdio.h>
   21 | 
../Core/Src/main.c:108:25: warning: incompatible implicit declaration of built-in function 'snprintf' [-Wbuiltin-declaration-mismatch]
  108 |                         snprintf(msg, sizeof(msg), "0x%02X\r\n", i);
      |                         ^~~~~~~~
../Core/Src/main.c:108:25: note: include '<stdio.h>' or provide a declaration of 'snprintf'
../Core/Src/main.c:109:68: warning: implicit declaration of function 'strlen' [-Wimplicit-function-declaration]
  109 |                         HAL_UART_Transmit(&huart2, (uint8_t*) msg, strlen(msg),
      |                                                                    ^~~~~~
../Core/Src/main.c:21:1: note: include '<string.h>' or provide a declaration of 'strlen'
   20 | #include "main.h"
  +++ |+#include <string.h>
   21 | 
../Core/Src/main.c:109:68: warning: incompatible implicit declaration of built-in function 'strlen' [-Wbuiltin-declaration-mismatch]
  109 |                         HAL_UART_Transmit(&huart2, (uint8_t*) msg, strlen(msg),
      |                                                                    ^~~~~~
../Core/Src/main.c:109:68: note: include '<string.h>' or provide a declaration of 'strlen'
../Core/Src/main.c:122:66: warning: passing argument 5 of 'HAL_I2C_Mem_Read' makes pointer from integer without a cast [-Wint-conversion]
  122 |                 res2 = HAL_I2C_Mem_Read(&hi2c1, number, 0x6B, 8, buff, 1, 1000);
      |                                                                  ^~~~
      |                                                                  |
      |                                                                  uint8_t {aka unsigned char}
In file included from ../Core/Inc/stm32f3xx_hal_conf.h:271,
                 from ../Drivers/STM32F3xx_HAL_Driver/Inc/stm32f3xx_hal.h:29,
                 from ../Core/Inc/main.h:30,
                 from ../Core/Src/main.c:20:
../Drivers/STM32F3xx_HAL_Driver/Inc/stm32f3xx_hal_i2c.h:637:66: note: expected 'uint8_t *' {aka 'unsigned char *'} but argument is of type 'uint8_t' {aka 'unsigned char'}
  637 |                                    uint16_t MemAddSize, uint8_t *pData, uint16_t Size, uint32_t Timeout);
      |                                                         ~~~~~~~~~^~~~~
../Core/Src/main.c:98:14: warning: unused variable 'str' [-Wunused-variable]
   98 |         char str[100];
      |              ^~~
../Core/Src/main.c:96:13: warning: unused variable 'intbuff' [-Wunused-variable]
   96 |         int intbuff;
      |             ^~~~~~~
../Core/Src/main.c:122:24: warning: 'buff' is used uninitialized [-Wuninitialized]
  122 |                 res2 = HAL_I2C_Mem_Read(&hi2c1, number, 0x6B, 8, buff, 1, 1000);
      |                        ^~~~~~~~~~~~~~~~~~~~~~~~~~~~~~~~~~~~~~~~~~~~~~~~~~~~~~~~
arm-none-eabi-gcc -o "gyro_nolibrary2.elf" @"objects.list"   -mcpu=cortex-m4 -T"C:\Users\mizun\Documents\GitHub\2024_Oidengiken\cubeIDE\gyro\gyro_nolibrary2\STM32F303K8TX_FLASH.ld" --specs=nosys.specs -Wl,-Map="gyro_nolibrary2.map" -Wl,--gc-sections -static --specs=nano.specs -mfpu=fpv4-sp-d16 -mfloat-abi=hard -mthumb -Wl,--start-group -lc -lm -Wl,--end-group
Finished building target: gyro_nolibrary2.elf
 
arm-none-eabi-size  gyro_nolibrary2.elf 
arm-none-eabi-objdump -h -S gyro_nolibrary2.elf  > "gyro_nolibrary2.list"
   text	   data	    bss	    dec	    hex	filename
  20108	    100	   2124	  22332	   573c	gyro_nolibrary2.elf
Finished building: default.size.stdout
 
Finished building: gyro_nolibrary2.list
 
21:11:53 **** Incremental Build of configuration Debug for project gyro_nolibrary2 ****
make -j16 all 
arm-none-eabi-gcc "../Core/Src/main.c" -mcpu=cortex-m4 -std=gnu11 -g3 -DDEBUG -DUSE_HAL_DRIVER -DSTM32F303x8 -c -I../Core/Inc -I../Drivers/STM32F3xx_HAL_Driver/Inc -I../Drivers/STM32F3xx_HAL_Driver/Inc/Legacy -I../Drivers/CMSIS/Device/ST/STM32F3xx/Include -I../Drivers/CMSIS/Include -O0 -ffunction-sections -fdata-sections -Wall -fstack-usage -fcyclomatic-complexity -MMD -MP -MF"Core/Src/main.d" -MT"Core/Src/main.o" --specs=nano.specs -mfpu=fpv4-sp-d16 -mfloat-abi=hard -mthumb -o "Core/Src/main.o"
../Core/Src/main.c: In function 'main':
../Core/Src/main.c:108:25: warning: implicit declaration of function 'snprintf' [-Wimplicit-function-declaration]
  108 |                         snprintf(msg, sizeof(msg), "0x%02X\r\n", i);
      |                         ^~~~~~~~
../Core/Src/main.c:21:1: note: include '<stdio.h>' or provide a declaration of 'snprintf'
   20 | #include "main.h"
  +++ |+#include <stdio.h>
   21 | 
../Core/Src/main.c:108:25: warning: incompatible implicit declaration of built-in function 'snprintf' [-Wbuiltin-declaration-mismatch]
  108 |                         snprintf(msg, sizeof(msg), "0x%02X\r\n", i);
      |                         ^~~~~~~~
../Core/Src/main.c:108:25: note: include '<stdio.h>' or provide a declaration of 'snprintf'
../Core/Src/main.c:109:68: warning: implicit declaration of function 'strlen' [-Wimplicit-function-declaration]
  109 |                         HAL_UART_Transmit(&huart2, (uint8_t*) msg, strlen(msg),
      |                                                                    ^~~~~~
../Core/Src/main.c:21:1: note: include '<string.h>' or provide a declaration of 'strlen'
   20 | #include "main.h"
  +++ |+#include <string.h>
   21 | 
../Core/Src/main.c:109:68: warning: incompatible implicit declaration of built-in function 'strlen' [-Wbuiltin-declaration-mismatch]
  109 |                         HAL_UART_Transmit(&huart2, (uint8_t*) msg, strlen(msg),
      |                                                                    ^~~~~~
../Core/Src/main.c:109:68: note: include '<string.h>' or provide a declaration of 'strlen'
../Core/Src/main.c:122:66: warning: passing argument 5 of 'HAL_I2C_Mem_Read' makes pointer from integer without a cast [-Wint-conversion]
  122 |                 res2 = HAL_I2C_Mem_Read(&hi2c1, number, 0x6B, 8, buff, 1, 1000);
      |                                                                  ^~~~
      |                                                                  |
      |                                                                  uint8_t {aka unsigned char}
In file included from ../Core/Inc/stm32f3xx_hal_conf.h:271,
                 from ../Drivers/STM32F3xx_HAL_Driver/Inc/stm32f3xx_hal.h:29,
                 from ../Core/Inc/main.h:30,
                 from ../Core/Src/main.c:20:
../Drivers/STM32F3xx_HAL_Driver/Inc/stm32f3xx_hal_i2c.h:637:66: note: expected 'uint8_t *' {aka 'unsigned char *'} but argument is of type 'uint8_t' {aka 'unsigned char'}
  637 |                                    uint16_t MemAddSize, uint8_t *pData, uint16_t Size, uint32_t Timeout);
      |                                                         ~~~~~~~~~^~~~~
../Core/Src/main.c:98:14: warning: unused variable 'str' [-Wunused-variable]
   98 |         char str[100];
      |              ^~~
../Core/Src/main.c:96:13: warning: unused variable 'intbuff' [-Wunused-variable]
   96 |         int intbuff;
      |             ^~~~~~~
../Core/Src/main.c:122:24: warning: 'buff' is used uninitialized [-Wuninitialized]
  122 |                 res2 = HAL_I2C_Mem_Read(&hi2c1, number, 0x6B, 8, buff, 1, 1000);
      |                        ^~~~~~~~~~~~~~~~~~~~~~~~~~~~~~~~~~~~~~~~~~~~~~~~~~~~~~~~
arm-none-eabi-gcc -o "gyro_nolibrary2.elf" @"objects.list"   -mcpu=cortex-m4 -T"C:\Users\mizun\Documents\GitHub\2024_Oidengiken\cubeIDE\gyro\gyro_nolibrary2\STM32F303K8TX_FLASH.ld" --specs=nosys.specs -Wl,-Map="gyro_nolibrary2.map" -Wl,--gc-sections -static --specs=nano.specs -mfpu=fpv4-sp-d16 -mfloat-abi=hard -mthumb -Wl,--start-group -lc -lm -Wl,--end-group
Finished building target: gyro_nolibrary2.elf
 
arm-none-eabi-size  gyro_nolibrary2.elf 
arm-none-eabi-objdump -h -S gyro_nolibrary2.elf  > "gyro_nolibrary2.list"
   text	   data	    bss	    dec	    hex	filename
  20108	    100	   2124	  22332	   573c	gyro_nolibrary2.elf
Finished building: default.size.stdout
 
Finished building: gyro_nolibrary2.list
 
21:12:09 **** Incremental Build of configuration Debug for project gyro_nolibrary2 ****
make -j16 all 
arm-none-eabi-size  gyro_nolibrary2.elf 
   text	   data	    bss	    dec	    hex	filename
  20108	    100	   2124	  22332	   573c	gyro_nolibrary2.elf
Finished building: default.size.stdout
 
21:12:36 **** Incremental Build of configuration Debug for project gyro_nolibrary2 ****
make -j16 all 
arm-none-eabi-gcc "../Core/Src/main.c" -mcpu=cortex-m4 -std=gnu11 -g3 -DDEBUG -DUSE_HAL_DRIVER -DSTM32F303x8 -c -I../Core/Inc -I../Drivers/STM32F3xx_HAL_Driver/Inc -I../Drivers/STM32F3xx_HAL_Driver/Inc/Legacy -I../Drivers/CMSIS/Device/ST/STM32F3xx/Include -I../Drivers/CMSIS/Include -O0 -ffunction-sections -fdata-sections -Wall -fstack-usage -fcyclomatic-complexity -MMD -MP -MF"Core/Src/main.d" -MT"Core/Src/main.o" --specs=nano.specs -mfpu=fpv4-sp-d16 -mfloat-abi=hard -mthumb -o "Core/Src/main.o"
../Core/Src/main.c: In function 'main':
../Core/Src/main.c:108:25: warning: implicit declaration of function 'snprintf' [-Wimplicit-function-declaration]
  108 |                         snprintf(msg, sizeof(msg), "0x%02X\r\n", i);
      |                         ^~~~~~~~
../Core/Src/main.c:21:1: note: include '<stdio.h>' or provide a declaration of 'snprintf'
   20 | #include "main.h"
  +++ |+#include <stdio.h>
   21 | 
../Core/Src/main.c:108:25: warning: incompatible implicit declaration of built-in function 'snprintf' [-Wbuiltin-declaration-mismatch]
  108 |                         snprintf(msg, sizeof(msg), "0x%02X\r\n", i);
      |                         ^~~~~~~~
../Core/Src/main.c:108:25: note: include '<stdio.h>' or provide a declaration of 'snprintf'
../Core/Src/main.c:109:68: warning: implicit declaration of function 'strlen' [-Wimplicit-function-declaration]
  109 |                         HAL_UART_Transmit(&huart2, (uint8_t*) msg, strlen(msg),
      |                                                                    ^~~~~~
../Core/Src/main.c:21:1: note: include '<string.h>' or provide a declaration of 'strlen'
   20 | #include "main.h"
  +++ |+#include <string.h>
   21 | 
../Core/Src/main.c:109:68: warning: incompatible implicit declaration of built-in function 'strlen' [-Wbuiltin-declaration-mismatch]
  109 |                         HAL_UART_Transmit(&huart2, (uint8_t*) msg, strlen(msg),
      |                                                                    ^~~~~~
../Core/Src/main.c:109:68: note: include '<string.h>' or provide a declaration of 'strlen'
../Core/Src/main.c:122:66: warning: passing argument 5 of 'HAL_I2C_Mem_Read' makes pointer from integer without a cast [-Wint-conversion]
  122 |                 res2 = HAL_I2C_Mem_Read(&hi2c1, number, 0x6B, 8, buff, 1, 1000);
      |                                                                  ^~~~
      |                                                                  |
      |                                                                  uint8_t {aka unsigned char}
In file included from ../Core/Inc/stm32f3xx_hal_conf.h:271,
                 from ../Drivers/STM32F3xx_HAL_Driver/Inc/stm32f3xx_hal.h:29,
                 from ../Core/Inc/main.h:30,
                 from ../Core/Src/main.c:20:
../Drivers/STM32F3xx_HAL_Driver/Inc/stm32f3xx_hal_i2c.h:637:66: note: expected 'uint8_t *' {aka 'unsigned char *'} but argument is of type 'uint8_t' {aka 'unsigned char'}
  637 |                                    uint16_t MemAddSize, uint8_t *pData, uint16_t Size, uint32_t Timeout);
      |                                                         ~~~~~~~~~^~~~~
../Core/Src/main.c:98:14: warning: unused variable 'str' [-Wunused-variable]
   98 |         char str[100];
      |              ^~~
../Core/Src/main.c:96:13: warning: unused variable 'intbuff' [-Wunused-variable]
   96 |         int intbuff;
      |             ^~~~~~~
../Core/Src/main.c:122:24: warning: 'buff' is used uninitialized [-Wuninitialized]
  122 |                 res2 = HAL_I2C_Mem_Read(&hi2c1, number, 0x6B, 8, buff, 1, 1000);
      |                        ^~~~~~~~~~~~~~~~~~~~~~~~~~~~~~~~~~~~~~~~~~~~~~~~~~~~~~~~
arm-none-eabi-gcc -o "gyro_nolibrary2.elf" @"objects.list"   -mcpu=cortex-m4 -T"C:\Users\mizun\Documents\GitHub\2024_Oidengiken\cubeIDE\gyro\gyro_nolibrary2\STM32F303K8TX_FLASH.ld" --specs=nosys.specs -Wl,-Map="gyro_nolibrary2.map" -Wl,--gc-sections -static --specs=nano.specs -mfpu=fpv4-sp-d16 -mfloat-abi=hard -mthumb -Wl,--start-group -lc -lm -Wl,--end-group
Finished building target: gyro_nolibrary2.elf
 
arm-none-eabi-size  gyro_nolibrary2.elf 
arm-none-eabi-objdump -h -S gyro_nolibrary2.elf  > "gyro_nolibrary2.list"
   text	   data	    bss	    dec	    hex	filename
  20108	    100	   2124	  22332	   573c	gyro_nolibrary2.elf
Finished building: default.size.stdout
 
Finished building: gyro_nolibrary2.list
 
21:13:25 **** Incremental Build of configuration Debug for project gyro_nolibrary2 ****
make -j16 all 
arm-none-eabi-gcc "../Core/Src/main.c" -mcpu=cortex-m4 -std=gnu11 -g3 -DDEBUG -DUSE_HAL_DRIVER -DSTM32F303x8 -c -I../Core/Inc -I../Drivers/STM32F3xx_HAL_Driver/Inc -I../Drivers/STM32F3xx_HAL_Driver/Inc/Legacy -I../Drivers/CMSIS/Device/ST/STM32F3xx/Include -I../Drivers/CMSIS/Include -O0 -ffunction-sections -fdata-sections -Wall -fstack-usage -fcyclomatic-complexity -MMD -MP -MF"Core/Src/main.d" -MT"Core/Src/main.o" --specs=nano.specs -mfpu=fpv4-sp-d16 -mfloat-abi=hard -mthumb -o "Core/Src/main.o"
../Core/Src/main.c: In function 'main':
../Core/Src/main.c:108:25: warning: implicit declaration of function 'snprintf' [-Wimplicit-function-declaration]
  108 |                         snprintf(msg, sizeof(msg), "0x%02X\r\n", i);
      |                         ^~~~~~~~
../Core/Src/main.c:21:1: note: include '<stdio.h>' or provide a declaration of 'snprintf'
   20 | #include "main.h"
  +++ |+#include <stdio.h>
   21 | 
../Core/Src/main.c:108:25: warning: incompatible implicit declaration of built-in function 'snprintf' [-Wbuiltin-declaration-mismatch]
  108 |                         snprintf(msg, sizeof(msg), "0x%02X\r\n", i);
      |                         ^~~~~~~~
../Core/Src/main.c:108:25: note: include '<stdio.h>' or provide a declaration of 'snprintf'
../Core/Src/main.c:109:68: warning: implicit declaration of function 'strlen' [-Wimplicit-function-declaration]
  109 |                         HAL_UART_Transmit(&huart2, (uint8_t*) msg, strlen(msg),
      |                                                                    ^~~~~~
../Core/Src/main.c:21:1: note: include '<string.h>' or provide a declaration of 'strlen'
   20 | #include "main.h"
  +++ |+#include <string.h>
   21 | 
../Core/Src/main.c:109:68: warning: incompatible implicit declaration of built-in function 'strlen' [-Wbuiltin-declaration-mismatch]
  109 |                         HAL_UART_Transmit(&huart2, (uint8_t*) msg, strlen(msg),
      |                                                                    ^~~~~~
../Core/Src/main.c:109:68: note: include '<string.h>' or provide a declaration of 'strlen'
../Core/Src/main.c:122:66: warning: passing argument 5 of 'HAL_I2C_Mem_Read' makes pointer from integer without a cast [-Wint-conversion]
  122 |                 res2 = HAL_I2C_Mem_Read(&hi2c1, number, 0x6B, 8, buff, 1, 1000);
      |                                                                  ^~~~
      |                                                                  |
      |                                                                  uint8_t {aka unsigned char}
In file included from ../Core/Inc/stm32f3xx_hal_conf.h:271,
                 from ../Drivers/STM32F3xx_HAL_Driver/Inc/stm32f3xx_hal.h:29,
                 from ../Core/Inc/main.h:30,
                 from ../Core/Src/main.c:20:
../Drivers/STM32F3xx_HAL_Driver/Inc/stm32f3xx_hal_i2c.h:637:66: note: expected 'uint8_t *' {aka 'unsigned char *'} but argument is of type 'uint8_t' {aka 'unsigned char'}
  637 |                                    uint16_t MemAddSize, uint8_t *pData, uint16_t Size, uint32_t Timeout);
      |                                                         ~~~~~~~~~^~~~~
../Core/Src/main.c:98:14: warning: unused variable 'str' [-Wunused-variable]
   98 |         char str[100];
      |              ^~~
../Core/Src/main.c:96:13: warning: unused variable 'intbuff' [-Wunused-variable]
   96 |         int intbuff;
      |             ^~~~~~~
../Core/Src/main.c:122:24: warning: 'buff' is used uninitialized [-Wuninitialized]
  122 |                 res2 = HAL_I2C_Mem_Read(&hi2c1, number, 0x6B, 8, buff, 1, 1000);
      |                        ^~~~~~~~~~~~~~~~~~~~~~~~~~~~~~~~~~~~~~~~~~~~~~~~~~~~~~~~
arm-none-eabi-gcc -o "gyro_nolibrary2.elf" @"objects.list"   -mcpu=cortex-m4 -T"C:\Users\mizun\Documents\GitHub\2024_Oidengiken\cubeIDE\gyro\gyro_nolibrary2\STM32F303K8TX_FLASH.ld" --specs=nosys.specs -Wl,-Map="gyro_nolibrary2.map" -Wl,--gc-sections -static --specs=nano.specs -mfpu=fpv4-sp-d16 -mfloat-abi=hard -mthumb -Wl,--start-group -lc -lm -Wl,--end-group
Finished building target: gyro_nolibrary2.elf
 
arm-none-eabi-size  gyro_nolibrary2.elf 
arm-none-eabi-objdump -h -S gyro_nolibrary2.elf  > "gyro_nolibrary2.list"
   text	   data	    bss	    dec	    hex	filename
  20076	    100	   2124	  22300	   571c	gyro_nolibrary2.elf
Finished building: default.size.stdout
 
Finished building: gyro_nolibrary2.list
 
21:13:51 **** Incremental Build of configuration Debug for project gyro_nolibrary2 ****
make -j16 all 
arm-none-eabi-gcc "../Core/Src/main.c" -mcpu=cortex-m4 -std=gnu11 -g3 -DDEBUG -DUSE_HAL_DRIVER -DSTM32F303x8 -c -I../Core/Inc -I../Drivers/STM32F3xx_HAL_Driver/Inc -I../Drivers/STM32F3xx_HAL_Driver/Inc/Legacy -I../Drivers/CMSIS/Device/ST/STM32F3xx/Include -I../Drivers/CMSIS/Include -O0 -ffunction-sections -fdata-sections -Wall -fstack-usage -fcyclomatic-complexity -MMD -MP -MF"Core/Src/main.d" -MT"Core/Src/main.o" --specs=nano.specs -mfpu=fpv4-sp-d16 -mfloat-abi=hard -mthumb -o "Core/Src/main.o"
../Core/Src/main.c: In function 'main':
../Core/Src/main.c:108:25: warning: implicit declaration of function 'snprintf' [-Wimplicit-function-declaration]
  108 |                         snprintf(msg, sizeof(msg), "0x%02X\r\n", i);
      |                         ^~~~~~~~
../Core/Src/main.c:21:1: note: include '<stdio.h>' or provide a declaration of 'snprintf'
   20 | #include "main.h"
  +++ |+#include <stdio.h>
   21 | 
../Core/Src/main.c:108:25: warning: incompatible implicit declaration of built-in function 'snprintf' [-Wbuiltin-declaration-mismatch]
  108 |                         snprintf(msg, sizeof(msg), "0x%02X\r\n", i);
      |                         ^~~~~~~~
../Core/Src/main.c:108:25: note: include '<stdio.h>' or provide a declaration of 'snprintf'
../Core/Src/main.c:109:68: warning: implicit declaration of function 'strlen' [-Wimplicit-function-declaration]
  109 |                         HAL_UART_Transmit(&huart2, (uint8_t*) msg, strlen(msg),
      |                                                                    ^~~~~~
../Core/Src/main.c:21:1: note: include '<string.h>' or provide a declaration of 'strlen'
   20 | #include "main.h"
  +++ |+#include <string.h>
   21 | 
../Core/Src/main.c:109:68: warning: incompatible implicit declaration of built-in function 'strlen' [-Wbuiltin-declaration-mismatch]
  109 |                         HAL_UART_Transmit(&huart2, (uint8_t*) msg, strlen(msg),
      |                                                                    ^~~~~~
../Core/Src/main.c:109:68: note: include '<string.h>' or provide a declaration of 'strlen'
../Core/Src/main.c:116:58: warning: passing argument 5 of 'HAL_I2C_Mem_Read' makes pointer from integer without a cast [-Wint-conversion]
  116 |         res2 = HAL_I2C_Mem_Read(&hi2c1, number, 0x6B, 8, buff, 1, 1000);
      |                                                          ^~~~
      |                                                          |
      |                                                          uint8_t {aka unsigned char}
In file included from ../Core/Inc/stm32f3xx_hal_conf.h:271,
                 from ../Drivers/STM32F3xx_HAL_Driver/Inc/stm32f3xx_hal.h:29,
                 from ../Core/Inc/main.h:30,
                 from ../Core/Src/main.c:20:
../Drivers/STM32F3xx_HAL_Driver/Inc/stm32f3xx_hal_i2c.h:637:66: note: expected 'uint8_t *' {aka 'unsigned char *'} but argument is of type 'uint8_t' {aka 'unsigned char'}
  637 |                                    uint16_t MemAddSize, uint8_t *pData, uint16_t Size, uint32_t Timeout);
      |                                                         ~~~~~~~~~^~~~~
../Core/Src/main.c:122:66: warning: passing argument 5 of 'HAL_I2C_Mem_Read' makes pointer from integer without a cast [-Wint-conversion]
  122 |                 res2 = HAL_I2C_Mem_Read(&hi2c1, number, 0x6B, 8, buff, 1, 1000);
      |                                                                  ^~~~
      |                                                                  |
      |                                                                  uint8_t {aka unsigned char}
In file included from ../Core/Inc/stm32f3xx_hal_conf.h:271,
                 from ../Drivers/STM32F3xx_HAL_Driver/Inc/stm32f3xx_hal.h:29,
                 from ../Core/Inc/main.h:30,
                 from ../Core/Src/main.c:20:
../Drivers/STM32F3xx_HAL_Driver/Inc/stm32f3xx_hal_i2c.h:637:66: note: expected 'uint8_t *' {aka 'unsigned char *'} but argument is of type 'uint8_t' {aka 'unsigned char'}
  637 |                                    uint16_t MemAddSize, uint8_t *pData, uint16_t Size, uint32_t Timeout);
      |                                                         ~~~~~~~~~^~~~~
../Core/Src/main.c:98:14: warning: unused variable 'str' [-Wunused-variable]
   98 |         char str[100];
      |              ^~~
../Core/Src/main.c:96:13: warning: unused variable 'intbuff' [-Wunused-variable]
   96 |         int intbuff;
      |             ^~~~~~~
../Core/Src/main.c:116:16: warning: 'buff' is used uninitialized [-Wuninitialized]
  116 |         res2 = HAL_I2C_Mem_Read(&hi2c1, number, 0x6B, 8, buff, 1, 1000);
      |                ^~~~~~~~~~~~~~~~~~~~~~~~~~~~~~~~~~~~~~~~~~~~~~~~~~~~~~~~
arm-none-eabi-gcc -o "gyro_nolibrary2.elf" @"objects.list"   -mcpu=cortex-m4 -T"C:\Users\mizun\Documents\GitHub\2024_Oidengiken\cubeIDE\gyro\gyro_nolibrary2\STM32F303K8TX_FLASH.ld" --specs=nosys.specs -Wl,-Map="gyro_nolibrary2.map" -Wl,--gc-sections -static --specs=nano.specs -mfpu=fpv4-sp-d16 -mfloat-abi=hard -mthumb -Wl,--start-group -lc -lm -Wl,--end-group
Finished building target: gyro_nolibrary2.elf
 
arm-none-eabi-size  gyro_nolibrary2.elf 
arm-none-eabi-objdump -h -S gyro_nolibrary2.elf  > "gyro_nolibrary2.list"
   text	   data	    bss	    dec	    hex	filename
  20144	    100	   2124	  22368	   5760	gyro_nolibrary2.elf
Finished building: default.size.stdout
 
Finished building: gyro_nolibrary2.list
 
21:14:11 **** Incremental Build of configuration Debug for project gyro_nolibrary2 ****
make -j16 all 
arm-none-eabi-size  gyro_nolibrary2.elf 
   text	   data	    bss	    dec	    hex	filename
  20144	    100	   2124	  22368	   5760	gyro_nolibrary2.elf
Finished building: default.size.stdout
 
21:14:53 **** Incremental Build of configuration Debug for project gyro_nolibrary2 ****
make -j16 all 
arm-none-eabi-gcc "../Core/Src/main.c" -mcpu=cortex-m4 -std=gnu11 -g3 -DDEBUG -DUSE_HAL_DRIVER -DSTM32F303x8 -c -I../Core/Inc -I../Drivers/STM32F3xx_HAL_Driver/Inc -I../Drivers/STM32F3xx_HAL_Driver/Inc/Legacy -I../Drivers/CMSIS/Device/ST/STM32F3xx/Include -I../Drivers/CMSIS/Include -O0 -ffunction-sections -fdata-sections -Wall -fstack-usage -fcyclomatic-complexity -MMD -MP -MF"Core/Src/main.d" -MT"Core/Src/main.o" --specs=nano.specs -mfpu=fpv4-sp-d16 -mfloat-abi=hard -mthumb -o "Core/Src/main.o"
../Core/Src/main.c: In function 'main':
../Core/Src/main.c:108:25: warning: implicit declaration of function 'snprintf' [-Wimplicit-function-declaration]
  108 |                         snprintf(msg, sizeof(msg), "0x%02X\r\n", i);
      |                         ^~~~~~~~
../Core/Src/main.c:21:1: note: include '<stdio.h>' or provide a declaration of 'snprintf'
   20 | #include "main.h"
  +++ |+#include <stdio.h>
   21 | 
../Core/Src/main.c:108:25: warning: incompatible implicit declaration of built-in function 'snprintf' [-Wbuiltin-declaration-mismatch]
  108 |                         snprintf(msg, sizeof(msg), "0x%02X\r\n", i);
      |                         ^~~~~~~~
../Core/Src/main.c:108:25: note: include '<stdio.h>' or provide a declaration of 'snprintf'
../Core/Src/main.c:109:68: warning: implicit declaration of function 'strlen' [-Wimplicit-function-declaration]
  109 |                         HAL_UART_Transmit(&huart2, (uint8_t*) msg, strlen(msg),
      |                                                                    ^~~~~~
../Core/Src/main.c:21:1: note: include '<string.h>' or provide a declaration of 'strlen'
   20 | #include "main.h"
  +++ |+#include <string.h>
   21 | 
../Core/Src/main.c:109:68: warning: incompatible implicit declaration of built-in function 'strlen' [-Wbuiltin-declaration-mismatch]
  109 |                         HAL_UART_Transmit(&huart2, (uint8_t*) msg, strlen(msg),
      |                                                                    ^~~~~~
../Core/Src/main.c:109:68: note: include '<string.h>' or provide a declaration of 'strlen'
../Core/Src/main.c:116:58: warning: passing argument 5 of 'HAL_I2C_Mem_Read' makes pointer from integer without a cast [-Wint-conversion]
  116 |         res2 = HAL_I2C_Mem_Read(&hi2c1, number, 0x6B, 8, buff, 1, 1000);
      |                                                          ^~~~
      |                                                          |
      |                                                          uint8_t {aka unsigned char}
In file included from ../Core/Inc/stm32f3xx_hal_conf.h:271,
                 from ../Drivers/STM32F3xx_HAL_Driver/Inc/stm32f3xx_hal.h:29,
                 from ../Core/Inc/main.h:30,
                 from ../Core/Src/main.c:20:
../Drivers/STM32F3xx_HAL_Driver/Inc/stm32f3xx_hal_i2c.h:637:66: note: expected 'uint8_t *' {aka 'unsigned char *'} but argument is of type 'uint8_t' {aka 'unsigned char'}
  637 |                                    uint16_t MemAddSize, uint8_t *pData, uint16_t Size, uint32_t Timeout);
      |                                                         ~~~~~~~~~^~~~~
../Core/Src/main.c:98:14: warning: unused variable 'str' [-Wunused-variable]
   98 |         char str[100];
      |              ^~~
../Core/Src/main.c:96:13: warning: unused variable 'intbuff' [-Wunused-variable]
   96 |         int intbuff;
      |             ^~~~~~~
../Core/Src/main.c:116:16: warning: 'buff' is used uninitialized [-Wuninitialized]
  116 |         res2 = HAL_I2C_Mem_Read(&hi2c1, number, 0x6B, 8, buff, 1, 1000);
      |                ^~~~~~~~~~~~~~~~~~~~~~~~~~~~~~~~~~~~~~~~~~~~~~~~~~~~~~~~
arm-none-eabi-gcc -o "gyro_nolibrary2.elf" @"objects.list"   -mcpu=cortex-m4 -T"C:\Users\mizun\Documents\GitHub\2024_Oidengiken\cubeIDE\gyro\gyro_nolibrary2\STM32F303K8TX_FLASH.ld" --specs=nosys.specs -Wl,-Map="gyro_nolibrary2.map" -Wl,--gc-sections -static --specs=nano.specs -mfpu=fpv4-sp-d16 -mfloat-abi=hard -mthumb -Wl,--start-group -lc -lm -Wl,--end-group
Finished building target: gyro_nolibrary2.elf
 
arm-none-eabi-size  gyro_nolibrary2.elf 
arm-none-eabi-objdump -h -S gyro_nolibrary2.elf  > "gyro_nolibrary2.list"
   text	   data	    bss	    dec	    hex	filename
  20040	    100	   2124	  22264	   56f8	gyro_nolibrary2.elf
Finished building: default.size.stdout
 
Finished building: gyro_nolibrary2.list
 
21:15:14 **** Incremental Build of configuration Debug for project gyro_nolibrary2 ****
make -j16 all 
arm-none-eabi-gcc "../Core/Src/main.c" -mcpu=cortex-m4 -std=gnu11 -g3 -DDEBUG -DUSE_HAL_DRIVER -DSTM32F303x8 -c -I../Core/Inc -I../Drivers/STM32F3xx_HAL_Driver/Inc -I../Drivers/STM32F3xx_HAL_Driver/Inc/Legacy -I../Drivers/CMSIS/Device/ST/STM32F3xx/Include -I../Drivers/CMSIS/Include -O0 -ffunction-sections -fdata-sections -Wall -fstack-usage -fcyclomatic-complexity -MMD -MP -MF"Core/Src/main.d" -MT"Core/Src/main.o" --specs=nano.specs -mfpu=fpv4-sp-d16 -mfloat-abi=hard -mthumb -o "Core/Src/main.o"
../Core/Src/main.c: In function 'main':
../Core/Src/main.c:108:25: warning: implicit declaration of function 'snprintf' [-Wimplicit-function-declaration]
  108 |                         snprintf(msg, sizeof(msg), "0x%02X\r\n", i);
      |                         ^~~~~~~~
../Core/Src/main.c:21:1: note: include '<stdio.h>' or provide a declaration of 'snprintf'
   20 | #include "main.h"
  +++ |+#include <stdio.h>
   21 | 
../Core/Src/main.c:108:25: warning: incompatible implicit declaration of built-in function 'snprintf' [-Wbuiltin-declaration-mismatch]
  108 |                         snprintf(msg, sizeof(msg), "0x%02X\r\n", i);
      |                         ^~~~~~~~
../Core/Src/main.c:108:25: note: include '<stdio.h>' or provide a declaration of 'snprintf'
../Core/Src/main.c:109:68: warning: implicit declaration of function 'strlen' [-Wimplicit-function-declaration]
  109 |                         HAL_UART_Transmit(&huart2, (uint8_t*) msg, strlen(msg),
      |                                                                    ^~~~~~
../Core/Src/main.c:21:1: note: include '<string.h>' or provide a declaration of 'strlen'
   20 | #include "main.h"
  +++ |+#include <string.h>
   21 | 
../Core/Src/main.c:109:68: warning: incompatible implicit declaration of built-in function 'strlen' [-Wbuiltin-declaration-mismatch]
  109 |                         HAL_UART_Transmit(&huart2, (uint8_t*) msg, strlen(msg),
      |                                                                    ^~~~~~
../Core/Src/main.c:109:68: note: include '<string.h>' or provide a declaration of 'strlen'
../Core/Src/main.c:116:58: warning: passing argument 5 of 'HAL_I2C_Mem_Read' makes pointer from integer without a cast [-Wint-conversion]
  116 |         res2 = HAL_I2C_Mem_Read(&hi2c1, number, 0x6B, 8, buff, 1, 1000);
      |                                                          ^~~~
      |                                                          |
      |                                                          uint8_t {aka unsigned char}
In file included from ../Core/Inc/stm32f3xx_hal_conf.h:271,
                 from ../Drivers/STM32F3xx_HAL_Driver/Inc/stm32f3xx_hal.h:29,
                 from ../Core/Inc/main.h:30,
                 from ../Core/Src/main.c:20:
../Drivers/STM32F3xx_HAL_Driver/Inc/stm32f3xx_hal_i2c.h:637:66: note: expected 'uint8_t *' {aka 'unsigned char *'} but argument is of type 'uint8_t' {aka 'unsigned char'}
  637 |                                    uint16_t MemAddSize, uint8_t *pData, uint16_t Size, uint32_t Timeout);
      |                                                         ~~~~~~~~~^~~~~
../Core/Src/main.c:98:14: warning: unused variable 'str' [-Wunused-variable]
   98 |         char str[100];
      |              ^~~
../Core/Src/main.c:96:13: warning: unused variable 'intbuff' [-Wunused-variable]
   96 |         int intbuff;
      |             ^~~~~~~
../Core/Src/main.c:116:16: warning: 'buff' is used uninitialized [-Wuninitialized]
  116 |         res2 = HAL_I2C_Mem_Read(&hi2c1, number, 0x6B, 8, buff, 1, 1000);
      |                ^~~~~~~~~~~~~~~~~~~~~~~~~~~~~~~~~~~~~~~~~~~~~~~~~~~~~~~~
arm-none-eabi-gcc -o "gyro_nolibrary2.elf" @"objects.list"   -mcpu=cortex-m4 -T"C:\Users\mizun\Documents\GitHub\2024_Oidengiken\cubeIDE\gyro\gyro_nolibrary2\STM32F303K8TX_FLASH.ld" --specs=nosys.specs -Wl,-Map="gyro_nolibrary2.map" -Wl,--gc-sections -static --specs=nano.specs -mfpu=fpv4-sp-d16 -mfloat-abi=hard -mthumb -Wl,--start-group -lc -lm -Wl,--end-group
Finished building target: gyro_nolibrary2.elf
 
arm-none-eabi-size  gyro_nolibrary2.elf 
arm-none-eabi-objdump -h -S gyro_nolibrary2.elf  > "gyro_nolibrary2.list"
   text	   data	    bss	    dec	    hex	filename
  20072	    100	   2124	  22296	   5718	gyro_nolibrary2.elf
Finished building: default.size.stdout
 
Finished building: gyro_nolibrary2.list
 
21:15:36 **** Incremental Build of configuration Debug for project gyro_nolibrary2 ****
make -j16 all 
arm-none-eabi-gcc "../Core/Src/main.c" -mcpu=cortex-m4 -std=gnu11 -g3 -DDEBUG -DUSE_HAL_DRIVER -DSTM32F303x8 -c -I../Core/Inc -I../Drivers/STM32F3xx_HAL_Driver/Inc -I../Drivers/STM32F3xx_HAL_Driver/Inc/Legacy -I../Drivers/CMSIS/Device/ST/STM32F3xx/Include -I../Drivers/CMSIS/Include -O0 -ffunction-sections -fdata-sections -Wall -fstack-usage -fcyclomatic-complexity -MMD -MP -MF"Core/Src/main.d" -MT"Core/Src/main.o" --specs=nano.specs -mfpu=fpv4-sp-d16 -mfloat-abi=hard -mthumb -o "Core/Src/main.o"
../Core/Src/main.c: In function 'main':
../Core/Src/main.c:108:25: warning: implicit declaration of function 'snprintf' [-Wimplicit-function-declaration]
  108 |                         snprintf(msg, sizeof(msg), "0x%02X\r\n", i);
      |                         ^~~~~~~~
../Core/Src/main.c:21:1: note: include '<stdio.h>' or provide a declaration of 'snprintf'
   20 | #include "main.h"
  +++ |+#include <stdio.h>
   21 | 
../Core/Src/main.c:108:25: warning: incompatible implicit declaration of built-in function 'snprintf' [-Wbuiltin-declaration-mismatch]
  108 |                         snprintf(msg, sizeof(msg), "0x%02X\r\n", i);
      |                         ^~~~~~~~
../Core/Src/main.c:108:25: note: include '<stdio.h>' or provide a declaration of 'snprintf'
../Core/Src/main.c:109:68: warning: implicit declaration of function 'strlen' [-Wimplicit-function-declaration]
  109 |                         HAL_UART_Transmit(&huart2, (uint8_t*) msg, strlen(msg),
      |                                                                    ^~~~~~
../Core/Src/main.c:21:1: note: include '<string.h>' or provide a declaration of 'strlen'
   20 | #include "main.h"
  +++ |+#include <string.h>
   21 | 
../Core/Src/main.c:109:68: warning: incompatible implicit declaration of built-in function 'strlen' [-Wbuiltin-declaration-mismatch]
  109 |                         HAL_UART_Transmit(&huart2, (uint8_t*) msg, strlen(msg),
      |                                                                    ^~~~~~
../Core/Src/main.c:109:68: note: include '<string.h>' or provide a declaration of 'strlen'
../Core/Src/main.c:116:58: warning: passing argument 5 of 'HAL_I2C_Mem_Read' makes pointer from integer without a cast [-Wint-conversion]
  116 |         res2 = HAL_I2C_Mem_Read(&hi2c1, number, 0x6B, 8, buff, 1, 1000);
      |                                                          ^~~~
      |                                                          |
      |                                                          uint8_t {aka unsigned char}
In file included from ../Core/Inc/stm32f3xx_hal_conf.h:271,
                 from ../Drivers/STM32F3xx_HAL_Driver/Inc/stm32f3xx_hal.h:29,
                 from ../Core/Inc/main.h:30,
                 from ../Core/Src/main.c:20:
../Drivers/STM32F3xx_HAL_Driver/Inc/stm32f3xx_hal_i2c.h:637:66: note: expected 'uint8_t *' {aka 'unsigned char *'} but argument is of type 'uint8_t' {aka 'unsigned char'}
  637 |                                    uint16_t MemAddSize, uint8_t *pData, uint16_t Size, uint32_t Timeout);
      |                                                         ~~~~~~~~~^~~~~
../Core/Src/main.c:98:14: warning: unused variable 'str' [-Wunused-variable]
   98 |         char str[100];
      |              ^~~
../Core/Src/main.c:96:13: warning: unused variable 'intbuff' [-Wunused-variable]
   96 |         int intbuff;
      |             ^~~~~~~
../Core/Src/main.c:116:16: warning: 'buff' is used uninitialized [-Wuninitialized]
  116 |         res2 = HAL_I2C_Mem_Read(&hi2c1, number, 0x6B, 8, buff, 1, 1000);
      |                ^~~~~~~~~~~~~~~~~~~~~~~~~~~~~~~~~~~~~~~~~~~~~~~~~~~~~~~~
arm-none-eabi-gcc -o "gyro_nolibrary2.elf" @"objects.list"   -mcpu=cortex-m4 -T"C:\Users\mizun\Documents\GitHub\2024_Oidengiken\cubeIDE\gyro\gyro_nolibrary2\STM32F303K8TX_FLASH.ld" --specs=nosys.specs -Wl,-Map="gyro_nolibrary2.map" -Wl,--gc-sections -static --specs=nano.specs -mfpu=fpv4-sp-d16 -mfloat-abi=hard -mthumb -Wl,--start-group -lc -lm -Wl,--end-group
Finished building target: gyro_nolibrary2.elf
 
arm-none-eabi-size  gyro_nolibrary2.elf 
arm-none-eabi-objdump -h -S gyro_nolibrary2.elf  > "gyro_nolibrary2.list"
   text	   data	    bss	    dec	    hex	filename
  20040	    100	   2124	  22264	   56f8	gyro_nolibrary2.elf
Finished building: default.size.stdout
 
Finished building: gyro_nolibrary2.list
 
21:15:58 **** Incremental Build of configuration Debug for project gyro_nolibrary2 ****
make -j16 all 
arm-none-eabi-gcc "../Core/Src/main.c" -mcpu=cortex-m4 -std=gnu11 -g3 -DDEBUG -DUSE_HAL_DRIVER -DSTM32F303x8 -c -I../Core/Inc -I../Drivers/STM32F3xx_HAL_Driver/Inc -I../Drivers/STM32F3xx_HAL_Driver/Inc/Legacy -I../Drivers/CMSIS/Device/ST/STM32F3xx/Include -I../Drivers/CMSIS/Include -O0 -ffunction-sections -fdata-sections -Wall -fstack-usage -fcyclomatic-complexity -MMD -MP -MF"Core/Src/main.d" -MT"Core/Src/main.o" --specs=nano.specs -mfpu=fpv4-sp-d16 -mfloat-abi=hard -mthumb -o "Core/Src/main.o"
../Core/Src/main.c: In function 'main':
../Core/Src/main.c:108:25: warning: implicit declaration of function 'snprintf' [-Wimplicit-function-declaration]
  108 |                         snprintf(msg, sizeof(msg), "0x%02X\r\n", i);
      |                         ^~~~~~~~
../Core/Src/main.c:21:1: note: include '<stdio.h>' or provide a declaration of 'snprintf'
   20 | #include "main.h"
  +++ |+#include <stdio.h>
   21 | 
../Core/Src/main.c:108:25: warning: incompatible implicit declaration of built-in function 'snprintf' [-Wbuiltin-declaration-mismatch]
  108 |                         snprintf(msg, sizeof(msg), "0x%02X\r\n", i);
      |                         ^~~~~~~~
../Core/Src/main.c:108:25: note: include '<stdio.h>' or provide a declaration of 'snprintf'
../Core/Src/main.c:109:68: warning: implicit declaration of function 'strlen' [-Wimplicit-function-declaration]
  109 |                         HAL_UART_Transmit(&huart2, (uint8_t*) msg, strlen(msg),
      |                                                                    ^~~~~~
../Core/Src/main.c:21:1: note: include '<string.h>' or provide a declaration of 'strlen'
   20 | #include "main.h"
  +++ |+#include <string.h>
   21 | 
../Core/Src/main.c:109:68: warning: incompatible implicit declaration of built-in function 'strlen' [-Wbuiltin-declaration-mismatch]
  109 |                         HAL_UART_Transmit(&huart2, (uint8_t*) msg, strlen(msg),
      |                                                                    ^~~~~~
../Core/Src/main.c:109:68: note: include '<string.h>' or provide a declaration of 'strlen'
../Core/Src/main.c:116:58: warning: passing argument 5 of 'HAL_I2C_Mem_Read' makes pointer from integer without a cast [-Wint-conversion]
  116 |         res2 = HAL_I2C_Mem_Read(&hi2c1, number, 0x6B, 8, buff, 1, 1000);
      |                                                          ^~~~
      |                                                          |
      |                                                          uint8_t {aka unsigned char}
In file included from ../Core/Inc/stm32f3xx_hal_conf.h:271,
                 from ../Drivers/STM32F3xx_HAL_Driver/Inc/stm32f3xx_hal.h:29,
                 from ../Core/Inc/main.h:30,
                 from ../Core/Src/main.c:20:
../Drivers/STM32F3xx_HAL_Driver/Inc/stm32f3xx_hal_i2c.h:637:66: note: expected 'uint8_t *' {aka 'unsigned char *'} but argument is of type 'uint8_t' {aka 'unsigned char'}
  637 |                                    uint16_t MemAddSize, uint8_t *pData, uint16_t Size, uint32_t Timeout);
      |                                                         ~~~~~~~~~^~~~~
../Core/Src/main.c:98:14: warning: unused variable 'str' [-Wunused-variable]
   98 |         char str[100];
      |              ^~~
../Core/Src/main.c:96:13: warning: unused variable 'intbuff' [-Wunused-variable]
   96 |         int intbuff;
      |             ^~~~~~~
../Core/Src/main.c:116:16: warning: 'buff' is used uninitialized [-Wuninitialized]
  116 |         res2 = HAL_I2C_Mem_Read(&hi2c1, number, 0x6B, 8, buff, 1, 1000);
      |                ^~~~~~~~~~~~~~~~~~~~~~~~~~~~~~~~~~~~~~~~~~~~~~~~~~~~~~~~
arm-none-eabi-gcc -o "gyro_nolibrary2.elf" @"objects.list"   -mcpu=cortex-m4 -T"C:\Users\mizun\Documents\GitHub\2024_Oidengiken\cubeIDE\gyro\gyro_nolibrary2\STM32F303K8TX_FLASH.ld" --specs=nosys.specs -Wl,-Map="gyro_nolibrary2.map" -Wl,--gc-sections -static --specs=nano.specs -mfpu=fpv4-sp-d16 -mfloat-abi=hard -mthumb -Wl,--start-group -lc -lm -Wl,--end-group
Finished building target: gyro_nolibrary2.elf
 
arm-none-eabi-size  gyro_nolibrary2.elf 
arm-none-eabi-objdump -h -S gyro_nolibrary2.elf  > "gyro_nolibrary2.list"
   text	   data	    bss	    dec	    hex	filename
  20044	    100	   2124	  22268	   56fc	gyro_nolibrary2.elf
Finished building: default.size.stdout
 
Finished building: gyro_nolibrary2.list
 
21:16:21 **** Incremental Build of configuration Debug for project gyro_nolibrary2 ****
make -j16 all 
arm-none-eabi-gcc "../Core/Src/main.c" -mcpu=cortex-m4 -std=gnu11 -g3 -DDEBUG -DUSE_HAL_DRIVER -DSTM32F303x8 -c -I../Core/Inc -I../Drivers/STM32F3xx_HAL_Driver/Inc -I../Drivers/STM32F3xx_HAL_Driver/Inc/Legacy -I../Drivers/CMSIS/Device/ST/STM32F3xx/Include -I../Drivers/CMSIS/Include -O0 -ffunction-sections -fdata-sections -Wall -fstack-usage -fcyclomatic-complexity -MMD -MP -MF"Core/Src/main.d" -MT"Core/Src/main.o" --specs=nano.specs -mfpu=fpv4-sp-d16 -mfloat-abi=hard -mthumb -o "Core/Src/main.o"
../Core/Src/main.c: In function 'main':
../Core/Src/main.c:108:25: warning: implicit declaration of function 'snprintf' [-Wimplicit-function-declaration]
  108 |                         snprintf(msg, sizeof(msg), "0x%02X\r\n", i);
      |                         ^~~~~~~~
../Core/Src/main.c:21:1: note: include '<stdio.h>' or provide a declaration of 'snprintf'
   20 | #include "main.h"
  +++ |+#include <stdio.h>
   21 | 
../Core/Src/main.c:108:25: warning: incompatible implicit declaration of built-in function 'snprintf' [-Wbuiltin-declaration-mismatch]
  108 |                         snprintf(msg, sizeof(msg), "0x%02X\r\n", i);
      |                         ^~~~~~~~
../Core/Src/main.c:108:25: note: include '<stdio.h>' or provide a declaration of 'snprintf'
../Core/Src/main.c:109:68: warning: implicit declaration of function 'strlen' [-Wimplicit-function-declaration]
  109 |                         HAL_UART_Transmit(&huart2, (uint8_t*) msg, strlen(msg),
      |                                                                    ^~~~~~
../Core/Src/main.c:21:1: note: include '<string.h>' or provide a declaration of 'strlen'
   20 | #include "main.h"
  +++ |+#include <string.h>
   21 | 
../Core/Src/main.c:109:68: warning: incompatible implicit declaration of built-in function 'strlen' [-Wbuiltin-declaration-mismatch]
  109 |                         HAL_UART_Transmit(&huart2, (uint8_t*) msg, strlen(msg),
      |                                                                    ^~~~~~
../Core/Src/main.c:109:68: note: include '<string.h>' or provide a declaration of 'strlen'
../Core/Src/main.c:116:58: warning: passing argument 5 of 'HAL_I2C_Mem_Read' makes pointer from integer without a cast [-Wint-conversion]
  116 |         res2 = HAL_I2C_Mem_Read(&hi2c1, number, 0x6B, 8, buff, 1, 1000);
      |                                                          ^~~~
      |                                                          |
      |                                                          uint8_t {aka unsigned char}
In file included from ../Core/Inc/stm32f3xx_hal_conf.h:271,
                 from ../Drivers/STM32F3xx_HAL_Driver/Inc/stm32f3xx_hal.h:29,
                 from ../Core/Inc/main.h:30,
                 from ../Core/Src/main.c:20:
../Drivers/STM32F3xx_HAL_Driver/Inc/stm32f3xx_hal_i2c.h:637:66: note: expected 'uint8_t *' {aka 'unsigned char *'} but argument is of type 'uint8_t' {aka 'unsigned char'}
  637 |                                    uint16_t MemAddSize, uint8_t *pData, uint16_t Size, uint32_t Timeout);
      |                                                         ~~~~~~~~~^~~~~
../Core/Src/main.c:98:14: warning: unused variable 'str' [-Wunused-variable]
   98 |         char str[100];
      |              ^~~
../Core/Src/main.c:96:13: warning: unused variable 'intbuff' [-Wunused-variable]
   96 |         int intbuff;
      |             ^~~~~~~
../Core/Src/main.c:116:16: warning: 'buff' is used uninitialized [-Wuninitialized]
  116 |         res2 = HAL_I2C_Mem_Read(&hi2c1, number, 0x6B, 8, buff, 1, 1000);
      |                ^~~~~~~~~~~~~~~~~~~~~~~~~~~~~~~~~~~~~~~~~~~~~~~~~~~~~~~~
arm-none-eabi-gcc -o "gyro_nolibrary2.elf" @"objects.list"   -mcpu=cortex-m4 -T"C:\Users\mizun\Documents\GitHub\2024_Oidengiken\cubeIDE\gyro\gyro_nolibrary2\STM32F303K8TX_FLASH.ld" --specs=nosys.specs -Wl,-Map="gyro_nolibrary2.map" -Wl,--gc-sections -static --specs=nano.specs -mfpu=fpv4-sp-d16 -mfloat-abi=hard -mthumb -Wl,--start-group -lc -lm -Wl,--end-group
Finished building target: gyro_nolibrary2.elf
 
arm-none-eabi-size  gyro_nolibrary2.elf 
arm-none-eabi-objdump -h -S gyro_nolibrary2.elf  > "gyro_nolibrary2.list"
   text	   data	    bss	    dec	    hex	filename
  20076	    100	   2124	  22300	   571c	gyro_nolibrary2.elf
Finished building: default.size.stdout
 
Finished building: gyro_nolibrary2.list
 
21:17:38 **** Incremental Build of configuration Debug for project gyro_nolibrary2 ****
make -j16 all 
arm-none-eabi-size  gyro_nolibrary2.elf 
   text	   data	    bss	    dec	    hex	filename
  20076	    100	   2124	  22300	   571c	gyro_nolibrary2.elf
Finished building: default.size.stdout
 
21:18:02 **** Incremental Build of configuration Debug for project gyro_nolibrary2 ****
make -j16 all 
arm-none-eabi-gcc "../Core/Src/main.c" -mcpu=cortex-m4 -std=gnu11 -g3 -DDEBUG -DUSE_HAL_DRIVER -DSTM32F303x8 -c -I../Core/Inc -I../Drivers/STM32F3xx_HAL_Driver/Inc -I../Drivers/STM32F3xx_HAL_Driver/Inc/Legacy -I../Drivers/CMSIS/Device/ST/STM32F3xx/Include -I../Drivers/CMSIS/Include -O0 -ffunction-sections -fdata-sections -Wall -fstack-usage -fcyclomatic-complexity -MMD -MP -MF"Core/Src/main.d" -MT"Core/Src/main.o" --specs=nano.specs -mfpu=fpv4-sp-d16 -mfloat-abi=hard -mthumb -o "Core/Src/main.o"
../Core/Src/main.c: In function 'main':
../Core/Src/main.c:108:25: warning: implicit declaration of function 'snprintf' [-Wimplicit-function-declaration]
  108 |                         snprintf(msg, sizeof(msg), "0x%02X\r\n", i);
      |                         ^~~~~~~~
../Core/Src/main.c:21:1: note: include '<stdio.h>' or provide a declaration of 'snprintf'
   20 | #include "main.h"
  +++ |+#include <stdio.h>
   21 | 
../Core/Src/main.c:108:25: warning: incompatible implicit declaration of built-in function 'snprintf' [-Wbuiltin-declaration-mismatch]
  108 |                         snprintf(msg, sizeof(msg), "0x%02X\r\n", i);
      |                         ^~~~~~~~
../Core/Src/main.c:108:25: note: include '<stdio.h>' or provide a declaration of 'snprintf'
../Core/Src/main.c:109:68: warning: implicit declaration of function 'strlen' [-Wimplicit-function-declaration]
  109 |                         HAL_UART_Transmit(&huart2, (uint8_t*) msg, strlen(msg),
      |                                                                    ^~~~~~
../Core/Src/main.c:21:1: note: include '<string.h>' or provide a declaration of 'strlen'
   20 | #include "main.h"
  +++ |+#include <string.h>
   21 | 
../Core/Src/main.c:109:68: warning: incompatible implicit declaration of built-in function 'strlen' [-Wbuiltin-declaration-mismatch]
  109 |                         HAL_UART_Transmit(&huart2, (uint8_t*) msg, strlen(msg),
      |                                                                    ^~~~~~
../Core/Src/main.c:109:68: note: include '<string.h>' or provide a declaration of 'strlen'
../Core/Src/main.c:116:58: warning: passing argument 5 of 'HAL_I2C_Mem_Read' makes pointer from integer without a cast [-Wint-conversion]
  116 |         res2 = HAL_I2C_Mem_Read(&hi2c1, number, 0x6B, 8, buff, 1, 1000);
      |                                                          ^~~~
      |                                                          |
      |                                                          uint8_t {aka unsigned char}
In file included from ../Core/Inc/stm32f3xx_hal_conf.h:271,
                 from ../Drivers/STM32F3xx_HAL_Driver/Inc/stm32f3xx_hal.h:29,
                 from ../Core/Inc/main.h:30,
                 from ../Core/Src/main.c:20:
../Drivers/STM32F3xx_HAL_Driver/Inc/stm32f3xx_hal_i2c.h:637:66: note: expected 'uint8_t *' {aka 'unsigned char *'} but argument is of type 'uint8_t' {aka 'unsigned char'}
  637 |                                    uint16_t MemAddSize, uint8_t *pData, uint16_t Size, uint32_t Timeout);
      |                                                         ~~~~~~~~~^~~~~
../Core/Src/main.c:98:14: warning: unused variable 'str' [-Wunused-variable]
   98 |         char str[100];
      |              ^~~
../Core/Src/main.c:96:13: warning: unused variable 'intbuff' [-Wunused-variable]
   96 |         int intbuff;
      |             ^~~~~~~
../Core/Src/main.c:116:16: warning: 'buff' is used uninitialized [-Wuninitialized]
  116 |         res2 = HAL_I2C_Mem_Read(&hi2c1, number, 0x6B, 8, buff, 1, 1000);
      |                ^~~~~~~~~~~~~~~~~~~~~~~~~~~~~~~~~~~~~~~~~~~~~~~~~~~~~~~~
arm-none-eabi-gcc -o "gyro_nolibrary2.elf" @"objects.list"   -mcpu=cortex-m4 -T"C:\Users\mizun\Documents\GitHub\2024_Oidengiken\cubeIDE\gyro\gyro_nolibrary2\STM32F303K8TX_FLASH.ld" --specs=nosys.specs -Wl,-Map="gyro_nolibrary2.map" -Wl,--gc-sections -static --specs=nano.specs -mfpu=fpv4-sp-d16 -mfloat-abi=hard -mthumb -Wl,--start-group -lc -lm -Wl,--end-group
Finished building target: gyro_nolibrary2.elf
 
arm-none-eabi-size  gyro_nolibrary2.elf 
arm-none-eabi-objdump -h -S gyro_nolibrary2.elf  > "gyro_nolibrary2.list"
   text	   data	    bss	    dec	    hex	filename
  20044	    100	   2124	  22268	   56fc	gyro_nolibrary2.elf
Finished building: default.size.stdout
 
Finished building: gyro_nolibrary2.list
 
21:23:14 **** Incremental Build of configuration Debug for project gyro_nolibrary2 ****
make -j16 all 
arm-none-eabi-gcc "../Core/Src/main.c" -mcpu=cortex-m4 -std=gnu11 -g3 -DDEBUG -DUSE_HAL_DRIVER -DSTM32F303x8 -c -I../Core/Inc -I../Drivers/STM32F3xx_HAL_Driver/Inc -I../Drivers/STM32F3xx_HAL_Driver/Inc/Legacy -I../Drivers/CMSIS/Device/ST/STM32F3xx/Include -I../Drivers/CMSIS/Include -O0 -ffunction-sections -fdata-sections -Wall -fstack-usage -fcyclomatic-complexity -MMD -MP -MF"Core/Src/main.d" -MT"Core/Src/main.o" --specs=nano.specs -mfpu=fpv4-sp-d16 -mfloat-abi=hard -mthumb -o "Core/Src/main.o"
../Core/Src/main.c: In function 'main':
../Core/Src/main.c:108:25: warning: implicit declaration of function 'snprintf' [-Wimplicit-function-declaration]
  108 |                         snprintf(msg, sizeof(msg), "0x%02X\r\n", i);
      |                         ^~~~~~~~
../Core/Src/main.c:21:1: note: include '<stdio.h>' or provide a declaration of 'snprintf'
   20 | #include "main.h"
  +++ |+#include <stdio.h>
   21 | 
../Core/Src/main.c:108:25: warning: incompatible implicit declaration of built-in function 'snprintf' [-Wbuiltin-declaration-mismatch]
  108 |                         snprintf(msg, sizeof(msg), "0x%02X\r\n", i);
      |                         ^~~~~~~~
../Core/Src/main.c:108:25: note: include '<stdio.h>' or provide a declaration of 'snprintf'
../Core/Src/main.c:109:68: warning: implicit declaration of function 'strlen' [-Wimplicit-function-declaration]
  109 |                         HAL_UART_Transmit(&huart2, (uint8_t*) msg, strlen(msg),
      |                                                                    ^~~~~~
../Core/Src/main.c:21:1: note: include '<string.h>' or provide a declaration of 'strlen'
   20 | #include "main.h"
  +++ |+#include <string.h>
   21 | 
../Core/Src/main.c:109:68: warning: incompatible implicit declaration of built-in function 'strlen' [-Wbuiltin-declaration-mismatch]
  109 |                         HAL_UART_Transmit(&huart2, (uint8_t*) msg, strlen(msg),
      |                                                                    ^~~~~~
../Core/Src/main.c:109:68: note: include '<string.h>' or provide a declaration of 'strlen'
../Core/Src/main.c:117:58: warning: passing argument 5 of 'HAL_I2C_Mem_Read' makes pointer from integer without a cast [-Wint-conversion]
  117 |         res2 = HAL_I2C_Mem_Read(&hi2c1, number, 0x6B, 8, buff, 1, 1000);
      |                                                          ^~~~
      |                                                          |
      |                                                          uint8_t {aka unsigned char}
In file included from ../Core/Inc/stm32f3xx_hal_conf.h:271,
                 from ../Drivers/STM32F3xx_HAL_Driver/Inc/stm32f3xx_hal.h:29,
                 from ../Core/Inc/main.h:30,
                 from ../Core/Src/main.c:20:
../Drivers/STM32F3xx_HAL_Driver/Inc/stm32f3xx_hal_i2c.h:637:66: note: expected 'uint8_t *' {aka 'unsigned char *'} but argument is of type 'uint8_t' {aka 'unsigned char'}
  637 |                                    uint16_t MemAddSize, uint8_t *pData, uint16_t Size, uint32_t Timeout);
      |                                                         ~~~~~~~~~^~~~~
../Core/Src/main.c:98:14: warning: unused variable 'str' [-Wunused-variable]
   98 |         char str[100];
      |              ^~~
../Core/Src/main.c:96:13: warning: unused variable 'intbuff' [-Wunused-variable]
   96 |         int intbuff;
      |             ^~~~~~~
../Core/Src/main.c:117:16: warning: 'buff' is used uninitialized [-Wuninitialized]
  117 |         res2 = HAL_I2C_Mem_Read(&hi2c1, number, 0x6B, 8, buff, 1, 1000);
      |                ^~~~~~~~~~~~~~~~~~~~~~~~~~~~~~~~~~~~~~~~~~~~~~~~~~~~~~~~
arm-none-eabi-gcc -o "gyro_nolibrary2.elf" @"objects.list"   -mcpu=cortex-m4 -T"C:\Users\mizun\Documents\GitHub\2024_Oidengiken\cubeIDE\gyro\gyro_nolibrary2\STM32F303K8TX_FLASH.ld" --specs=nosys.specs -Wl,-Map="gyro_nolibrary2.map" -Wl,--gc-sections -static --specs=nano.specs -mfpu=fpv4-sp-d16 -mfloat-abi=hard -mthumb -Wl,--start-group -lc -lm -Wl,--end-group
Finished building target: gyro_nolibrary2.elf
 
arm-none-eabi-size  gyro_nolibrary2.elf 
arm-none-eabi-objdump -h -S gyro_nolibrary2.elf  > "gyro_nolibrary2.list"
   text	   data	    bss	    dec	    hex	filename
  20120	    100	   2124	  22344	   5748	gyro_nolibrary2.elf
Finished building: default.size.stdout
 
Finished building: gyro_nolibrary2.list
 
21:23:44 **** Incremental Build of configuration Debug for project gyro_nolibrary2 ****
make -j16 all 
arm-none-eabi-gcc "../Core/Src/main.c" -mcpu=cortex-m4 -std=gnu11 -g3 -DDEBUG -DUSE_HAL_DRIVER -DSTM32F303x8 -c -I../Core/Inc -I../Drivers/STM32F3xx_HAL_Driver/Inc -I../Drivers/STM32F3xx_HAL_Driver/Inc/Legacy -I../Drivers/CMSIS/Device/ST/STM32F3xx/Include -I../Drivers/CMSIS/Include -O0 -ffunction-sections -fdata-sections -Wall -fstack-usage -fcyclomatic-complexity -MMD -MP -MF"Core/Src/main.d" -MT"Core/Src/main.o" --specs=nano.specs -mfpu=fpv4-sp-d16 -mfloat-abi=hard -mthumb -o "Core/Src/main.o"
../Core/Src/main.c: In function 'main':
../Core/Src/main.c:108:25: warning: implicit declaration of function 'snprintf' [-Wimplicit-function-declaration]
  108 |                         snprintf(msg, sizeof(msg), "0x%02X\r\n", i);
      |                         ^~~~~~~~
../Core/Src/main.c:21:1: note: include '<stdio.h>' or provide a declaration of 'snprintf'
   20 | #include "main.h"
  +++ |+#include <stdio.h>
   21 | 
../Core/Src/main.c:108:25: warning: incompatible implicit declaration of built-in function 'snprintf' [-Wbuiltin-declaration-mismatch]
  108 |                         snprintf(msg, sizeof(msg), "0x%02X\r\n", i);
      |                         ^~~~~~~~
../Core/Src/main.c:108:25: note: include '<stdio.h>' or provide a declaration of 'snprintf'
../Core/Src/main.c:109:68: warning: implicit declaration of function 'strlen' [-Wimplicit-function-declaration]
  109 |                         HAL_UART_Transmit(&huart2, (uint8_t*) msg, strlen(msg),
      |                                                                    ^~~~~~
../Core/Src/main.c:21:1: note: include '<string.h>' or provide a declaration of 'strlen'
   20 | #include "main.h"
  +++ |+#include <string.h>
   21 | 
../Core/Src/main.c:109:68: warning: incompatible implicit declaration of built-in function 'strlen' [-Wbuiltin-declaration-mismatch]
  109 |                         HAL_UART_Transmit(&huart2, (uint8_t*) msg, strlen(msg),
      |                                                                    ^~~~~~
../Core/Src/main.c:109:68: note: include '<string.h>' or provide a declaration of 'strlen'
../Core/Src/main.c:117:58: warning: passing argument 5 of 'HAL_I2C_Mem_Read' makes pointer from integer without a cast [-Wint-conversion]
  117 |         res2 = HAL_I2C_Mem_Read(&hi2c1, number, 0x6B, 8, buff, 1, 1000);
      |                                                          ^~~~
      |                                                          |
      |                                                          uint8_t {aka unsigned char}
In file included from ../Core/Inc/stm32f3xx_hal_conf.h:271,
                 from ../Drivers/STM32F3xx_HAL_Driver/Inc/stm32f3xx_hal.h:29,
                 from ../Core/Inc/main.h:30,
                 from ../Core/Src/main.c:20:
../Drivers/STM32F3xx_HAL_Driver/Inc/stm32f3xx_hal_i2c.h:637:66: note: expected 'uint8_t *' {aka 'unsigned char *'} but argument is of type 'uint8_t' {aka 'unsigned char'}
  637 |                                    uint16_t MemAddSize, uint8_t *pData, uint16_t Size, uint32_t Timeout);
      |                                                         ~~~~~~~~~^~~~~
../Core/Src/main.c:98:14: warning: unused variable 'str' [-Wunused-variable]
   98 |         char str[100];
      |              ^~~
../Core/Src/main.c:96:13: warning: unused variable 'intbuff' [-Wunused-variable]
   96 |         int intbuff;
      |             ^~~~~~~
../Core/Src/main.c:117:16: warning: 'buff' is used uninitialized [-Wuninitialized]
  117 |         res2 = HAL_I2C_Mem_Read(&hi2c1, number, 0x6B, 8, buff, 1, 1000);
      |                ^~~~~~~~~~~~~~~~~~~~~~~~~~~~~~~~~~~~~~~~~~~~~~~~~~~~~~~~
arm-none-eabi-gcc -o "gyro_nolibrary2.elf" @"objects.list"   -mcpu=cortex-m4 -T"C:\Users\mizun\Documents\GitHub\2024_Oidengiken\cubeIDE\gyro\gyro_nolibrary2\STM32F303K8TX_FLASH.ld" --specs=nosys.specs -Wl,-Map="gyro_nolibrary2.map" -Wl,--gc-sections -static --specs=nano.specs -mfpu=fpv4-sp-d16 -mfloat-abi=hard -mthumb -Wl,--start-group -lc -lm -Wl,--end-group
Finished building target: gyro_nolibrary2.elf
 
arm-none-eabi-size  gyro_nolibrary2.elf 
arm-none-eabi-objdump -h -S gyro_nolibrary2.elf  > "gyro_nolibrary2.list"
   text	   data	    bss	    dec	    hex	filename
  20076	    100	   2124	  22300	   571c	gyro_nolibrary2.elf
Finished building: default.size.stdout
 
Finished building: gyro_nolibrary2.list
 
21:24:37 **** Incremental Build of configuration Debug for project gyro_nolibrary2 ****
make -j16 all 
arm-none-eabi-gcc "../Core/Src/main.c" -mcpu=cortex-m4 -std=gnu11 -g3 -DDEBUG -DUSE_HAL_DRIVER -DSTM32F303x8 -c -I../Core/Inc -I../Drivers/STM32F3xx_HAL_Driver/Inc -I../Drivers/STM32F3xx_HAL_Driver/Inc/Legacy -I../Drivers/CMSIS/Device/ST/STM32F3xx/Include -I../Drivers/CMSIS/Include -O0 -ffunction-sections -fdata-sections -Wall -fstack-usage -fcyclomatic-complexity -MMD -MP -MF"Core/Src/main.d" -MT"Core/Src/main.o" --specs=nano.specs -mfpu=fpv4-sp-d16 -mfloat-abi=hard -mthumb -o "Core/Src/main.o"
../Core/Src/main.c: In function 'main':
../Core/Src/main.c:108:25: warning: implicit declaration of function 'snprintf' [-Wimplicit-function-declaration]
  108 |                         snprintf(msg, sizeof(msg), "0x%02X\r\n", i);
      |                         ^~~~~~~~
../Core/Src/main.c:21:1: note: include '<stdio.h>' or provide a declaration of 'snprintf'
   20 | #include "main.h"
  +++ |+#include <stdio.h>
   21 | 
../Core/Src/main.c:108:25: warning: incompatible implicit declaration of built-in function 'snprintf' [-Wbuiltin-declaration-mismatch]
  108 |                         snprintf(msg, sizeof(msg), "0x%02X\r\n", i);
      |                         ^~~~~~~~
../Core/Src/main.c:108:25: note: include '<stdio.h>' or provide a declaration of 'snprintf'
../Core/Src/main.c:109:68: warning: implicit declaration of function 'strlen' [-Wimplicit-function-declaration]
  109 |                         HAL_UART_Transmit(&huart2, (uint8_t*) msg, strlen(msg),
      |                                                                    ^~~~~~
../Core/Src/main.c:21:1: note: include '<string.h>' or provide a declaration of 'strlen'
   20 | #include "main.h"
  +++ |+#include <string.h>
   21 | 
../Core/Src/main.c:109:68: warning: incompatible implicit declaration of built-in function 'strlen' [-Wbuiltin-declaration-mismatch]
  109 |                         HAL_UART_Transmit(&huart2, (uint8_t*) msg, strlen(msg),
      |                                                                    ^~~~~~
../Core/Src/main.c:109:68: note: include '<string.h>' or provide a declaration of 'strlen'
../Core/Src/main.c:117:58: warning: passing argument 5 of 'HAL_I2C_Mem_Read' makes pointer from integer without a cast [-Wint-conversion]
  117 |         res2 = HAL_I2C_Mem_Read(&hi2c1, number, 0x6B, 8, buff, 1, 1000);
      |                                                          ^~~~
      |                                                          |
      |                                                          uint8_t {aka unsigned char}
In file included from ../Core/Inc/stm32f3xx_hal_conf.h:271,
                 from ../Drivers/STM32F3xx_HAL_Driver/Inc/stm32f3xx_hal.h:29,
                 from ../Core/Inc/main.h:30,
                 from ../Core/Src/main.c:20:
../Drivers/STM32F3xx_HAL_Driver/Inc/stm32f3xx_hal_i2c.h:637:66: note: expected 'uint8_t *' {aka 'unsigned char *'} but argument is of type 'uint8_t' {aka 'unsigned char'}
  637 |                                    uint16_t MemAddSize, uint8_t *pData, uint16_t Size, uint32_t Timeout);
      |                                                         ~~~~~~~~~^~~~~
../Core/Src/main.c:98:14: warning: unused variable 'str' [-Wunused-variable]
   98 |         char str[100];
      |              ^~~
../Core/Src/main.c:96:13: warning: unused variable 'intbuff' [-Wunused-variable]
   96 |         int intbuff;
      |             ^~~~~~~
../Core/Src/main.c:117:16: warning: 'buff' is used uninitialized [-Wuninitialized]
  117 |         res2 = HAL_I2C_Mem_Read(&hi2c1, number, 0x6B, 8, buff, 1, 1000);
      |                ^~~~~~~~~~~~~~~~~~~~~~~~~~~~~~~~~~~~~~~~~~~~~~~~~~~~~~~~
arm-none-eabi-gcc -o "gyro_nolibrary2.elf" @"objects.list"   -mcpu=cortex-m4 -T"C:\Users\mizun\Documents\GitHub\2024_Oidengiken\cubeIDE\gyro\gyro_nolibrary2\STM32F303K8TX_FLASH.ld" --specs=nosys.specs -Wl,-Map="gyro_nolibrary2.map" -Wl,--gc-sections -static --specs=nano.specs -mfpu=fpv4-sp-d16 -mfloat-abi=hard -mthumb -Wl,--start-group -lc -lm -Wl,--end-group
Finished building target: gyro_nolibrary2.elf
 
arm-none-eabi-size  gyro_nolibrary2.elf 
arm-none-eabi-objdump -h -S gyro_nolibrary2.elf  > "gyro_nolibrary2.list"
   text	   data	    bss	    dec	    hex	filename
  20076	    100	   2124	  22300	   571c	gyro_nolibrary2.elf
Finished building: default.size.stdout
 
Finished building: gyro_nolibrary2.list
 
21:25:00 **** Incremental Build of configuration Debug for project gyro_nolibrary2 ****
make -j16 all 
arm-none-eabi-gcc "../Core/Src/main.c" -mcpu=cortex-m4 -std=gnu11 -g3 -DDEBUG -DUSE_HAL_DRIVER -DSTM32F303x8 -c -I../Core/Inc -I../Drivers/STM32F3xx_HAL_Driver/Inc -I../Drivers/STM32F3xx_HAL_Driver/Inc/Legacy -I../Drivers/CMSIS/Device/ST/STM32F3xx/Include -I../Drivers/CMSIS/Include -O0 -ffunction-sections -fdata-sections -Wall -fstack-usage -fcyclomatic-complexity -MMD -MP -MF"Core/Src/main.d" -MT"Core/Src/main.o" --specs=nano.specs -mfpu=fpv4-sp-d16 -mfloat-abi=hard -mthumb -o "Core/Src/main.o"
../Core/Src/main.c: In function 'main':
../Core/Src/main.c:108:25: warning: implicit declaration of function 'snprintf' [-Wimplicit-function-declaration]
  108 |                         snprintf(msg, sizeof(msg), "0x%02X\r\n", i);
      |                         ^~~~~~~~
../Core/Src/main.c:21:1: note: include '<stdio.h>' or provide a declaration of 'snprintf'
   20 | #include "main.h"
  +++ |+#include <stdio.h>
   21 | 
../Core/Src/main.c:108:25: warning: incompatible implicit declaration of built-in function 'snprintf' [-Wbuiltin-declaration-mismatch]
  108 |                         snprintf(msg, sizeof(msg), "0x%02X\r\n", i);
      |                         ^~~~~~~~
../Core/Src/main.c:108:25: note: include '<stdio.h>' or provide a declaration of 'snprintf'
../Core/Src/main.c:109:68: warning: implicit declaration of function 'strlen' [-Wimplicit-function-declaration]
  109 |                         HAL_UART_Transmit(&huart2, (uint8_t*) msg, strlen(msg),
      |                                                                    ^~~~~~
../Core/Src/main.c:21:1: note: include '<string.h>' or provide a declaration of 'strlen'
   20 | #include "main.h"
  +++ |+#include <string.h>
   21 | 
../Core/Src/main.c:109:68: warning: incompatible implicit declaration of built-in function 'strlen' [-Wbuiltin-declaration-mismatch]
  109 |                         HAL_UART_Transmit(&huart2, (uint8_t*) msg, strlen(msg),
      |                                                                    ^~~~~~
../Core/Src/main.c:109:68: note: include '<string.h>' or provide a declaration of 'strlen'
../Core/Src/main.c:117:58: warning: passing argument 5 of 'HAL_I2C_Mem_Read' makes pointer from integer without a cast [-Wint-conversion]
  117 |         res2 = HAL_I2C_Mem_Read(&hi2c1, number, 0x6B, 8, buff, 1, 1000);
      |                                                          ^~~~
      |                                                          |
      |                                                          uint8_t {aka unsigned char}
In file included from ../Core/Inc/stm32f3xx_hal_conf.h:271,
                 from ../Drivers/STM32F3xx_HAL_Driver/Inc/stm32f3xx_hal.h:29,
                 from ../Core/Inc/main.h:30,
                 from ../Core/Src/main.c:20:
../Drivers/STM32F3xx_HAL_Driver/Inc/stm32f3xx_hal_i2c.h:637:66: note: expected 'uint8_t *' {aka 'unsigned char *'} but argument is of type 'uint8_t' {aka 'unsigned char'}
  637 |                                    uint16_t MemAddSize, uint8_t *pData, uint16_t Size, uint32_t Timeout);
      |                                                         ~~~~~~~~~^~~~~
../Core/Src/main.c:98:14: warning: unused variable 'str' [-Wunused-variable]
   98 |         char str[100];
      |              ^~~
../Core/Src/main.c:96:13: warning: unused variable 'intbuff' [-Wunused-variable]
   96 |         int intbuff;
      |             ^~~~~~~
../Core/Src/main.c:117:16: warning: 'buff' is used uninitialized [-Wuninitialized]
  117 |         res2 = HAL_I2C_Mem_Read(&hi2c1, number, 0x6B, 8, buff, 1, 1000);
      |                ^~~~~~~~~~~~~~~~~~~~~~~~~~~~~~~~~~~~~~~~~~~~~~~~~~~~~~~~
arm-none-eabi-gcc -o "gyro_nolibrary2.elf" @"objects.list"   -mcpu=cortex-m4 -T"C:\Users\mizun\Documents\GitHub\2024_Oidengiken\cubeIDE\gyro\gyro_nolibrary2\STM32F303K8TX_FLASH.ld" --specs=nosys.specs -Wl,-Map="gyro_nolibrary2.map" -Wl,--gc-sections -static --specs=nano.specs -mfpu=fpv4-sp-d16 -mfloat-abi=hard -mthumb -Wl,--start-group -lc -lm -Wl,--end-group
Finished building target: gyro_nolibrary2.elf
 
arm-none-eabi-size  gyro_nolibrary2.elf 
arm-none-eabi-objdump -h -S gyro_nolibrary2.elf  > "gyro_nolibrary2.list"
   text	   data	    bss	    dec	    hex	filename
  20044	    100	   2124	  22268	   56fc	gyro_nolibrary2.elf
Finished building: default.size.stdout
 
Finished building: gyro_nolibrary2.list
 
21:29:15 **** Incremental Build of configuration Debug for project gyro_nolibrary2 ****
make -j16 all 
arm-none-eabi-gcc "../Core/Src/main.c" -mcpu=cortex-m4 -std=gnu11 -g3 -DDEBUG -DUSE_HAL_DRIVER -DSTM32F303x8 -c -I../Core/Inc -I../Drivers/STM32F3xx_HAL_Driver/Inc -I../Drivers/STM32F3xx_HAL_Driver/Inc/Legacy -I../Drivers/CMSIS/Device/ST/STM32F3xx/Include -I../Drivers/CMSIS/Include -O0 -ffunction-sections -fdata-sections -Wall -fstack-usage -fcyclomatic-complexity -MMD -MP -MF"Core/Src/main.d" -MT"Core/Src/main.o" --specs=nano.specs -mfpu=fpv4-sp-d16 -mfloat-abi=hard -mthumb -o "Core/Src/main.o"
../Core/Src/main.c: In function 'main':
../Core/Src/main.c:108:25: warning: implicit declaration of function 'snprintf' [-Wimplicit-function-declaration]
  108 |                         snprintf(msg, sizeof(msg), "0x%02X\r\n", i);
      |                         ^~~~~~~~
../Core/Src/main.c:21:1: note: include '<stdio.h>' or provide a declaration of 'snprintf'
   20 | #include "main.h"
  +++ |+#include <stdio.h>
   21 | 
../Core/Src/main.c:108:25: warning: incompatible implicit declaration of built-in function 'snprintf' [-Wbuiltin-declaration-mismatch]
  108 |                         snprintf(msg, sizeof(msg), "0x%02X\r\n", i);
      |                         ^~~~~~~~
../Core/Src/main.c:108:25: note: include '<stdio.h>' or provide a declaration of 'snprintf'
../Core/Src/main.c:117:58: warning: passing argument 5 of 'HAL_I2C_Mem_Read' makes pointer from integer without a cast [-Wint-conversion]
  117 |         res2 = HAL_I2C_Mem_Read(&hi2c1, number, 0x6B, 8, buff, 1, 1000);
      |                                                          ^~~~
      |                                                          |
      |                                                          uint8_t {aka unsigned char}
In file included from ../Core/Inc/stm32f3xx_hal_conf.h:271,
                 from ../Drivers/STM32F3xx_HAL_Driver/Inc/stm32f3xx_hal.h:29,
                 from ../Core/Inc/main.h:30,
                 from ../Core/Src/main.c:20:
../Drivers/STM32F3xx_HAL_Driver/Inc/stm32f3xx_hal_i2c.h:637:66: note: expected 'uint8_t *' {aka 'unsigned char *'} but argument is of type 'uint8_t' {aka 'unsigned char'}
  637 |                                    uint16_t MemAddSize, uint8_t *pData, uint16_t Size, uint32_t Timeout);
      |                                                         ~~~~~~~~~^~~~~
../Core/Src/main.c:98:14: warning: unused variable 'str' [-Wunused-variable]
   98 |         char str[100];
      |              ^~~
../Core/Src/main.c:96:13: warning: unused variable 'intbuff' [-Wunused-variable]
   96 |         int intbuff;
      |             ^~~~~~~
../Core/Src/main.c:117:16: warning: 'buff' is used uninitialized [-Wuninitialized]
  117 |         res2 = HAL_I2C_Mem_Read(&hi2c1, number, 0x6B, 8, buff, 1, 1000);
      |                ^~~~~~~~~~~~~~~~~~~~~~~~~~~~~~~~~~~~~~~~~~~~~~~~~~~~~~~~
arm-none-eabi-gcc -o "gyro_nolibrary2.elf" @"objects.list"   -mcpu=cortex-m4 -T"C:\Users\mizun\Documents\GitHub\2024_Oidengiken\cubeIDE\gyro\gyro_nolibrary2\STM32F303K8TX_FLASH.ld" --specs=nosys.specs -Wl,-Map="gyro_nolibrary2.map" -Wl,--gc-sections -static --specs=nano.specs -mfpu=fpv4-sp-d16 -mfloat-abi=hard -mthumb -Wl,--start-group -lc -lm -Wl,--end-group
Finished building target: gyro_nolibrary2.elf
 
arm-none-eabi-size  gyro_nolibrary2.elf 
arm-none-eabi-objdump -h -S gyro_nolibrary2.elf  > "gyro_nolibrary2.list"
   text	   data	    bss	    dec	    hex	filename
  20080	    100	   2124	  22304	   5720	gyro_nolibrary2.elf
Finished building: default.size.stdout
 
Finished building: gyro_nolibrary2.list
 
21:29:45 **** Incremental Build of configuration Debug for project gyro_nolibrary2 ****
make -j16 all 
arm-none-eabi-gcc "../Core/Src/main.c" -mcpu=cortex-m4 -std=gnu11 -g3 -DDEBUG -DUSE_HAL_DRIVER -DSTM32F303x8 -c -I../Core/Inc -I../Drivers/STM32F3xx_HAL_Driver/Inc -I../Drivers/STM32F3xx_HAL_Driver/Inc/Legacy -I../Drivers/CMSIS/Device/ST/STM32F3xx/Include -I../Drivers/CMSIS/Include -O0 -ffunction-sections -fdata-sections -Wall -fstack-usage -fcyclomatic-complexity -MMD -MP -MF"Core/Src/main.d" -MT"Core/Src/main.o" --specs=nano.specs -mfpu=fpv4-sp-d16 -mfloat-abi=hard -mthumb -o "Core/Src/main.o"
../Core/Src/main.c: In function 'main':
../Core/Src/main.c:108:25: warning: implicit declaration of function 'snprintf' [-Wimplicit-function-declaration]
  108 |                         snprintf(msg, sizeof(msg), "0x%02X\r\n", i);
      |                         ^~~~~~~~
../Core/Src/main.c:21:1: note: include '<stdio.h>' or provide a declaration of 'snprintf'
   20 | #include "main.h"
  +++ |+#include <stdio.h>
   21 | 
../Core/Src/main.c:108:25: warning: incompatible implicit declaration of built-in function 'snprintf' [-Wbuiltin-declaration-mismatch]
  108 |                         snprintf(msg, sizeof(msg), "0x%02X\r\n", i);
      |                         ^~~~~~~~
../Core/Src/main.c:108:25: note: include '<stdio.h>' or provide a declaration of 'snprintf'
../Core/Src/main.c:117:58: warning: passing argument 5 of 'HAL_I2C_Mem_Read' makes pointer from integer without a cast [-Wint-conversion]
  117 |         res2 = HAL_I2C_Mem_Read(&hi2c1, number, 0x6B, 8, buff, 1, 1000);
      |                                                          ^~~~
      |                                                          |
      |                                                          uint8_t {aka unsigned char}
In file included from ../Core/Inc/stm32f3xx_hal_conf.h:271,
                 from ../Drivers/STM32F3xx_HAL_Driver/Inc/stm32f3xx_hal.h:29,
                 from ../Core/Inc/main.h:30,
                 from ../Core/Src/main.c:20:
../Drivers/STM32F3xx_HAL_Driver/Inc/stm32f3xx_hal_i2c.h:637:66: note: expected 'uint8_t *' {aka 'unsigned char *'} but argument is of type 'uint8_t' {aka 'unsigned char'}
  637 |                                    uint16_t MemAddSize, uint8_t *pData, uint16_t Size, uint32_t Timeout);
      |                                                         ~~~~~~~~~^~~~~
../Core/Src/main.c:98:14: warning: unused variable 'str' [-Wunused-variable]
   98 |         char str[100];
      |              ^~~
../Core/Src/main.c:96:13: warning: unused variable 'intbuff' [-Wunused-variable]
   96 |         int intbuff;
      |             ^~~~~~~
../Core/Src/main.c:117:16: warning: 'buff' is used uninitialized [-Wuninitialized]
  117 |         res2 = HAL_I2C_Mem_Read(&hi2c1, number, 0x6B, 8, buff, 1, 1000);
      |                ^~~~~~~~~~~~~~~~~~~~~~~~~~~~~~~~~~~~~~~~~~~~~~~~~~~~~~~~
arm-none-eabi-gcc -o "gyro_nolibrary2.elf" @"objects.list"   -mcpu=cortex-m4 -T"C:\Users\mizun\Documents\GitHub\2024_Oidengiken\cubeIDE\gyro\gyro_nolibrary2\STM32F303K8TX_FLASH.ld" --specs=nosys.specs -Wl,-Map="gyro_nolibrary2.map" -Wl,--gc-sections -static --specs=nano.specs -mfpu=fpv4-sp-d16 -mfloat-abi=hard -mthumb -Wl,--start-group -lc -lm -Wl,--end-group
Finished building target: gyro_nolibrary2.elf
 
arm-none-eabi-size  gyro_nolibrary2.elf 
arm-none-eabi-objdump -h -S gyro_nolibrary2.elf  > "gyro_nolibrary2.list"
   text	   data	    bss	    dec	    hex	filename
  20116	    100	   2124	  22340	   5744	gyro_nolibrary2.elf
Finished building: default.size.stdout
 
Finished building: gyro_nolibrary2.list
 
21:33:57 **** Incremental Build of configuration Debug for project gyro_nolibrary2 ****
make -j16 all 
arm-none-eabi-gcc "../Core/Src/main.c" -mcpu=cortex-m4 -std=gnu11 -g3 -DDEBUG -DUSE_HAL_DRIVER -DSTM32F303x8 -c -I../Core/Inc -I../Drivers/STM32F3xx_HAL_Driver/Inc -I../Drivers/STM32F3xx_HAL_Driver/Inc/Legacy -I../Drivers/CMSIS/Device/ST/STM32F3xx/Include -I../Drivers/CMSIS/Include -O0 -ffunction-sections -fdata-sections -Wall -fstack-usage -fcyclomatic-complexity -MMD -MP -MF"Core/Src/main.d" -MT"Core/Src/main.o" --specs=nano.specs -mfpu=fpv4-sp-d16 -mfloat-abi=hard -mthumb -o "Core/Src/main.o"
../Core/Src/main.c: In function 'main':
../Core/Src/main.c:108:25: warning: implicit declaration of function 'snprintf' [-Wimplicit-function-declaration]
  108 |                         snprintf(msg, sizeof(msg), "0x%02X\r\n", i);
      |                         ^~~~~~~~
../Core/Src/main.c:21:1: note: include '<stdio.h>' or provide a declaration of 'snprintf'
   20 | #include "main.h"
  +++ |+#include <stdio.h>
   21 | 
../Core/Src/main.c:108:25: warning: incompatible implicit declaration of built-in function 'snprintf' [-Wbuiltin-declaration-mismatch]
  108 |                         snprintf(msg, sizeof(msg), "0x%02X\r\n", i);
      |                         ^~~~~~~~
../Core/Src/main.c:108:25: note: include '<stdio.h>' or provide a declaration of 'snprintf'
../Core/Src/main.c:117:58: warning: passing argument 5 of 'HAL_I2C_Mem_Read' makes pointer from integer without a cast [-Wint-conversion]
  117 |         res2 = HAL_I2C_Mem_Read(&hi2c1, number, 0x6B, 8, buff, 1, 1000);
      |                                                          ^~~~
      |                                                          |
      |                                                          uint8_t {aka unsigned char}
In file included from ../Core/Inc/stm32f3xx_hal_conf.h:271,
                 from ../Drivers/STM32F3xx_HAL_Driver/Inc/stm32f3xx_hal.h:29,
                 from ../Core/Inc/main.h:30,
                 from ../Core/Src/main.c:20:
../Drivers/STM32F3xx_HAL_Driver/Inc/stm32f3xx_hal_i2c.h:637:66: note: expected 'uint8_t *' {aka 'unsigned char *'} but argument is of type 'uint8_t' {aka 'unsigned char'}
  637 |                                    uint16_t MemAddSize, uint8_t *pData, uint16_t Size, uint32_t Timeout);
      |                                                         ~~~~~~~~~^~~~~
../Core/Src/main.c:98:14: warning: unused variable 'str' [-Wunused-variable]
   98 |         char str[100];
      |              ^~~
../Core/Src/main.c:96:13: warning: unused variable 'intbuff' [-Wunused-variable]
   96 |         int intbuff;
      |             ^~~~~~~
../Core/Src/main.c:117:16: warning: 'buff' is used uninitialized [-Wuninitialized]
  117 |         res2 = HAL_I2C_Mem_Read(&hi2c1, number, 0x6B, 8, buff, 1, 1000);
      |                ^~~~~~~~~~~~~~~~~~~~~~~~~~~~~~~~~~~~~~~~~~~~~~~~~~~~~~~~
arm-none-eabi-gcc -o "gyro_nolibrary2.elf" @"objects.list"   -mcpu=cortex-m4 -T"C:\Users\mizun\Documents\GitHub\2024_Oidengiken\cubeIDE\gyro\gyro_nolibrary2\STM32F303K8TX_FLASH.ld" --specs=nosys.specs -Wl,-Map="gyro_nolibrary2.map" -Wl,--gc-sections -static --specs=nano.specs -mfpu=fpv4-sp-d16 -mfloat-abi=hard -mthumb -Wl,--start-group -lc -lm -Wl,--end-group
Finished building target: gyro_nolibrary2.elf
 
arm-none-eabi-size  gyro_nolibrary2.elf 
arm-none-eabi-objdump -h -S gyro_nolibrary2.elf  > "gyro_nolibrary2.list"
   text	   data	    bss	    dec	    hex	filename
  20028	    100	   2124	  22252	   56ec	gyro_nolibrary2.elf
Finished building: default.size.stdout
 
Finished building: gyro_nolibrary2.list
 
21:35:59 **** Incremental Build of configuration Debug for project gyro_nolibrary2 ****
make -j16 all 
arm-none-eabi-gcc "../Core/Src/main.c" -mcpu=cortex-m4 -std=gnu11 -g3 -DDEBUG -DUSE_HAL_DRIVER -DSTM32F303x8 -c -I../Core/Inc -I../Drivers/STM32F3xx_HAL_Driver/Inc -I../Drivers/STM32F3xx_HAL_Driver/Inc/Legacy -I../Drivers/CMSIS/Device/ST/STM32F3xx/Include -I../Drivers/CMSIS/Include -O0 -ffunction-sections -fdata-sections -Wall -fstack-usage -fcyclomatic-complexity -MMD -MP -MF"Core/Src/main.d" -MT"Core/Src/main.o" --specs=nano.specs -mfpu=fpv4-sp-d16 -mfloat-abi=hard -mthumb -o "Core/Src/main.o"
../Core/Src/main.c: In function 'main':
../Core/Src/main.c:108:25: warning: implicit declaration of function 'snprintf' [-Wimplicit-function-declaration]
  108 |                         snprintf(msg, sizeof(msg), "0x%02X\r\n", i);
      |                         ^~~~~~~~
../Core/Src/main.c:21:1: note: include '<stdio.h>' or provide a declaration of 'snprintf'
   20 | #include "main.h"
  +++ |+#include <stdio.h>
   21 | 
../Core/Src/main.c:108:25: warning: incompatible implicit declaration of built-in function 'snprintf' [-Wbuiltin-declaration-mismatch]
  108 |                         snprintf(msg, sizeof(msg), "0x%02X\r\n", i);
      |                         ^~~~~~~~
../Core/Src/main.c:108:25: note: include '<stdio.h>' or provide a declaration of 'snprintf'
../Core/Src/main.c:117:58: warning: passing argument 5 of 'HAL_I2C_Mem_Read' makes pointer from integer without a cast [-Wint-conversion]
  117 |         res2 = HAL_I2C_Mem_Read(&hi2c1, number, 0x6B, 8, buff, 1, 1000);
      |                                                          ^~~~
      |                                                          |
      |                                                          uint8_t {aka unsigned char}
In file included from ../Core/Inc/stm32f3xx_hal_conf.h:271,
                 from ../Drivers/STM32F3xx_HAL_Driver/Inc/stm32f3xx_hal.h:29,
                 from ../Core/Inc/main.h:30,
                 from ../Core/Src/main.c:20:
../Drivers/STM32F3xx_HAL_Driver/Inc/stm32f3xx_hal_i2c.h:637:66: note: expected 'uint8_t *' {aka 'unsigned char *'} but argument is of type 'uint8_t' {aka 'unsigned char'}
  637 |                                    uint16_t MemAddSize, uint8_t *pData, uint16_t Size, uint32_t Timeout);
      |                                                         ~~~~~~~~~^~~~~
../Core/Src/main.c:98:14: warning: unused variable 'str' [-Wunused-variable]
   98 |         char str[100];
      |              ^~~
../Core/Src/main.c:96:13: warning: unused variable 'intbuff' [-Wunused-variable]
   96 |         int intbuff;
      |             ^~~~~~~
../Core/Src/main.c:117:16: warning: 'buff' is used uninitialized [-Wuninitialized]
  117 |         res2 = HAL_I2C_Mem_Read(&hi2c1, number, 0x6B, 8, buff, 1, 1000);
      |                ^~~~~~~~~~~~~~~~~~~~~~~~~~~~~~~~~~~~~~~~~~~~~~~~~~~~~~~~
arm-none-eabi-gcc -o "gyro_nolibrary2.elf" @"objects.list"   -mcpu=cortex-m4 -T"C:\Users\mizun\Documents\GitHub\2024_Oidengiken\cubeIDE\gyro\gyro_nolibrary2\STM32F303K8TX_FLASH.ld" --specs=nosys.specs -Wl,-Map="gyro_nolibrary2.map" -Wl,--gc-sections -static --specs=nano.specs -mfpu=fpv4-sp-d16 -mfloat-abi=hard -mthumb -Wl,--start-group -lc -lm -Wl,--end-group
Finished building target: gyro_nolibrary2.elf
 
arm-none-eabi-size  gyro_nolibrary2.elf 
arm-none-eabi-objdump -h -S gyro_nolibrary2.elf  > "gyro_nolibrary2.list"
   text	   data	    bss	    dec	    hex	filename
  20028	    100	   2124	  22252	   56ec	gyro_nolibrary2.elf
Finished building: default.size.stdout
 
Finished building: gyro_nolibrary2.list
 
21:36:22 **** Incremental Build of configuration Debug for project gyro_nolibrary2 ****
make -j16 all 
arm-none-eabi-gcc "../Core/Src/main.c" -mcpu=cortex-m4 -std=gnu11 -g3 -DDEBUG -DUSE_HAL_DRIVER -DSTM32F303x8 -c -I../Core/Inc -I../Drivers/STM32F3xx_HAL_Driver/Inc -I../Drivers/STM32F3xx_HAL_Driver/Inc/Legacy -I../Drivers/CMSIS/Device/ST/STM32F3xx/Include -I../Drivers/CMSIS/Include -O0 -ffunction-sections -fdata-sections -Wall -fstack-usage -fcyclomatic-complexity -MMD -MP -MF"Core/Src/main.d" -MT"Core/Src/main.o" --specs=nano.specs -mfpu=fpv4-sp-d16 -mfloat-abi=hard -mthumb -o "Core/Src/main.o"
../Core/Src/main.c: In function 'main':
../Core/Src/main.c:108:25: warning: implicit declaration of function 'snprintf' [-Wimplicit-function-declaration]
  108 |                         snprintf(msg, sizeof(msg), "0x%02X\r\n", i);
      |                         ^~~~~~~~
../Core/Src/main.c:21:1: note: include '<stdio.h>' or provide a declaration of 'snprintf'
   20 | #include "main.h"
  +++ |+#include <stdio.h>
   21 | 
../Core/Src/main.c:108:25: warning: incompatible implicit declaration of built-in function 'snprintf' [-Wbuiltin-declaration-mismatch]
  108 |                         snprintf(msg, sizeof(msg), "0x%02X\r\n", i);
      |                         ^~~~~~~~
../Core/Src/main.c:108:25: note: include '<stdio.h>' or provide a declaration of 'snprintf'
../Core/Src/main.c:117:58: warning: passing argument 5 of 'HAL_I2C_Mem_Read' makes pointer from integer without a cast [-Wint-conversion]
  117 |         res2 = HAL_I2C_Mem_Read(&hi2c1, number, 0x6B, 8, buff, 1, 1000);
      |                                                          ^~~~
      |                                                          |
      |                                                          uint8_t {aka unsigned char}
In file included from ../Core/Inc/stm32f3xx_hal_conf.h:271,
                 from ../Drivers/STM32F3xx_HAL_Driver/Inc/stm32f3xx_hal.h:29,
                 from ../Core/Inc/main.h:30,
                 from ../Core/Src/main.c:20:
../Drivers/STM32F3xx_HAL_Driver/Inc/stm32f3xx_hal_i2c.h:637:66: note: expected 'uint8_t *' {aka 'unsigned char *'} but argument is of type 'uint8_t' {aka 'unsigned char'}
  637 |                                    uint16_t MemAddSize, uint8_t *pData, uint16_t Size, uint32_t Timeout);
      |                                                         ~~~~~~~~~^~~~~
../Core/Src/main.c:98:14: warning: unused variable 'str' [-Wunused-variable]
   98 |         char str[100];
      |              ^~~
../Core/Src/main.c:96:13: warning: unused variable 'intbuff' [-Wunused-variable]
   96 |         int intbuff;
      |             ^~~~~~~
../Core/Src/main.c:117:16: warning: 'buff' is used uninitialized [-Wuninitialized]
  117 |         res2 = HAL_I2C_Mem_Read(&hi2c1, number, 0x6B, 8, buff, 1, 1000);
      |                ^~~~~~~~~~~~~~~~~~~~~~~~~~~~~~~~~~~~~~~~~~~~~~~~~~~~~~~~
arm-none-eabi-gcc -o "gyro_nolibrary2.elf" @"objects.list"   -mcpu=cortex-m4 -T"C:\Users\mizun\Documents\GitHub\2024_Oidengiken\cubeIDE\gyro\gyro_nolibrary2\STM32F303K8TX_FLASH.ld" --specs=nosys.specs -Wl,-Map="gyro_nolibrary2.map" -Wl,--gc-sections -static --specs=nano.specs -mfpu=fpv4-sp-d16 -mfloat-abi=hard -mthumb -Wl,--start-group -lc -lm -Wl,--end-group
Finished building target: gyro_nolibrary2.elf
 
arm-none-eabi-size  gyro_nolibrary2.elf 
arm-none-eabi-objdump -h -S gyro_nolibrary2.elf  > "gyro_nolibrary2.list"
   text	   data	    bss	    dec	    hex	filename
  20028	    100	   2124	  22252	   56ec	gyro_nolibrary2.elf
Finished building: default.size.stdout
 
Finished building: gyro_nolibrary2.list
 
21:36:42 **** Incremental Build of configuration Debug for project gyro_nolibrary2 ****
make -j16 all 
arm-none-eabi-gcc "../Core/Src/main.c" -mcpu=cortex-m4 -std=gnu11 -g3 -DDEBUG -DUSE_HAL_DRIVER -DSTM32F303x8 -c -I../Core/Inc -I../Drivers/STM32F3xx_HAL_Driver/Inc -I../Drivers/STM32F3xx_HAL_Driver/Inc/Legacy -I../Drivers/CMSIS/Device/ST/STM32F3xx/Include -I../Drivers/CMSIS/Include -O0 -ffunction-sections -fdata-sections -Wall -fstack-usage -fcyclomatic-complexity -MMD -MP -MF"Core/Src/main.d" -MT"Core/Src/main.o" --specs=nano.specs -mfpu=fpv4-sp-d16 -mfloat-abi=hard -mthumb -o "Core/Src/main.o"
../Core/Src/main.c: In function 'main':
../Core/Src/main.c:108:25: warning: implicit declaration of function 'snprintf' [-Wimplicit-function-declaration]
  108 |                         snprintf(msg, sizeof(msg), "0x%02X\r\n", i);
      |                         ^~~~~~~~
../Core/Src/main.c:21:1: note: include '<stdio.h>' or provide a declaration of 'snprintf'
   20 | #include "main.h"
  +++ |+#include <stdio.h>
   21 | 
../Core/Src/main.c:108:25: warning: incompatible implicit declaration of built-in function 'snprintf' [-Wbuiltin-declaration-mismatch]
  108 |                         snprintf(msg, sizeof(msg), "0x%02X\r\n", i);
      |                         ^~~~~~~~
../Core/Src/main.c:108:25: note: include '<stdio.h>' or provide a declaration of 'snprintf'
../Core/Src/main.c:117:58: warning: passing argument 5 of 'HAL_I2C_Mem_Read' makes pointer from integer without a cast [-Wint-conversion]
  117 |         res2 = HAL_I2C_Mem_Read(&hi2c1, number, 0x6B, 8, buff, 1, 1000);
      |                                                          ^~~~
      |                                                          |
      |                                                          uint8_t {aka unsigned char}
In file included from ../Core/Inc/stm32f3xx_hal_conf.h:271,
                 from ../Drivers/STM32F3xx_HAL_Driver/Inc/stm32f3xx_hal.h:29,
                 from ../Core/Inc/main.h:30,
                 from ../Core/Src/main.c:20:
../Drivers/STM32F3xx_HAL_Driver/Inc/stm32f3xx_hal_i2c.h:637:66: note: expected 'uint8_t *' {aka 'unsigned char *'} but argument is of type 'uint8_t' {aka 'unsigned char'}
  637 |                                    uint16_t MemAddSize, uint8_t *pData, uint16_t Size, uint32_t Timeout);
      |                                                         ~~~~~~~~~^~~~~
../Core/Src/main.c:98:14: warning: unused variable 'str' [-Wunused-variable]
   98 |         char str[100];
      |              ^~~
../Core/Src/main.c:96:13: warning: unused variable 'intbuff' [-Wunused-variable]
   96 |         int intbuff;
      |             ^~~~~~~
../Core/Src/main.c:117:16: warning: 'buff' is used uninitialized [-Wuninitialized]
  117 |         res2 = HAL_I2C_Mem_Read(&hi2c1, number, 0x6B, 8, buff, 1, 1000);
      |                ^~~~~~~~~~~~~~~~~~~~~~~~~~~~~~~~~~~~~~~~~~~~~~~~~~~~~~~~
arm-none-eabi-gcc -o "gyro_nolibrary2.elf" @"objects.list"   -mcpu=cortex-m4 -T"C:\Users\mizun\Documents\GitHub\2024_Oidengiken\cubeIDE\gyro\gyro_nolibrary2\STM32F303K8TX_FLASH.ld" --specs=nosys.specs -Wl,-Map="gyro_nolibrary2.map" -Wl,--gc-sections -static --specs=nano.specs -mfpu=fpv4-sp-d16 -mfloat-abi=hard -mthumb -Wl,--start-group -lc -lm -Wl,--end-group
Finished building target: gyro_nolibrary2.elf
 
arm-none-eabi-size  gyro_nolibrary2.elf 
arm-none-eabi-objdump -h -S gyro_nolibrary2.elf  > "gyro_nolibrary2.list"
   text	   data	    bss	    dec	    hex	filename
  20028	    100	   2124	  22252	   56ec	gyro_nolibrary2.elf
Finished building: default.size.stdout
 
Finished building: gyro_nolibrary2.list
 
21:37:05 **** Incremental Build of configuration Debug for project gyro_nolibrary2 ****
make -j16 all 
arm-none-eabi-gcc "../Core/Src/main.c" -mcpu=cortex-m4 -std=gnu11 -g3 -DDEBUG -DUSE_HAL_DRIVER -DSTM32F303x8 -c -I../Core/Inc -I../Drivers/STM32F3xx_HAL_Driver/Inc -I../Drivers/STM32F3xx_HAL_Driver/Inc/Legacy -I../Drivers/CMSIS/Device/ST/STM32F3xx/Include -I../Drivers/CMSIS/Include -O0 -ffunction-sections -fdata-sections -Wall -fstack-usage -fcyclomatic-complexity -MMD -MP -MF"Core/Src/main.d" -MT"Core/Src/main.o" --specs=nano.specs -mfpu=fpv4-sp-d16 -mfloat-abi=hard -mthumb -o "Core/Src/main.o"
../Core/Src/main.c: In function 'main':
../Core/Src/main.c:108:25: warning: implicit declaration of function 'snprintf' [-Wimplicit-function-declaration]
  108 |                         snprintf(msg, sizeof(msg), "0x%02X\r\n", i);
      |                         ^~~~~~~~
../Core/Src/main.c:21:1: note: include '<stdio.h>' or provide a declaration of 'snprintf'
   20 | #include "main.h"
  +++ |+#include <stdio.h>
   21 | 
../Core/Src/main.c:108:25: warning: incompatible implicit declaration of built-in function 'snprintf' [-Wbuiltin-declaration-mismatch]
  108 |                         snprintf(msg, sizeof(msg), "0x%02X\r\n", i);
      |                         ^~~~~~~~
../Core/Src/main.c:108:25: note: include '<stdio.h>' or provide a declaration of 'snprintf'
../Core/Src/main.c:117:58: warning: passing argument 5 of 'HAL_I2C_Mem_Read' makes pointer from integer without a cast [-Wint-conversion]
  117 |         res2 = HAL_I2C_Mem_Read(&hi2c1, number, 0x6B, 8, buff, 1, 1000);
      |                                                          ^~~~
      |                                                          |
      |                                                          uint8_t {aka unsigned char}
In file included from ../Core/Inc/stm32f3xx_hal_conf.h:271,
                 from ../Drivers/STM32F3xx_HAL_Driver/Inc/stm32f3xx_hal.h:29,
                 from ../Core/Inc/main.h:30,
                 from ../Core/Src/main.c:20:
../Drivers/STM32F3xx_HAL_Driver/Inc/stm32f3xx_hal_i2c.h:637:66: note: expected 'uint8_t *' {aka 'unsigned char *'} but argument is of type 'uint8_t' {aka 'unsigned char'}
  637 |                                    uint16_t MemAddSize, uint8_t *pData, uint16_t Size, uint32_t Timeout);
      |                                                         ~~~~~~~~~^~~~~
../Core/Src/main.c:98:14: warning: unused variable 'str' [-Wunused-variable]
   98 |         char str[100];
      |              ^~~
../Core/Src/main.c:96:13: warning: unused variable 'intbuff' [-Wunused-variable]
   96 |         int intbuff;
      |             ^~~~~~~
../Core/Src/main.c:117:16: warning: 'buff' is used uninitialized [-Wuninitialized]
  117 |         res2 = HAL_I2C_Mem_Read(&hi2c1, number, 0x6B, 8, buff, 1, 1000);
      |                ^~~~~~~~~~~~~~~~~~~~~~~~~~~~~~~~~~~~~~~~~~~~~~~~~~~~~~~~
arm-none-eabi-gcc -o "gyro_nolibrary2.elf" @"objects.list"   -mcpu=cortex-m4 -T"C:\Users\mizun\Documents\GitHub\2024_Oidengiken\cubeIDE\gyro\gyro_nolibrary2\STM32F303K8TX_FLASH.ld" --specs=nosys.specs -Wl,-Map="gyro_nolibrary2.map" -Wl,--gc-sections -static --specs=nano.specs -mfpu=fpv4-sp-d16 -mfloat-abi=hard -mthumb -Wl,--start-group -lc -lm -Wl,--end-group
Finished building target: gyro_nolibrary2.elf
 
arm-none-eabi-size  gyro_nolibrary2.elf 
arm-none-eabi-objdump -h -S gyro_nolibrary2.elf  > "gyro_nolibrary2.list"
   text	   data	    bss	    dec	    hex	filename
  20028	    100	   2124	  22252	   56ec	gyro_nolibrary2.elf
Finished building: default.size.stdout
 
Finished building: gyro_nolibrary2.list
 
21:37:29 **** Incremental Build of configuration Debug for project gyro_nolibrary2 ****
make -j16 all 
arm-none-eabi-gcc "../Core/Src/main.c" -mcpu=cortex-m4 -std=gnu11 -g3 -DDEBUG -DUSE_HAL_DRIVER -DSTM32F303x8 -c -I../Core/Inc -I../Drivers/STM32F3xx_HAL_Driver/Inc -I../Drivers/STM32F3xx_HAL_Driver/Inc/Legacy -I../Drivers/CMSIS/Device/ST/STM32F3xx/Include -I../Drivers/CMSIS/Include -O0 -ffunction-sections -fdata-sections -Wall -fstack-usage -fcyclomatic-complexity -MMD -MP -MF"Core/Src/main.d" -MT"Core/Src/main.o" --specs=nano.specs -mfpu=fpv4-sp-d16 -mfloat-abi=hard -mthumb -o "Core/Src/main.o"
../Core/Src/main.c: In function 'main':
../Core/Src/main.c:108:25: warning: implicit declaration of function 'snprintf' [-Wimplicit-function-declaration]
  108 |                         snprintf(msg, sizeof(msg), "0x%02X\r\n", i);
      |                         ^~~~~~~~
../Core/Src/main.c:21:1: note: include '<stdio.h>' or provide a declaration of 'snprintf'
   20 | #include "main.h"
  +++ |+#include <stdio.h>
   21 | 
../Core/Src/main.c:108:25: warning: incompatible implicit declaration of built-in function 'snprintf' [-Wbuiltin-declaration-mismatch]
  108 |                         snprintf(msg, sizeof(msg), "0x%02X\r\n", i);
      |                         ^~~~~~~~
../Core/Src/main.c:108:25: note: include '<stdio.h>' or provide a declaration of 'snprintf'
../Core/Src/main.c:117:58: warning: passing argument 5 of 'HAL_I2C_Mem_Read' makes pointer from integer without a cast [-Wint-conversion]
  117 |         res2 = HAL_I2C_Mem_Read(&hi2c1, number, 0x6B, 8, buff, 1, 1000);
      |                                                          ^~~~
      |                                                          |
      |                                                          uint8_t {aka unsigned char}
In file included from ../Core/Inc/stm32f3xx_hal_conf.h:271,
                 from ../Drivers/STM32F3xx_HAL_Driver/Inc/stm32f3xx_hal.h:29,
                 from ../Core/Inc/main.h:30,
                 from ../Core/Src/main.c:20:
../Drivers/STM32F3xx_HAL_Driver/Inc/stm32f3xx_hal_i2c.h:637:66: note: expected 'uint8_t *' {aka 'unsigned char *'} but argument is of type 'uint8_t' {aka 'unsigned char'}
  637 |                                    uint16_t MemAddSize, uint8_t *pData, uint16_t Size, uint32_t Timeout);
      |                                                         ~~~~~~~~~^~~~~
../Core/Src/main.c:98:14: warning: unused variable 'str' [-Wunused-variable]
   98 |         char str[100];
      |              ^~~
../Core/Src/main.c:96:13: warning: unused variable 'intbuff' [-Wunused-variable]
   96 |         int intbuff;
      |             ^~~~~~~
../Core/Src/main.c:117:16: warning: 'buff' is used uninitialized [-Wuninitialized]
  117 |         res2 = HAL_I2C_Mem_Read(&hi2c1, number, 0x6B, 8, buff, 1, 1000);
      |                ^~~~~~~~~~~~~~~~~~~~~~~~~~~~~~~~~~~~~~~~~~~~~~~~~~~~~~~~
arm-none-eabi-gcc -o "gyro_nolibrary2.elf" @"objects.list"   -mcpu=cortex-m4 -T"C:\Users\mizun\Documents\GitHub\2024_Oidengiken\cubeIDE\gyro\gyro_nolibrary2\STM32F303K8TX_FLASH.ld" --specs=nosys.specs -Wl,-Map="gyro_nolibrary2.map" -Wl,--gc-sections -static --specs=nano.specs -mfpu=fpv4-sp-d16 -mfloat-abi=hard -mthumb -Wl,--start-group -lc -lm -Wl,--end-group
Finished building target: gyro_nolibrary2.elf
 
arm-none-eabi-size  gyro_nolibrary2.elf 
arm-none-eabi-objdump -h -S gyro_nolibrary2.elf  > "gyro_nolibrary2.list"
   text	   data	    bss	    dec	    hex	filename
  20028	    100	   2124	  22252	   56ec	gyro_nolibrary2.elf
Finished building: default.size.stdout
 
Finished building: gyro_nolibrary2.list
 
21:38:13 **** Incremental Build of configuration Debug for project gyro_nolibrary2 ****
make -j16 all 
arm-none-eabi-gcc "../Core/Src/main.c" -mcpu=cortex-m4 -std=gnu11 -g3 -DDEBUG -DUSE_HAL_DRIVER -DSTM32F303x8 -c -I../Core/Inc -I../Drivers/STM32F3xx_HAL_Driver/Inc -I../Drivers/STM32F3xx_HAL_Driver/Inc/Legacy -I../Drivers/CMSIS/Device/ST/STM32F3xx/Include -I../Drivers/CMSIS/Include -O0 -ffunction-sections -fdata-sections -Wall -fstack-usage -fcyclomatic-complexity -MMD -MP -MF"Core/Src/main.d" -MT"Core/Src/main.o" --specs=nano.specs -mfpu=fpv4-sp-d16 -mfloat-abi=hard -mthumb -o "Core/Src/main.o"
../Core/Src/main.c: In function 'main':
../Core/Src/main.c:108:25: warning: implicit declaration of function 'snprintf' [-Wimplicit-function-declaration]
  108 |                         snprintf(msg, sizeof(msg), "0x%02X\r\n", i);
      |                         ^~~~~~~~
../Core/Src/main.c:21:1: note: include '<stdio.h>' or provide a declaration of 'snprintf'
   20 | #include "main.h"
  +++ |+#include <stdio.h>
   21 | 
../Core/Src/main.c:108:25: warning: incompatible implicit declaration of built-in function 'snprintf' [-Wbuiltin-declaration-mismatch]
  108 |                         snprintf(msg, sizeof(msg), "0x%02X\r\n", i);
      |                         ^~~~~~~~
../Core/Src/main.c:108:25: note: include '<stdio.h>' or provide a declaration of 'snprintf'
../Core/Src/main.c:117:58: warning: passing argument 5 of 'HAL_I2C_Mem_Read' makes pointer from integer without a cast [-Wint-conversion]
  117 |         res2 = HAL_I2C_Mem_Read(&hi2c1, number, 0x6B, 8, buff, 1, 1000);
      |                                                          ^~~~
      |                                                          |
      |                                                          uint8_t {aka unsigned char}
In file included from ../Core/Inc/stm32f3xx_hal_conf.h:271,
                 from ../Drivers/STM32F3xx_HAL_Driver/Inc/stm32f3xx_hal.h:29,
                 from ../Core/Inc/main.h:30,
                 from ../Core/Src/main.c:20:
../Drivers/STM32F3xx_HAL_Driver/Inc/stm32f3xx_hal_i2c.h:637:66: note: expected 'uint8_t *' {aka 'unsigned char *'} but argument is of type 'uint8_t' {aka 'unsigned char'}
  637 |                                    uint16_t MemAddSize, uint8_t *pData, uint16_t Size, uint32_t Timeout);
      |                                                         ~~~~~~~~~^~~~~
../Core/Src/main.c:98:14: warning: unused variable 'str' [-Wunused-variable]
   98 |         char str[100];
      |              ^~~
../Core/Src/main.c:96:13: warning: unused variable 'intbuff' [-Wunused-variable]
   96 |         int intbuff;
      |             ^~~~~~~
../Core/Src/main.c:117:16: warning: 'buff' is used uninitialized [-Wuninitialized]
  117 |         res2 = HAL_I2C_Mem_Read(&hi2c1, number, 0x6B, 8, buff, 1, 1000);
      |                ^~~~~~~~~~~~~~~~~~~~~~~~~~~~~~~~~~~~~~~~~~~~~~~~~~~~~~~~
arm-none-eabi-gcc -o "gyro_nolibrary2.elf" @"objects.list"   -mcpu=cortex-m4 -T"C:\Users\mizun\Documents\GitHub\2024_Oidengiken\cubeIDE\gyro\gyro_nolibrary2\STM32F303K8TX_FLASH.ld" --specs=nosys.specs -Wl,-Map="gyro_nolibrary2.map" -Wl,--gc-sections -static --specs=nano.specs -mfpu=fpv4-sp-d16 -mfloat-abi=hard -mthumb -Wl,--start-group -lc -lm -Wl,--end-group
Finished building target: gyro_nolibrary2.elf
 
arm-none-eabi-size  gyro_nolibrary2.elf 
arm-none-eabi-objdump -h -S gyro_nolibrary2.elf  > "gyro_nolibrary2.list"
   text	   data	    bss	    dec	    hex	filename
  20024	    100	   2124	  22248	   56e8	gyro_nolibrary2.elf
Finished building: default.size.stdout
 
Finished building: gyro_nolibrary2.list
 
21:38:35 **** Incremental Build of configuration Debug for project gyro_nolibrary2 ****
make -j16 all 
arm-none-eabi-gcc "../Core/Src/main.c" -mcpu=cortex-m4 -std=gnu11 -g3 -DDEBUG -DUSE_HAL_DRIVER -DSTM32F303x8 -c -I../Core/Inc -I../Drivers/STM32F3xx_HAL_Driver/Inc -I../Drivers/STM32F3xx_HAL_Driver/Inc/Legacy -I../Drivers/CMSIS/Device/ST/STM32F3xx/Include -I../Drivers/CMSIS/Include -O0 -ffunction-sections -fdata-sections -Wall -fstack-usage -fcyclomatic-complexity -MMD -MP -MF"Core/Src/main.d" -MT"Core/Src/main.o" --specs=nano.specs -mfpu=fpv4-sp-d16 -mfloat-abi=hard -mthumb -o "Core/Src/main.o"
../Core/Src/main.c: In function 'main':
../Core/Src/main.c:108:25: warning: implicit declaration of function 'snprintf' [-Wimplicit-function-declaration]
  108 |                         snprintf(msg, sizeof(msg), "0x%02X\r\n", i);
      |                         ^~~~~~~~
../Core/Src/main.c:21:1: note: include '<stdio.h>' or provide a declaration of 'snprintf'
   20 | #include "main.h"
  +++ |+#include <stdio.h>
   21 | 
../Core/Src/main.c:108:25: warning: incompatible implicit declaration of built-in function 'snprintf' [-Wbuiltin-declaration-mismatch]
  108 |                         snprintf(msg, sizeof(msg), "0x%02X\r\n", i);
      |                         ^~~~~~~~
../Core/Src/main.c:108:25: note: include '<stdio.h>' or provide a declaration of 'snprintf'
../Core/Src/main.c:117:58: warning: passing argument 5 of 'HAL_I2C_Mem_Read' makes pointer from integer without a cast [-Wint-conversion]
  117 |         res2 = HAL_I2C_Mem_Read(&hi2c1, number, 0x6B, 8, buff, 1, 1000);
      |                                                          ^~~~
      |                                                          |
      |                                                          uint8_t {aka unsigned char}
In file included from ../Core/Inc/stm32f3xx_hal_conf.h:271,
                 from ../Drivers/STM32F3xx_HAL_Driver/Inc/stm32f3xx_hal.h:29,
                 from ../Core/Inc/main.h:30,
                 from ../Core/Src/main.c:20:
../Drivers/STM32F3xx_HAL_Driver/Inc/stm32f3xx_hal_i2c.h:637:66: note: expected 'uint8_t *' {aka 'unsigned char *'} but argument is of type 'uint8_t' {aka 'unsigned char'}
  637 |                                    uint16_t MemAddSize, uint8_t *pData, uint16_t Size, uint32_t Timeout);
      |                                                         ~~~~~~~~~^~~~~
../Core/Src/main.c:98:14: warning: unused variable 'str' [-Wunused-variable]
   98 |         char str[100];
      |              ^~~
../Core/Src/main.c:96:13: warning: unused variable 'intbuff' [-Wunused-variable]
   96 |         int intbuff;
      |             ^~~~~~~
../Core/Src/main.c:117:16: warning: 'buff' is used uninitialized [-Wuninitialized]
  117 |         res2 = HAL_I2C_Mem_Read(&hi2c1, number, 0x6B, 8, buff, 1, 1000);
      |                ^~~~~~~~~~~~~~~~~~~~~~~~~~~~~~~~~~~~~~~~~~~~~~~~~~~~~~~~
arm-none-eabi-gcc -o "gyro_nolibrary2.elf" @"objects.list"   -mcpu=cortex-m4 -T"C:\Users\mizun\Documents\GitHub\2024_Oidengiken\cubeIDE\gyro\gyro_nolibrary2\STM32F303K8TX_FLASH.ld" --specs=nosys.specs -Wl,-Map="gyro_nolibrary2.map" -Wl,--gc-sections -static --specs=nano.specs -mfpu=fpv4-sp-d16 -mfloat-abi=hard -mthumb -Wl,--start-group -lc -lm -Wl,--end-group
Finished building target: gyro_nolibrary2.elf
 
arm-none-eabi-size  gyro_nolibrary2.elf 
arm-none-eabi-objdump -h -S gyro_nolibrary2.elf  > "gyro_nolibrary2.list"
   text	   data	    bss	    dec	    hex	filename
  20004	    100	   2124	  22228	   56d4	gyro_nolibrary2.elf
Finished building: default.size.stdout
 
Finished building: gyro_nolibrary2.list
 
17:21:37 **** Incremental Build of configuration Debug for project gyro_nolibrary2 ****
make -j16 all 
arm-none-eabi-gcc "../Core/Src/main.c" -mcpu=cortex-m4 -std=gnu11 -g3 -DDEBUG -DUSE_HAL_DRIVER -DSTM32F303x8 -c -I../Core/Inc -I../Drivers/STM32F3xx_HAL_Driver/Inc -I../Drivers/STM32F3xx_HAL_Driver/Inc/Legacy -I../Drivers/CMSIS/Device/ST/STM32F3xx/Include -I../Drivers/CMSIS/Include -O0 -ffunction-sections -fdata-sections -Wall -fstack-usage -fcyclomatic-complexity -MMD -MP -MF"Core/Src/main.d" -MT"Core/Src/main.o" --specs=nano.specs -mfpu=fpv4-sp-d16 -mfloat-abi=hard -mthumb -o "Core/Src/main.o"
../Core/Src/main.c: In function 'main':
../Core/Src/main.c:108:25: warning: implicit declaration of function 'snprintf' [-Wimplicit-function-declaration]
  108 |                         snprintf(msg, sizeof(msg), "0x%02X\r\n", i);
      |                         ^~~~~~~~
../Core/Src/main.c:21:1: note: include '<stdio.h>' or provide a declaration of 'snprintf'
   20 | #include "main.h"
  +++ |+#include <stdio.h>
   21 | 
../Core/Src/main.c:108:25: warning: incompatible implicit declaration of built-in function 'snprintf' [-Wbuiltin-declaration-mismatch]
  108 |                         snprintf(msg, sizeof(msg), "0x%02X\r\n", i);
      |                         ^~~~~~~~
../Core/Src/main.c:108:25: note: include '<stdio.h>' or provide a declaration of 'snprintf'
../Core/Src/main.c:117:58: warning: passing argument 5 of 'HAL_I2C_Mem_Read' makes pointer from integer without a cast [-Wint-conversion]
  117 |         res2 = HAL_I2C_Mem_Read(&hi2c1, number, 0x6B, 8, buff, 1, 1000);
      |                                                          ^~~~
      |                                                          |
      |                                                          uint8_t {aka unsigned char}
In file included from ../Core/Inc/stm32f3xx_hal_conf.h:271,
                 from ../Drivers/STM32F3xx_HAL_Driver/Inc/stm32f3xx_hal.h:29,
                 from ../Core/Inc/main.h:30,
                 from ../Core/Src/main.c:20:
../Drivers/STM32F3xx_HAL_Driver/Inc/stm32f3xx_hal_i2c.h:637:66: note: expected 'uint8_t *' {aka 'unsigned char *'} but argument is of type 'uint8_t' {aka 'unsigned char'}
  637 |                                    uint16_t MemAddSize, uint8_t *pData, uint16_t Size, uint32_t Timeout);
      |                                                         ~~~~~~~~~^~~~~
../Core/Src/main.c:120:17: warning: implicit declaration of function 'sprintf' [-Wimplicit-function-declaration]
  120 |                 sprintf(str, "%d\n\r", intbuff);
      |                 ^~~~~~~
../Core/Src/main.c:120:17: note: include '<stdio.h>' or provide a declaration of 'sprintf'
../Core/Src/main.c:120:17: warning: incompatible implicit declaration of built-in function 'sprintf' [-Wbuiltin-declaration-mismatch]
../Core/Src/main.c:120:17: note: include '<stdio.h>' or provide a declaration of 'sprintf'
../Core/Src/main.c:121:50: warning: implicit declaration of function 'strlen' [-Wimplicit-function-declaration]
  121 |                 HAL_UART_Transmit(&huart2, &str, strlen(str), 1000);
      |                                                  ^~~~~~
../Core/Src/main.c:21:1: note: include '<string.h>' or provide a declaration of 'strlen'
   20 | #include "main.h"
  +++ |+#include <string.h>
   21 | 
../Core/Src/main.c:121:50: warning: incompatible implicit declaration of built-in function 'strlen' [-Wbuiltin-declaration-mismatch]
  121 |                 HAL_UART_Transmit(&huart2, &str, strlen(str), 1000);
      |                                                  ^~~~~~
../Core/Src/main.c:121:50: note: include '<string.h>' or provide a declaration of 'strlen'
../Core/Src/main.c:121:44: warning: passing argument 2 of 'HAL_UART_Transmit' from incompatible pointer type [-Wincompatible-pointer-types]
  121 |                 HAL_UART_Transmit(&huart2, &str, strlen(str), 1000);
      |                                            ^~~~
      |                                            |
      |                                            char (*)[100]
In file included from ../Core/Inc/stm32f3xx_hal_conf.h:327,
                 from ../Drivers/STM32F3xx_HAL_Driver/Inc/stm32f3xx_hal.h:29,
                 from ../Core/Inc/main.h:30,
                 from ../Core/Src/main.c:20:
../Drivers/STM32F3xx_HAL_Driver/Inc/stm32f3xx_hal_uart.h:1486:79: note: expected 'const uint8_t *' {aka 'const unsigned char *'} but argument is of type 'char (*)[100]'
 1486 | HAL_StatusTypeDef HAL_UART_Transmit(UART_HandleTypeDef *huart, const uint8_t *pData, uint16_t Size, uint32_t Timeout);
      |                                                                ~~~~~~~~~~~~~~~^~~~~
../Core/Src/main.c:96:13: warning: unused variable 'intbuff' [-Wunused-variable]
   96 |         int intbuff;
      |             ^~~~~~~
../Core/Src/main.c:117:16: warning: 'buff' is used uninitialized [-Wuninitialized]
  117 |         res2 = HAL_I2C_Mem_Read(&hi2c1, number, 0x6B, 8, buff, 1, 1000);
      |                ^~~~~~~~~~~~~~~~~~~~~~~~~~~~~~~~~~~~~~~~~~~~~~~~~~~~~~~~
arm-none-eabi-gcc -o "gyro_nolibrary2.elf" @"objects.list"   -mcpu=cortex-m4 -T"C:\Users\mizun\Documents\GitHub\2024_Oidengiken\cubeIDE\gyro\gyro_nolibrary2\STM32F303K8TX_FLASH.ld" --specs=nosys.specs -Wl,-Map="gyro_nolibrary2.map" -Wl,--gc-sections -static --specs=nano.specs -mfpu=fpv4-sp-d16 -mfloat-abi=hard -mthumb -Wl,--start-group -lc -lm -Wl,--end-group
Finished building target: gyro_nolibrary2.elf
 
arm-none-eabi-size  gyro_nolibrary2.elf 
arm-none-eabi-objdump -h -S gyro_nolibrary2.elf  > "gyro_nolibrary2.list"
   text	   data	    bss	    dec	    hex	filename
  20168	    100	   2124	  22392	   5778	gyro_nolibrary2.elf
Finished building: default.size.stdout
 
Finished building: gyro_nolibrary2.list
 
17:22:19 **** Incremental Build of configuration Debug for project gyro_nolibrary2 ****
make -j16 all 
arm-none-eabi-gcc "../Core/Src/main.c" -mcpu=cortex-m4 -std=gnu11 -g3 -DDEBUG -DUSE_HAL_DRIVER -DSTM32F303x8 -c -I../Core/Inc -I../Drivers/STM32F3xx_HAL_Driver/Inc -I../Drivers/STM32F3xx_HAL_Driver/Inc/Legacy -I../Drivers/CMSIS/Device/ST/STM32F3xx/Include -I../Drivers/CMSIS/Include -O0 -ffunction-sections -fdata-sections -Wall -fstack-usage -fcyclomatic-complexity -MMD -MP -MF"Core/Src/main.d" -MT"Core/Src/main.o" --specs=nano.specs -mfpu=fpv4-sp-d16 -mfloat-abi=hard -mthumb -o "Core/Src/main.o"
../Core/Src/main.c: In function 'main':
../Core/Src/main.c:108:25: warning: implicit declaration of function 'snprintf' [-Wimplicit-function-declaration]
  108 |                         snprintf(msg, sizeof(msg), "0x%02X\r\n", i);
      |                         ^~~~~~~~
../Core/Src/main.c:21:1: note: include '<stdio.h>' or provide a declaration of 'snprintf'
   20 | #include "main.h"
  +++ |+#include <stdio.h>
   21 | 
../Core/Src/main.c:108:25: warning: incompatible implicit declaration of built-in function 'snprintf' [-Wbuiltin-declaration-mismatch]
  108 |                         snprintf(msg, sizeof(msg), "0x%02X\r\n", i);
      |                         ^~~~~~~~
../Core/Src/main.c:108:25: note: include '<stdio.h>' or provide a declaration of 'snprintf'
../Core/Src/main.c:117:58: warning: passing argument 5 of 'HAL_I2C_Mem_Read' makes pointer from integer without a cast [-Wint-conversion]
  117 |         res2 = HAL_I2C_Mem_Read(&hi2c1, number, 0x6B, 8, buff, 1, 1000);
      |                                                          ^~~~
      |                                                          |
      |                                                          uint8_t {aka unsigned char}
In file included from ../Core/Inc/stm32f3xx_hal_conf.h:271,
                 from ../Drivers/STM32F3xx_HAL_Driver/Inc/stm32f3xx_hal.h:29,
                 from ../Core/Inc/main.h:30,
                 from ../Core/Src/main.c:20:
../Drivers/STM32F3xx_HAL_Driver/Inc/stm32f3xx_hal_i2c.h:637:66: note: expected 'uint8_t *' {aka 'unsigned char *'} but argument is of type 'uint8_t' {aka 'unsigned char'}
  637 |                                    uint16_t MemAddSize, uint8_t *pData, uint16_t Size, uint32_t Timeout);
      |                                                         ~~~~~~~~~^~~~~
../Core/Src/main.c:120:17: warning: implicit declaration of function 'sprintf' [-Wimplicit-function-declaration]
  120 |                 sprintf(str, "%d\n\r", intbuff);
      |                 ^~~~~~~
../Core/Src/main.c:120:17: note: include '<stdio.h>' or provide a declaration of 'sprintf'
../Core/Src/main.c:120:17: warning: incompatible implicit declaration of built-in function 'sprintf' [-Wbuiltin-declaration-mismatch]
../Core/Src/main.c:120:17: note: include '<stdio.h>' or provide a declaration of 'sprintf'
../Core/Src/main.c:121:50: warning: implicit declaration of function 'strlen' [-Wimplicit-function-declaration]
  121 |                 HAL_UART_Transmit(&huart2, &str, strlen(str), 1000);
      |                                                  ^~~~~~
../Core/Src/main.c:21:1: note: include '<string.h>' or provide a declaration of 'strlen'
   20 | #include "main.h"
  +++ |+#include <string.h>
   21 | 
../Core/Src/main.c:121:50: warning: incompatible implicit declaration of built-in function 'strlen' [-Wbuiltin-declaration-mismatch]
  121 |                 HAL_UART_Transmit(&huart2, &str, strlen(str), 1000);
      |                                                  ^~~~~~
../Core/Src/main.c:121:50: note: include '<string.h>' or provide a declaration of 'strlen'
../Core/Src/main.c:121:44: warning: passing argument 2 of 'HAL_UART_Transmit' from incompatible pointer type [-Wincompatible-pointer-types]
  121 |                 HAL_UART_Transmit(&huart2, &str, strlen(str), 1000);
      |                                            ^~~~
      |                                            |
      |                                            char (*)[100]
In file included from ../Core/Inc/stm32f3xx_hal_conf.h:327,
                 from ../Drivers/STM32F3xx_HAL_Driver/Inc/stm32f3xx_hal.h:29,
                 from ../Core/Inc/main.h:30,
                 from ../Core/Src/main.c:20:
../Drivers/STM32F3xx_HAL_Driver/Inc/stm32f3xx_hal_uart.h:1486:79: note: expected 'const uint8_t *' {aka 'const unsigned char *'} but argument is of type 'char (*)[100]'
 1486 | HAL_StatusTypeDef HAL_UART_Transmit(UART_HandleTypeDef *huart, const uint8_t *pData, uint16_t Size, uint32_t Timeout);
      |                                                                ~~~~~~~~~~~~~~~^~~~~
../Core/Src/main.c:96:13: warning: unused variable 'intbuff' [-Wunused-variable]
   96 |         int intbuff;
      |             ^~~~~~~
../Core/Src/main.c:117:16: warning: 'buff' is used uninitialized [-Wuninitialized]
  117 |         res2 = HAL_I2C_Mem_Read(&hi2c1, number, 0x6B, 8, buff, 1, 1000);
      |                ^~~~~~~~~~~~~~~~~~~~~~~~~~~~~~~~~~~~~~~~~~~~~~~~~~~~~~~~
arm-none-eabi-gcc -o "gyro_nolibrary2.elf" @"objects.list"   -mcpu=cortex-m4 -T"C:\Users\mizun\Documents\GitHub\2024_Oidengiken\cubeIDE\gyro\gyro_nolibrary2\STM32F303K8TX_FLASH.ld" --specs=nosys.specs -Wl,-Map="gyro_nolibrary2.map" -Wl,--gc-sections -static --specs=nano.specs -mfpu=fpv4-sp-d16 -mfloat-abi=hard -mthumb -Wl,--start-group -lc -lm -Wl,--end-group
Finished building target: gyro_nolibrary2.elf
 
arm-none-eabi-size  gyro_nolibrary2.elf 
arm-none-eabi-objdump -h -S gyro_nolibrary2.elf  > "gyro_nolibrary2.list"
   text	   data	    bss	    dec	    hex	filename
  20196	    100	   2124	  22420	   5794	gyro_nolibrary2.elf
Finished building: default.size.stdout
 
Finished building: gyro_nolibrary2.list
 
17:22:44 **** Incremental Build of configuration Debug for project gyro_nolibrary2 ****
make -j16 all 
arm-none-eabi-gcc "../Core/Src/main.c" -mcpu=cortex-m4 -std=gnu11 -g3 -DDEBUG -DUSE_HAL_DRIVER -DSTM32F303x8 -c -I../Core/Inc -I../Drivers/STM32F3xx_HAL_Driver/Inc -I../Drivers/STM32F3xx_HAL_Driver/Inc/Legacy -I../Drivers/CMSIS/Device/ST/STM32F3xx/Include -I../Drivers/CMSIS/Include -O0 -ffunction-sections -fdata-sections -Wall -fstack-usage -fcyclomatic-complexity -MMD -MP -MF"Core/Src/main.d" -MT"Core/Src/main.o" --specs=nano.specs -mfpu=fpv4-sp-d16 -mfloat-abi=hard -mthumb -o "Core/Src/main.o"
../Core/Src/main.c: In function 'main':
../Core/Src/main.c:108:25: warning: implicit declaration of function 'snprintf' [-Wimplicit-function-declaration]
  108 |                         snprintf(msg, sizeof(msg), "0x%02X\r\n", i);
      |                         ^~~~~~~~
../Core/Src/main.c:21:1: note: include '<stdio.h>' or provide a declaration of 'snprintf'
   20 | #include "main.h"
  +++ |+#include <stdio.h>
   21 | 
../Core/Src/main.c:108:25: warning: incompatible implicit declaration of built-in function 'snprintf' [-Wbuiltin-declaration-mismatch]
  108 |                         snprintf(msg, sizeof(msg), "0x%02X\r\n", i);
      |                         ^~~~~~~~
../Core/Src/main.c:108:25: note: include '<stdio.h>' or provide a declaration of 'snprintf'
../Core/Src/main.c:117:58: warning: passing argument 5 of 'HAL_I2C_Mem_Read' makes pointer from integer without a cast [-Wint-conversion]
  117 |         res2 = HAL_I2C_Mem_Read(&hi2c1, number, 0x6B, 8, buff, 1, 1000);
      |                                                          ^~~~
      |                                                          |
      |                                                          uint8_t {aka unsigned char}
In file included from ../Core/Inc/stm32f3xx_hal_conf.h:271,
                 from ../Drivers/STM32F3xx_HAL_Driver/Inc/stm32f3xx_hal.h:29,
                 from ../Core/Inc/main.h:30,
                 from ../Core/Src/main.c:20:
../Drivers/STM32F3xx_HAL_Driver/Inc/stm32f3xx_hal_i2c.h:637:66: note: expected 'uint8_t *' {aka 'unsigned char *'} but argument is of type 'uint8_t' {aka 'unsigned char'}
  637 |                                    uint16_t MemAddSize, uint8_t *pData, uint16_t Size, uint32_t Timeout);
      |                                                         ~~~~~~~~~^~~~~
../Core/Src/main.c:120:17: warning: implicit declaration of function 'sprintf' [-Wimplicit-function-declaration]
  120 |                 sprintf(str, "%d\n\r", intbuff);
      |                 ^~~~~~~
../Core/Src/main.c:120:17: note: include '<stdio.h>' or provide a declaration of 'sprintf'
../Core/Src/main.c:120:17: warning: incompatible implicit declaration of built-in function 'sprintf' [-Wbuiltin-declaration-mismatch]
../Core/Src/main.c:120:17: note: include '<stdio.h>' or provide a declaration of 'sprintf'
../Core/Src/main.c:121:50: warning: implicit declaration of function 'strlen' [-Wimplicit-function-declaration]
  121 |                 HAL_UART_Transmit(&huart2, &str, strlen(str), 1000);
      |                                                  ^~~~~~
../Core/Src/main.c:21:1: note: include '<string.h>' or provide a declaration of 'strlen'
   20 | #include "main.h"
  +++ |+#include <string.h>
   21 | 
../Core/Src/main.c:121:50: warning: incompatible implicit declaration of built-in function 'strlen' [-Wbuiltin-declaration-mismatch]
  121 |                 HAL_UART_Transmit(&huart2, &str, strlen(str), 1000);
      |                                                  ^~~~~~
../Core/Src/main.c:121:50: note: include '<string.h>' or provide a declaration of 'strlen'
../Core/Src/main.c:121:44: warning: passing argument 2 of 'HAL_UART_Transmit' from incompatible pointer type [-Wincompatible-pointer-types]
  121 |                 HAL_UART_Transmit(&huart2, &str, strlen(str), 1000);
      |                                            ^~~~
      |                                            |
      |                                            char (*)[100]
In file included from ../Core/Inc/stm32f3xx_hal_conf.h:327,
                 from ../Drivers/STM32F3xx_HAL_Driver/Inc/stm32f3xx_hal.h:29,
                 from ../Core/Inc/main.h:30,
                 from ../Core/Src/main.c:20:
../Drivers/STM32F3xx_HAL_Driver/Inc/stm32f3xx_hal_uart.h:1486:79: note: expected 'const uint8_t *' {aka 'const unsigned char *'} but argument is of type 'char (*)[100]'
 1486 | HAL_StatusTypeDef HAL_UART_Transmit(UART_HandleTypeDef *huart, const uint8_t *pData, uint16_t Size, uint32_t Timeout);
      |                                                                ~~~~~~~~~~~~~~~^~~~~
../Core/Src/main.c:96:13: warning: unused variable 'intbuff' [-Wunused-variable]
   96 |         int intbuff;
      |             ^~~~~~~
../Core/Src/main.c:117:16: warning: 'buff' is used uninitialized [-Wuninitialized]
  117 |         res2 = HAL_I2C_Mem_Read(&hi2c1, number, 0x6B, 8, buff, 1, 1000);
      |                ^~~~~~~~~~~~~~~~~~~~~~~~~~~~~~~~~~~~~~~~~~~~~~~~~~~~~~~~
arm-none-eabi-gcc -o "gyro_nolibrary2.elf" @"objects.list"   -mcpu=cortex-m4 -T"C:\Users\mizun\Documents\GitHub\2024_Oidengiken\cubeIDE\gyro\gyro_nolibrary2\STM32F303K8TX_FLASH.ld" --specs=nosys.specs -Wl,-Map="gyro_nolibrary2.map" -Wl,--gc-sections -static --specs=nano.specs -mfpu=fpv4-sp-d16 -mfloat-abi=hard -mthumb -Wl,--start-group -lc -lm -Wl,--end-group
Finished building target: gyro_nolibrary2.elf
 
arm-none-eabi-size  gyro_nolibrary2.elf 
arm-none-eabi-objdump -h -S gyro_nolibrary2.elf  > "gyro_nolibrary2.list"
   text	   data	    bss	    dec	    hex	filename
  20196	    100	   2124	  22420	   5794	gyro_nolibrary2.elf
Finished building: default.size.stdout
 
Finished building: gyro_nolibrary2.list
 
17:23:13 **** Incremental Build of configuration Debug for project gyro_nolibrary2 ****
make -j16 all 
arm-none-eabi-gcc "../Core/Src/main.c" -mcpu=cortex-m4 -std=gnu11 -g3 -DDEBUG -DUSE_HAL_DRIVER -DSTM32F303x8 -c -I../Core/Inc -I../Drivers/STM32F3xx_HAL_Driver/Inc -I../Drivers/STM32F3xx_HAL_Driver/Inc/Legacy -I../Drivers/CMSIS/Device/ST/STM32F3xx/Include -I../Drivers/CMSIS/Include -O0 -ffunction-sections -fdata-sections -Wall -fstack-usage -fcyclomatic-complexity -MMD -MP -MF"Core/Src/main.d" -MT"Core/Src/main.o" --specs=nano.specs -mfpu=fpv4-sp-d16 -mfloat-abi=hard -mthumb -o "Core/Src/main.o"
../Core/Src/main.c: In function 'main':
../Core/Src/main.c:108:25: warning: implicit declaration of function 'snprintf' [-Wimplicit-function-declaration]
  108 |                         snprintf(msg, sizeof(msg), "0x%02X\r\n", i);
      |                         ^~~~~~~~
../Core/Src/main.c:21:1: note: include '<stdio.h>' or provide a declaration of 'snprintf'
   20 | #include "main.h"
  +++ |+#include <stdio.h>
   21 | 
../Core/Src/main.c:108:25: warning: incompatible implicit declaration of built-in function 'snprintf' [-Wbuiltin-declaration-mismatch]
  108 |                         snprintf(msg, sizeof(msg), "0x%02X\r\n", i);
      |                         ^~~~~~~~
../Core/Src/main.c:108:25: note: include '<stdio.h>' or provide a declaration of 'snprintf'
../Core/Src/main.c:117:58: warning: passing argument 5 of 'HAL_I2C_Mem_Read' makes pointer from integer without a cast [-Wint-conversion]
  117 |         res2 = HAL_I2C_Mem_Read(&hi2c1, number, 0x6B, 8, buff, 1, 1000);
      |                                                          ^~~~
      |                                                          |
      |                                                          uint8_t {aka unsigned char}
In file included from ../Core/Inc/stm32f3xx_hal_conf.h:271,
                 from ../Drivers/STM32F3xx_HAL_Driver/Inc/stm32f3xx_hal.h:29,
                 from ../Core/Inc/main.h:30,
                 from ../Core/Src/main.c:20:
../Drivers/STM32F3xx_HAL_Driver/Inc/stm32f3xx_hal_i2c.h:637:66: note: expected 'uint8_t *' {aka 'unsigned char *'} but argument is of type 'uint8_t' {aka 'unsigned char'}
  637 |                                    uint16_t MemAddSize, uint8_t *pData, uint16_t Size, uint32_t Timeout);
      |                                                         ~~~~~~~~~^~~~~
../Core/Src/main.c:98:14: warning: unused variable 'str' [-Wunused-variable]
   98 |         char str[100];
      |              ^~~
../Core/Src/main.c:96:13: warning: unused variable 'intbuff' [-Wunused-variable]
   96 |         int intbuff;
      |             ^~~~~~~
../Core/Src/main.c:117:16: warning: 'buff' is used uninitialized [-Wuninitialized]
  117 |         res2 = HAL_I2C_Mem_Read(&hi2c1, number, 0x6B, 8, buff, 1, 1000);
      |                ^~~~~~~~~~~~~~~~~~~~~~~~~~~~~~~~~~~~~~~~~~~~~~~~~~~~~~~~
arm-none-eabi-gcc -o "gyro_nolibrary2.elf" @"objects.list"   -mcpu=cortex-m4 -T"C:\Users\mizun\Documents\GitHub\2024_Oidengiken\cubeIDE\gyro\gyro_nolibrary2\STM32F303K8TX_FLASH.ld" --specs=nosys.specs -Wl,-Map="gyro_nolibrary2.map" -Wl,--gc-sections -static --specs=nano.specs -mfpu=fpv4-sp-d16 -mfloat-abi=hard -mthumb -Wl,--start-group -lc -lm -Wl,--end-group
Finished building target: gyro_nolibrary2.elf
 
arm-none-eabi-size  gyro_nolibrary2.elf 
arm-none-eabi-objdump -h -S gyro_nolibrary2.elf  > "gyro_nolibrary2.list"
   text	   data	    bss	    dec	    hex	filename
  20052	    100	   2124	  22276	   5704	gyro_nolibrary2.elf
Finished building: default.size.stdout
 
Finished building: gyro_nolibrary2.list
 
17:24:44 **** Incremental Build of configuration Debug for project gyro_nolibrary2 ****
make -j16 all 
arm-none-eabi-gcc "../Core/Src/main.c" -mcpu=cortex-m4 -std=gnu11 -g3 -DDEBUG -DUSE_HAL_DRIVER -DSTM32F303x8 -c -I../Core/Inc -I../Drivers/STM32F3xx_HAL_Driver/Inc -I../Drivers/STM32F3xx_HAL_Driver/Inc/Legacy -I../Drivers/CMSIS/Device/ST/STM32F3xx/Include -I../Drivers/CMSIS/Include -O0 -ffunction-sections -fdata-sections -Wall -fstack-usage -fcyclomatic-complexity -MMD -MP -MF"Core/Src/main.d" -MT"Core/Src/main.o" --specs=nano.specs -mfpu=fpv4-sp-d16 -mfloat-abi=hard -mthumb -o "Core/Src/main.o"
../Core/Src/main.c: In function 'main':
../Core/Src/main.c:108:25: warning: implicit declaration of function 'snprintf' [-Wimplicit-function-declaration]
  108 |                         snprintf(msg, sizeof(msg), "0x%02X\r\n", i);
      |                         ^~~~~~~~
../Core/Src/main.c:21:1: note: include '<stdio.h>' or provide a declaration of 'snprintf'
   20 | #include "main.h"
  +++ |+#include <stdio.h>
   21 | 
../Core/Src/main.c:108:25: warning: incompatible implicit declaration of built-in function 'snprintf' [-Wbuiltin-declaration-mismatch]
  108 |                         snprintf(msg, sizeof(msg), "0x%02X\r\n", i);
      |                         ^~~~~~~~
../Core/Src/main.c:108:25: note: include '<stdio.h>' or provide a declaration of 'snprintf'
../Core/Src/main.c:117:58: warning: passing argument 5 of 'HAL_I2C_Mem_Read' makes pointer from integer without a cast [-Wint-conversion]
  117 |         res2 = HAL_I2C_Mem_Read(&hi2c1, number, 0x6B, 8, buff, 1, 1000);
      |                                                          ^~~~
      |                                                          |
      |                                                          uint8_t {aka unsigned char}
In file included from ../Core/Inc/stm32f3xx_hal_conf.h:271,
                 from ../Drivers/STM32F3xx_HAL_Driver/Inc/stm32f3xx_hal.h:29,
                 from ../Core/Inc/main.h:30,
                 from ../Core/Src/main.c:20:
../Drivers/STM32F3xx_HAL_Driver/Inc/stm32f3xx_hal_i2c.h:637:66: note: expected 'uint8_t *' {aka 'unsigned char *'} but argument is of type 'uint8_t' {aka 'unsigned char'}
  637 |                                    uint16_t MemAddSize, uint8_t *pData, uint16_t Size, uint32_t Timeout);
      |                                                         ~~~~~~~~~^~~~~
../Core/Src/main.c:98:14: warning: unused variable 'str' [-Wunused-variable]
   98 |         char str[100];
      |              ^~~
../Core/Src/main.c:96:13: warning: unused variable 'intbuff' [-Wunused-variable]
   96 |         int intbuff;
      |             ^~~~~~~
../Core/Src/main.c:117:16: warning: 'buff' is used uninitialized [-Wuninitialized]
  117 |         res2 = HAL_I2C_Mem_Read(&hi2c1, number, 0x6B, 8, buff, 1, 1000);
      |                ^~~~~~~~~~~~~~~~~~~~~~~~~~~~~~~~~~~~~~~~~~~~~~~~~~~~~~~~
arm-none-eabi-gcc -o "gyro_nolibrary2.elf" @"objects.list"   -mcpu=cortex-m4 -T"C:\Users\mizun\Documents\GitHub\2024_Oidengiken\cubeIDE\gyro\gyro_nolibrary2\STM32F303K8TX_FLASH.ld" --specs=nosys.specs -Wl,-Map="gyro_nolibrary2.map" -Wl,--gc-sections -static --specs=nano.specs -mfpu=fpv4-sp-d16 -mfloat-abi=hard -mthumb -Wl,--start-group -lc -lm -Wl,--end-group
Finished building target: gyro_nolibrary2.elf
 
arm-none-eabi-size  gyro_nolibrary2.elf 
arm-none-eabi-objdump -h -S gyro_nolibrary2.elf  > "gyro_nolibrary2.list"
   text	   data	    bss	    dec	    hex	filename
  20024	    100	   2124	  22248	   56e8	gyro_nolibrary2.elf
Finished building: default.size.stdout
 
Finished building: gyro_nolibrary2.list
 
18:00:34 **** Incremental Build of configuration Debug for project gyro_nolibrary2 ****
make -j16 all 
arm-none-eabi-gcc "../Core/Src/main.c" -mcpu=cortex-m4 -std=gnu11 -g3 -DDEBUG -DUSE_HAL_DRIVER -DSTM32F303x8 -c -I../Core/Inc -I../Drivers/STM32F3xx_HAL_Driver/Inc -I../Drivers/STM32F3xx_HAL_Driver/Inc/Legacy -I../Drivers/CMSIS/Device/ST/STM32F3xx/Include -I../Drivers/CMSIS/Include -O0 -ffunction-sections -fdata-sections -Wall -fstack-usage -fcyclomatic-complexity -MMD -MP -MF"Core/Src/main.d" -MT"Core/Src/main.o" --specs=nano.specs -mfpu=fpv4-sp-d16 -mfloat-abi=hard -mthumb -o "Core/Src/main.o"
../Core/Src/main.c: In function 'main':
../Core/Src/main.c:108:25: warning: implicit declaration of function 'snprintf' [-Wimplicit-function-declaration]
  108 |                         snprintf(msg, sizeof(msg), "0x%02X\r\n", i);
      |                         ^~~~~~~~
../Core/Src/main.c:21:1: note: include '<stdio.h>' or provide a declaration of 'snprintf'
   20 | #include "main.h"
  +++ |+#include <stdio.h>
   21 | 
../Core/Src/main.c:108:25: warning: incompatible implicit declaration of built-in function 'snprintf' [-Wbuiltin-declaration-mismatch]
  108 |                         snprintf(msg, sizeof(msg), "0x%02X\r\n", i);
      |                         ^~~~~~~~
../Core/Src/main.c:108:25: note: include '<stdio.h>' or provide a declaration of 'snprintf'
../Core/Src/main.c:117:58: warning: passing argument 5 of 'HAL_I2C_Mem_Read' makes pointer from integer without a cast [-Wint-conversion]
  117 |         res2 = HAL_I2C_Mem_Read(&hi2c1, number, 0x6B, 8, buff, 1, 1000);
      |                                                          ^~~~
      |                                                          |
      |                                                          uint8_t {aka unsigned char}
In file included from ../Core/Inc/stm32f3xx_hal_conf.h:271,
                 from ../Drivers/STM32F3xx_HAL_Driver/Inc/stm32f3xx_hal.h:29,
                 from ../Core/Inc/main.h:30,
                 from ../Core/Src/main.c:20:
../Drivers/STM32F3xx_HAL_Driver/Inc/stm32f3xx_hal_i2c.h:637:66: note: expected 'uint8_t *' {aka 'unsigned char *'} but argument is of type 'uint8_t' {aka 'unsigned char'}
  637 |                                    uint16_t MemAddSize, uint8_t *pData, uint16_t Size, uint32_t Timeout);
      |                                                         ~~~~~~~~~^~~~~
../Core/Src/main.c:98:14: warning: unused variable 'str' [-Wunused-variable]
   98 |         char str[100];
      |              ^~~
../Core/Src/main.c:96:13: warning: unused variable 'intbuff' [-Wunused-variable]
   96 |         int intbuff;
      |             ^~~~~~~
../Core/Src/main.c:117:16: warning: 'buff' is used uninitialized [-Wuninitialized]
  117 |         res2 = HAL_I2C_Mem_Read(&hi2c1, number, 0x6B, 8, buff, 1, 1000);
      |                ^~~~~~~~~~~~~~~~~~~~~~~~~~~~~~~~~~~~~~~~~~~~~~~~~~~~~~~~
arm-none-eabi-gcc -o "gyro_nolibrary2.elf" @"objects.list"   -mcpu=cortex-m4 -T"C:\Users\mizun\Documents\GitHub\2024_Oidengiken\cubeIDE\gyro\gyro_nolibrary2\STM32F303K8TX_FLASH.ld" --specs=nosys.specs -Wl,-Map="gyro_nolibrary2.map" -Wl,--gc-sections -static --specs=nano.specs -mfpu=fpv4-sp-d16 -mfloat-abi=hard -mthumb -Wl,--start-group -lc -lm -Wl,--end-group
Finished building target: gyro_nolibrary2.elf
 
arm-none-eabi-size  gyro_nolibrary2.elf 
arm-none-eabi-objdump -h -S gyro_nolibrary2.elf  > "gyro_nolibrary2.list"
   text	   data	    bss	    dec	    hex	filename
  20024	    100	   2124	  22248	   56e8	gyro_nolibrary2.elf
Finished building: default.size.stdout
 
Finished building: gyro_nolibrary2.list
 
18:01:25 **** Incremental Build of configuration Debug for project gyro_nolibrary2 ****
make -j16 all 
arm-none-eabi-size  gyro_nolibrary2.elf 
   text	   data	    bss	    dec	    hex	filename
  20024	    100	   2124	  22248	   56e8	gyro_nolibrary2.elf
Finished building: default.size.stdout
 
18:01:55 **** Incremental Build of configuration Debug for project gyro_nolibrary2 ****
make -j16 all 
arm-none-eabi-gcc "../Core/Src/main.c" -mcpu=cortex-m4 -std=gnu11 -g3 -DDEBUG -DUSE_HAL_DRIVER -DSTM32F303x8 -c -I../Core/Inc -I../Drivers/STM32F3xx_HAL_Driver/Inc -I../Drivers/STM32F3xx_HAL_Driver/Inc/Legacy -I../Drivers/CMSIS/Device/ST/STM32F3xx/Include -I../Drivers/CMSIS/Include -O0 -ffunction-sections -fdata-sections -Wall -fstack-usage -fcyclomatic-complexity -MMD -MP -MF"Core/Src/main.d" -MT"Core/Src/main.o" --specs=nano.specs -mfpu=fpv4-sp-d16 -mfloat-abi=hard -mthumb -o "Core/Src/main.o"
../Core/Src/main.c: In function 'main':
../Core/Src/main.c:108:25: warning: implicit declaration of function 'snprintf' [-Wimplicit-function-declaration]
  108 |                         snprintf(msg, sizeof(msg), "0x%02X\r\n", i);
      |                         ^~~~~~~~
../Core/Src/main.c:21:1: note: include '<stdio.h>' or provide a declaration of 'snprintf'
   20 | #include "main.h"
  +++ |+#include <stdio.h>
   21 | 
../Core/Src/main.c:108:25: warning: incompatible implicit declaration of built-in function 'snprintf' [-Wbuiltin-declaration-mismatch]
  108 |                         snprintf(msg, sizeof(msg), "0x%02X\r\n", i);
      |                         ^~~~~~~~
../Core/Src/main.c:108:25: note: include '<stdio.h>' or provide a declaration of 'snprintf'
../Core/Src/main.c:117:58: warning: passing argument 5 of 'HAL_I2C_Mem_Read' makes pointer from integer without a cast [-Wint-conversion]
  117 |         res2 = HAL_I2C_Mem_Read(&hi2c1, number, 0x6B, 8, buff, 1, 1000);
      |                                                          ^~~~
      |                                                          |
      |                                                          uint8_t {aka unsigned char}
In file included from ../Core/Inc/stm32f3xx_hal_conf.h:271,
                 from ../Drivers/STM32F3xx_HAL_Driver/Inc/stm32f3xx_hal.h:29,
                 from ../Core/Inc/main.h:30,
                 from ../Core/Src/main.c:20:
../Drivers/STM32F3xx_HAL_Driver/Inc/stm32f3xx_hal_i2c.h:637:66: note: expected 'uint8_t *' {aka 'unsigned char *'} but argument is of type 'uint8_t' {aka 'unsigned char'}
  637 |                                    uint16_t MemAddSize, uint8_t *pData, uint16_t Size, uint32_t Timeout);
      |                                                         ~~~~~~~~~^~~~~
../Core/Src/main.c:120:33: warning: implicit declaration of function 'sprintf' [-Wimplicit-function-declaration]
  120 |                                 sprintf(str, "%d\n\r", intbuff);
      |                                 ^~~~~~~
../Core/Src/main.c:120:33: note: include '<stdio.h>' or provide a declaration of 'sprintf'
../Core/Src/main.c:120:33: warning: incompatible implicit declaration of built-in function 'sprintf' [-Wbuiltin-declaration-mismatch]
../Core/Src/main.c:120:33: note: include '<stdio.h>' or provide a declaration of 'sprintf'
../Core/Src/main.c:121:66: warning: implicit declaration of function 'strlen' [-Wimplicit-function-declaration]
  121 |                                 HAL_UART_Transmit(&huart2, &str, strlen(str), 1000);
      |                                                                  ^~~~~~
../Core/Src/main.c:21:1: note: include '<string.h>' or provide a declaration of 'strlen'
   20 | #include "main.h"
  +++ |+#include <string.h>
   21 | 
../Core/Src/main.c:121:66: warning: incompatible implicit declaration of built-in function 'strlen' [-Wbuiltin-declaration-mismatch]
  121 |                                 HAL_UART_Transmit(&huart2, &str, strlen(str), 1000);
      |                                                                  ^~~~~~
../Core/Src/main.c:121:66: note: include '<string.h>' or provide a declaration of 'strlen'
../Core/Src/main.c:121:60: warning: passing argument 2 of 'HAL_UART_Transmit' from incompatible pointer type [-Wincompatible-pointer-types]
  121 |                                 HAL_UART_Transmit(&huart2, &str, strlen(str), 1000);
      |                                                            ^~~~
      |                                                            |
      |                                                            char (*)[100]
In file included from ../Core/Inc/stm32f3xx_hal_conf.h:327,
                 from ../Drivers/STM32F3xx_HAL_Driver/Inc/stm32f3xx_hal.h:29,
                 from ../Core/Inc/main.h:30,
                 from ../Core/Src/main.c:20:
../Drivers/STM32F3xx_HAL_Driver/Inc/stm32f3xx_hal_uart.h:1486:79: note: expected 'const uint8_t *' {aka 'const unsigned char *'} but argument is of type 'char (*)[100]'
 1486 | HAL_StatusTypeDef HAL_UART_Transmit(UART_HandleTypeDef *huart, const uint8_t *pData, uint16_t Size, uint32_t Timeout);
      |                                                                ~~~~~~~~~~~~~~~^~~~~
../Core/Src/main.c:96:13: warning: unused variable 'intbuff' [-Wunused-variable]
   96 |         int intbuff;
      |             ^~~~~~~
../Core/Src/main.c:117:16: warning: 'buff' is used uninitialized [-Wuninitialized]
  117 |         res2 = HAL_I2C_Mem_Read(&hi2c1, number, 0x6B, 8, buff, 1, 1000);
      |                ^~~~~~~~~~~~~~~~~~~~~~~~~~~~~~~~~~~~~~~~~~~~~~~~~~~~~~~~
arm-none-eabi-gcc -o "gyro_nolibrary2.elf" @"objects.list"   -mcpu=cortex-m4 -T"C:\Users\mizun\Documents\GitHub\2024_Oidengiken\cubeIDE\gyro\gyro_nolibrary2\STM32F303K8TX_FLASH.ld" --specs=nosys.specs -Wl,-Map="gyro_nolibrary2.map" -Wl,--gc-sections -static --specs=nano.specs -mfpu=fpv4-sp-d16 -mfloat-abi=hard -mthumb -Wl,--start-group -lc -lm -Wl,--end-group
Finished building target: gyro_nolibrary2.elf
 
arm-none-eabi-size  gyro_nolibrary2.elf 
arm-none-eabi-objdump -h -S gyro_nolibrary2.elf  > "gyro_nolibrary2.list"
   text	   data	    bss	    dec	    hex	filename
  20168	    100	   2124	  22392	   5778	gyro_nolibrary2.elf
Finished building: default.size.stdout
 
Finished building: gyro_nolibrary2.list
 
18:02:44 **** Incremental Build of configuration Debug for project gyro_nolibrary2 ****
make -j16 all 
arm-none-eabi-gcc "../Core/Src/main.c" -mcpu=cortex-m4 -std=gnu11 -g3 -DDEBUG -DUSE_HAL_DRIVER -DSTM32F303x8 -c -I../Core/Inc -I../Drivers/STM32F3xx_HAL_Driver/Inc -I../Drivers/STM32F3xx_HAL_Driver/Inc/Legacy -I../Drivers/CMSIS/Device/ST/STM32F3xx/Include -I../Drivers/CMSIS/Include -O0 -ffunction-sections -fdata-sections -Wall -fstack-usage -fcyclomatic-complexity -MMD -MP -MF"Core/Src/main.d" -MT"Core/Src/main.o" --specs=nano.specs -mfpu=fpv4-sp-d16 -mfloat-abi=hard -mthumb -o "Core/Src/main.o"
../Core/Src/main.c: In function 'main':
../Core/Src/main.c:108:25: warning: implicit declaration of function 'snprintf' [-Wimplicit-function-declaration]
  108 |                         snprintf(msg, sizeof(msg), "0x%02X\r\n", i);
      |                         ^~~~~~~~
../Core/Src/main.c:21:1: note: include '<stdio.h>' or provide a declaration of 'snprintf'
   20 | #include "main.h"
  +++ |+#include <stdio.h>
   21 | 
../Core/Src/main.c:108:25: warning: incompatible implicit declaration of built-in function 'snprintf' [-Wbuiltin-declaration-mismatch]
  108 |                         snprintf(msg, sizeof(msg), "0x%02X\r\n", i);
      |                         ^~~~~~~~
../Core/Src/main.c:108:25: note: include '<stdio.h>' or provide a declaration of 'snprintf'
../Core/Src/main.c:117:58: warning: passing argument 5 of 'HAL_I2C_Mem_Read' makes pointer from integer without a cast [-Wint-conversion]
  117 |         res2 = HAL_I2C_Mem_Read(&hi2c1, number, 0x6B, 8, buff, 1, 1000);
      |                                                          ^~~~
      |                                                          |
      |                                                          uint8_t {aka unsigned char}
In file included from ../Core/Inc/stm32f3xx_hal_conf.h:271,
                 from ../Drivers/STM32F3xx_HAL_Driver/Inc/stm32f3xx_hal.h:29,
                 from ../Core/Inc/main.h:30,
                 from ../Core/Src/main.c:20:
../Drivers/STM32F3xx_HAL_Driver/Inc/stm32f3xx_hal_i2c.h:637:66: note: expected 'uint8_t *' {aka 'unsigned char *'} but argument is of type 'uint8_t' {aka 'unsigned char'}
  637 |                                    uint16_t MemAddSize, uint8_t *pData, uint16_t Size, uint32_t Timeout);
      |                                                         ~~~~~~~~~^~~~~
../Core/Src/main.c:120:33: warning: implicit declaration of function 'sprintf' [-Wimplicit-function-declaration]
  120 |                                 sprintf(str, "%d\n\r", intbuff);
      |                                 ^~~~~~~
../Core/Src/main.c:120:33: note: include '<stdio.h>' or provide a declaration of 'sprintf'
../Core/Src/main.c:120:33: warning: incompatible implicit declaration of built-in function 'sprintf' [-Wbuiltin-declaration-mismatch]
../Core/Src/main.c:120:33: note: include '<stdio.h>' or provide a declaration of 'sprintf'
../Core/Src/main.c:121:66: warning: implicit declaration of function 'strlen' [-Wimplicit-function-declaration]
  121 |                                 HAL_UART_Transmit(&huart2, &str, strlen(str), 1000);
      |                                                                  ^~~~~~
../Core/Src/main.c:21:1: note: include '<string.h>' or provide a declaration of 'strlen'
   20 | #include "main.h"
  +++ |+#include <string.h>
   21 | 
../Core/Src/main.c:121:66: warning: incompatible implicit declaration of built-in function 'strlen' [-Wbuiltin-declaration-mismatch]
  121 |                                 HAL_UART_Transmit(&huart2, &str, strlen(str), 1000);
      |                                                                  ^~~~~~
../Core/Src/main.c:121:66: note: include '<string.h>' or provide a declaration of 'strlen'
../Core/Src/main.c:121:60: warning: passing argument 2 of 'HAL_UART_Transmit' from incompatible pointer type [-Wincompatible-pointer-types]
  121 |                                 HAL_UART_Transmit(&huart2, &str, strlen(str), 1000);
      |                                                            ^~~~
      |                                                            |
      |                                                            char (*)[100]
In file included from ../Core/Inc/stm32f3xx_hal_conf.h:327,
                 from ../Drivers/STM32F3xx_HAL_Driver/Inc/stm32f3xx_hal.h:29,
                 from ../Core/Inc/main.h:30,
                 from ../Core/Src/main.c:20:
../Drivers/STM32F3xx_HAL_Driver/Inc/stm32f3xx_hal_uart.h:1486:79: note: expected 'const uint8_t *' {aka 'const unsigned char *'} but argument is of type 'char (*)[100]'
 1486 | HAL_StatusTypeDef HAL_UART_Transmit(UART_HandleTypeDef *huart, const uint8_t *pData, uint16_t Size, uint32_t Timeout);
      |                                                                ~~~~~~~~~~~~~~~^~~~~
../Core/Src/main.c:96:13: warning: unused variable 'intbuff' [-Wunused-variable]
   96 |         int intbuff=0;
      |             ^~~~~~~
../Core/Src/main.c:117:16: warning: 'buff' is used uninitialized [-Wuninitialized]
  117 |         res2 = HAL_I2C_Mem_Read(&hi2c1, number, 0x6B, 8, buff, 1, 1000);
      |                ^~~~~~~~~~~~~~~~~~~~~~~~~~~~~~~~~~~~~~~~~~~~~~~~~~~~~~~~
arm-none-eabi-gcc -o "gyro_nolibrary2.elf" @"objects.list"   -mcpu=cortex-m4 -T"C:\Users\mizun\Documents\GitHub\2024_Oidengiken\cubeIDE\gyro\gyro_nolibrary2\STM32F303K8TX_FLASH.ld" --specs=nosys.specs -Wl,-Map="gyro_nolibrary2.map" -Wl,--gc-sections -static --specs=nano.specs -mfpu=fpv4-sp-d16 -mfloat-abi=hard -mthumb -Wl,--start-group -lc -lm -Wl,--end-group
Finished building target: gyro_nolibrary2.elf
 
arm-none-eabi-size  gyro_nolibrary2.elf 
arm-none-eabi-objdump -h -S gyro_nolibrary2.elf  > "gyro_nolibrary2.list"
   text	   data	    bss	    dec	    hex	filename
  20172	    100	   2124	  22396	   577c	gyro_nolibrary2.elf
Finished building: default.size.stdout
 
Finished building: gyro_nolibrary2.list
 
18:03:40 **** Incremental Build of configuration Debug for project gyro_nolibrary2 ****
make -j16 all 
arm-none-eabi-gcc "../Core/Src/main.c" -mcpu=cortex-m4 -std=gnu11 -g3 -DDEBUG -DUSE_HAL_DRIVER -DSTM32F303x8 -c -I../Core/Inc -I../Drivers/STM32F3xx_HAL_Driver/Inc -I../Drivers/STM32F3xx_HAL_Driver/Inc/Legacy -I../Drivers/CMSIS/Device/ST/STM32F3xx/Include -I../Drivers/CMSIS/Include -O0 -ffunction-sections -fdata-sections -Wall -fstack-usage -fcyclomatic-complexity -MMD -MP -MF"Core/Src/main.d" -MT"Core/Src/main.o" --specs=nano.specs -mfpu=fpv4-sp-d16 -mfloat-abi=hard -mthumb -o "Core/Src/main.o"
../Core/Src/main.c: In function 'main':
../Core/Src/main.c:108:25: warning: implicit declaration of function 'snprintf' [-Wimplicit-function-declaration]
  108 |                         snprintf(msg, sizeof(msg), "0x%02X\r\n", i);
      |                         ^~~~~~~~
../Core/Src/main.c:21:1: note: include '<stdio.h>' or provide a declaration of 'snprintf'
   20 | #include "main.h"
  +++ |+#include <stdio.h>
   21 | 
../Core/Src/main.c:108:25: warning: incompatible implicit declaration of built-in function 'snprintf' [-Wbuiltin-declaration-mismatch]
  108 |                         snprintf(msg, sizeof(msg), "0x%02X\r\n", i);
      |                         ^~~~~~~~
../Core/Src/main.c:108:25: note: include '<stdio.h>' or provide a declaration of 'snprintf'
../Core/Src/main.c:117:58: warning: passing argument 5 of 'HAL_I2C_Mem_Read' makes pointer from integer without a cast [-Wint-conversion]
  117 |         res2 = HAL_I2C_Mem_Read(&hi2c1, number, 0x6B, 8, buff, 1, 1000);
      |                                                          ^~~~
      |                                                          |
      |                                                          uint8_t {aka unsigned char}
In file included from ../Core/Inc/stm32f3xx_hal_conf.h:271,
                 from ../Drivers/STM32F3xx_HAL_Driver/Inc/stm32f3xx_hal.h:29,
                 from ../Core/Inc/main.h:30,
                 from ../Core/Src/main.c:20:
../Drivers/STM32F3xx_HAL_Driver/Inc/stm32f3xx_hal_i2c.h:637:66: note: expected 'uint8_t *' {aka 'unsigned char *'} but argument is of type 'uint8_t' {aka 'unsigned char'}
  637 |                                    uint16_t MemAddSize, uint8_t *pData, uint16_t Size, uint32_t Timeout);
      |                                                         ~~~~~~~~~^~~~~
../Core/Src/main.c:120:33: warning: implicit declaration of function 'sprintf' [-Wimplicit-function-declaration]
  120 |                                 sprintf(str, "%d\n\r", intbuff);
      |                                 ^~~~~~~
../Core/Src/main.c:120:33: note: include '<stdio.h>' or provide a declaration of 'sprintf'
../Core/Src/main.c:120:33: warning: incompatible implicit declaration of built-in function 'sprintf' [-Wbuiltin-declaration-mismatch]
../Core/Src/main.c:120:33: note: include '<stdio.h>' or provide a declaration of 'sprintf'
../Core/Src/main.c:121:66: warning: implicit declaration of function 'strlen' [-Wimplicit-function-declaration]
  121 |                                 HAL_UART_Transmit(&huart2, &str, strlen(str), 1000);
      |                                                                  ^~~~~~
../Core/Src/main.c:21:1: note: include '<string.h>' or provide a declaration of 'strlen'
   20 | #include "main.h"
  +++ |+#include <string.h>
   21 | 
../Core/Src/main.c:121:66: warning: incompatible implicit declaration of built-in function 'strlen' [-Wbuiltin-declaration-mismatch]
  121 |                                 HAL_UART_Transmit(&huart2, &str, strlen(str), 1000);
      |                                                                  ^~~~~~
../Core/Src/main.c:121:66: note: include '<string.h>' or provide a declaration of 'strlen'
../Core/Src/main.c:121:60: warning: passing argument 2 of 'HAL_UART_Transmit' from incompatible pointer type [-Wincompatible-pointer-types]
  121 |                                 HAL_UART_Transmit(&huart2, &str, strlen(str), 1000);
      |                                                            ^~~~
      |                                                            |
      |                                                            char (*)[100]
In file included from ../Core/Inc/stm32f3xx_hal_conf.h:327,
                 from ../Drivers/STM32F3xx_HAL_Driver/Inc/stm32f3xx_hal.h:29,
                 from ../Core/Inc/main.h:30,
                 from ../Core/Src/main.c:20:
../Drivers/STM32F3xx_HAL_Driver/Inc/stm32f3xx_hal_uart.h:1486:79: note: expected 'const uint8_t *' {aka 'const unsigned char *'} but argument is of type 'char (*)[100]'
 1486 | HAL_StatusTypeDef HAL_UART_Transmit(UART_HandleTypeDef *huart, const uint8_t *pData, uint16_t Size, uint32_t Timeout);
      |                                                                ~~~~~~~~~~~~~~~^~~~~
../Core/Src/main.c:117:16: warning: 'buff' is used uninitialized [-Wuninitialized]
  117 |         res2 = HAL_I2C_Mem_Read(&hi2c1, number, 0x6B, 8, buff, 1, 1000);
      |                ^~~~~~~~~~~~~~~~~~~~~~~~~~~~~~~~~~~~~~~~~~~~~~~~~~~~~~~~
arm-none-eabi-gcc -o "gyro_nolibrary2.elf" @"objects.list"   -mcpu=cortex-m4 -T"C:\Users\mizun\Documents\GitHub\2024_Oidengiken\cubeIDE\gyro\gyro_nolibrary2\STM32F303K8TX_FLASH.ld" --specs=nosys.specs -Wl,-Map="gyro_nolibrary2.map" -Wl,--gc-sections -static --specs=nano.specs -mfpu=fpv4-sp-d16 -mfloat-abi=hard -mthumb -Wl,--start-group -lc -lm -Wl,--end-group
Finished building target: gyro_nolibrary2.elf
 
arm-none-eabi-size  gyro_nolibrary2.elf 
arm-none-eabi-objdump -h -S gyro_nolibrary2.elf  > "gyro_nolibrary2.list"
   text	   data	    bss	    dec	    hex	filename
  20172	    100	   2124	  22396	   577c	gyro_nolibrary2.elf
Finished building: default.size.stdout
 
Finished building: gyro_nolibrary2.list
 
18:04:59 **** Incremental Build of configuration Debug for project gyro_nolibrary2 ****
make -j16 all 
arm-none-eabi-gcc "../Core/Src/main.c" -mcpu=cortex-m4 -std=gnu11 -g3 -DDEBUG -DUSE_HAL_DRIVER -DSTM32F303x8 -c -I../Core/Inc -I../Drivers/STM32F3xx_HAL_Driver/Inc -I../Drivers/STM32F3xx_HAL_Driver/Inc/Legacy -I../Drivers/CMSIS/Device/ST/STM32F3xx/Include -I../Drivers/CMSIS/Include -O0 -ffunction-sections -fdata-sections -Wall -fstack-usage -fcyclomatic-complexity -MMD -MP -MF"Core/Src/main.d" -MT"Core/Src/main.o" --specs=nano.specs -mfpu=fpv4-sp-d16 -mfloat-abi=hard -mthumb -o "Core/Src/main.o"
../Core/Src/main.c: In function 'main':
../Core/Src/main.c:108:25: warning: implicit declaration of function 'snprintf' [-Wimplicit-function-declaration]
  108 |                         snprintf(msg, sizeof(msg), "0x%02X\r\n", i);
      |                         ^~~~~~~~
../Core/Src/main.c:21:1: note: include '<stdio.h>' or provide a declaration of 'snprintf'
   20 | #include "main.h"
  +++ |+#include <stdio.h>
   21 | 
../Core/Src/main.c:108:25: warning: incompatible implicit declaration of built-in function 'snprintf' [-Wbuiltin-declaration-mismatch]
  108 |                         snprintf(msg, sizeof(msg), "0x%02X\r\n", i);
      |                         ^~~~~~~~
../Core/Src/main.c:108:25: note: include '<stdio.h>' or provide a declaration of 'snprintf'
../Core/Src/main.c:117:58: warning: passing argument 5 of 'HAL_I2C_Mem_Read' makes pointer from integer without a cast [-Wint-conversion]
  117 |         res2 = HAL_I2C_Mem_Read(&hi2c1, number, 0x6B, 8, buff, 1, 1000);
      |                                                          ^~~~
      |                                                          |
      |                                                          uint8_t {aka unsigned char}
In file included from ../Core/Inc/stm32f3xx_hal_conf.h:271,
                 from ../Drivers/STM32F3xx_HAL_Driver/Inc/stm32f3xx_hal.h:29,
                 from ../Core/Inc/main.h:30,
                 from ../Core/Src/main.c:20:
../Drivers/STM32F3xx_HAL_Driver/Inc/stm32f3xx_hal_i2c.h:637:66: note: expected 'uint8_t *' {aka 'unsigned char *'} but argument is of type 'uint8_t' {aka 'unsigned char'}
  637 |                                    uint16_t MemAddSize, uint8_t *pData, uint16_t Size, uint32_t Timeout);
      |                                                         ~~~~~~~~~^~~~~
../Core/Src/main.c:120:33: warning: implicit declaration of function 'sprintf' [-Wimplicit-function-declaration]
  120 |                                 sprintf(str, "%d\n\r", intbuff);
      |                                 ^~~~~~~
../Core/Src/main.c:120:33: note: include '<stdio.h>' or provide a declaration of 'sprintf'
../Core/Src/main.c:120:33: warning: incompatible implicit declaration of built-in function 'sprintf' [-Wbuiltin-declaration-mismatch]
../Core/Src/main.c:120:33: note: include '<stdio.h>' or provide a declaration of 'sprintf'
../Core/Src/main.c:121:66: warning: implicit declaration of function 'strlen' [-Wimplicit-function-declaration]
  121 |                                 HAL_UART_Transmit(&huart2, &str, strlen(str), 1000);
      |                                                                  ^~~~~~
../Core/Src/main.c:21:1: note: include '<string.h>' or provide a declaration of 'strlen'
   20 | #include "main.h"
  +++ |+#include <string.h>
   21 | 
../Core/Src/main.c:121:66: warning: incompatible implicit declaration of built-in function 'strlen' [-Wbuiltin-declaration-mismatch]
  121 |                                 HAL_UART_Transmit(&huart2, &str, strlen(str), 1000);
      |                                                                  ^~~~~~
../Core/Src/main.c:121:66: note: include '<string.h>' or provide a declaration of 'strlen'
../Core/Src/main.c:121:60: warning: passing argument 2 of 'HAL_UART_Transmit' from incompatible pointer type [-Wincompatible-pointer-types]
  121 |                                 HAL_UART_Transmit(&huart2, &str, strlen(str), 1000);
      |                                                            ^~~~
      |                                                            |
      |                                                            char (*)[100]
In file included from ../Core/Inc/stm32f3xx_hal_conf.h:327,
                 from ../Drivers/STM32F3xx_HAL_Driver/Inc/stm32f3xx_hal.h:29,
                 from ../Core/Inc/main.h:30,
                 from ../Core/Src/main.c:20:
../Drivers/STM32F3xx_HAL_Driver/Inc/stm32f3xx_hal_uart.h:1486:79: note: expected 'const uint8_t *' {aka 'const unsigned char *'} but argument is of type 'char (*)[100]'
 1486 | HAL_StatusTypeDef HAL_UART_Transmit(UART_HandleTypeDef *huart, const uint8_t *pData, uint16_t Size, uint32_t Timeout);
      |                                                                ~~~~~~~~~~~~~~~^~~~~
../Core/Src/main.c:117:16: warning: 'buff' is used uninitialized [-Wuninitialized]
  117 |         res2 = HAL_I2C_Mem_Read(&hi2c1, number, 0x6B, 8, buff, 1, 1000);
      |                ^~~~~~~~~~~~~~~~~~~~~~~~~~~~~~~~~~~~~~~~~~~~~~~~~~~~~~~~
arm-none-eabi-gcc -o "gyro_nolibrary2.elf" @"objects.list"   -mcpu=cortex-m4 -T"C:\Users\mizun\Documents\GitHub\2024_Oidengiken\cubeIDE\gyro\gyro_nolibrary2\STM32F303K8TX_FLASH.ld" --specs=nosys.specs -Wl,-Map="gyro_nolibrary2.map" -Wl,--gc-sections -static --specs=nano.specs -mfpu=fpv4-sp-d16 -mfloat-abi=hard -mthumb -Wl,--start-group -lc -lm -Wl,--end-group
Finished building target: gyro_nolibrary2.elf
 
arm-none-eabi-size  gyro_nolibrary2.elf 
arm-none-eabi-objdump -h -S gyro_nolibrary2.elf  > "gyro_nolibrary2.list"
   text	   data	    bss	    dec	    hex	filename
  20172	    100	   2124	  22396	   577c	gyro_nolibrary2.elf
Finished building: default.size.stdout
 
Finished building: gyro_nolibrary2.list
 
18:10:44 **** Incremental Build of configuration Debug for project gyro_nolibrary2 ****
make -j16 all 
arm-none-eabi-size  gyro_nolibrary2.elf 
   text	   data	    bss	    dec	    hex	filename
  20172	    100	   2124	  22396	   577c	gyro_nolibrary2.elf
Finished building: default.size.stdout
 
18:12:33 **** Incremental Build of configuration Debug for project gyro_nolibrary2 ****
make -j16 all 
arm-none-eabi-gcc "../Core/Src/main.c" -mcpu=cortex-m4 -std=gnu11 -g3 -DDEBUG -DUSE_HAL_DRIVER -DSTM32F303x8 -c -I../Core/Inc -I../Drivers/STM32F3xx_HAL_Driver/Inc -I../Drivers/STM32F3xx_HAL_Driver/Inc/Legacy -I../Drivers/CMSIS/Device/ST/STM32F3xx/Include -I../Drivers/CMSIS/Include -O0 -ffunction-sections -fdata-sections -Wall -fstack-usage -fcyclomatic-complexity -MMD -MP -MF"Core/Src/main.d" -MT"Core/Src/main.o" --specs=nano.specs -mfpu=fpv4-sp-d16 -mfloat-abi=hard -mthumb -o "Core/Src/main.o"
../Core/Src/main.c: In function 'main':
../Core/Src/main.c:108:25: warning: implicit declaration of function 'snprintf' [-Wimplicit-function-declaration]
  108 |                         snprintf(msg, sizeof(msg), "0x%02X\r\n", i);
      |                         ^~~~~~~~
../Core/Src/main.c:21:1: note: include '<stdio.h>' or provide a declaration of 'snprintf'
   20 | #include "main.h"
  +++ |+#include <stdio.h>
   21 | 
../Core/Src/main.c:108:25: warning: incompatible implicit declaration of built-in function 'snprintf' [-Wbuiltin-declaration-mismatch]
  108 |                         snprintf(msg, sizeof(msg), "0x%02X\r\n", i);
      |                         ^~~~~~~~
../Core/Src/main.c:108:25: note: include '<stdio.h>' or provide a declaration of 'snprintf'
../Core/Src/main.c:117:58: warning: passing argument 5 of 'HAL_I2C_Mem_Read' makes pointer from integer without a cast [-Wint-conversion]
  117 |         res2 = HAL_I2C_Mem_Read(&hi2c1, number, 0x6B, 8, buff, 1, 1000);
      |                                                          ^~~~
      |                                                          |
      |                                                          uint8_t {aka unsigned char}
In file included from ../Core/Inc/stm32f3xx_hal_conf.h:271,
                 from ../Drivers/STM32F3xx_HAL_Driver/Inc/stm32f3xx_hal.h:29,
                 from ../Core/Inc/main.h:30,
                 from ../Core/Src/main.c:20:
../Drivers/STM32F3xx_HAL_Driver/Inc/stm32f3xx_hal_i2c.h:637:66: note: expected 'uint8_t *' {aka 'unsigned char *'} but argument is of type 'uint8_t' {aka 'unsigned char'}
  637 |                                    uint16_t MemAddSize, uint8_t *pData, uint16_t Size, uint32_t Timeout);
      |                                                         ~~~~~~~~~^~~~~
../Core/Src/main.c:119:48: error: invalid type argument of unary '*' (have 'int')
  119 |                                 intbuff = (int)*buff;
      |                                                ^~~~~
../Core/Src/main.c:120:33: warning: implicit declaration of function 'sprintf' [-Wimplicit-function-declaration]
  120 |                                 sprintf(str, "%d\n\r", intbuff);
      |                                 ^~~~~~~
../Core/Src/main.c:120:33: note: include '<stdio.h>' or provide a declaration of 'sprintf'
../Core/Src/main.c:120:33: warning: incompatible implicit declaration of built-in function 'sprintf' [-Wbuiltin-declaration-mismatch]
../Core/Src/main.c:120:33: note: include '<stdio.h>' or provide a declaration of 'sprintf'
../Core/Src/main.c:121:66: warning: implicit declaration of function 'strlen' [-Wimplicit-function-declaration]
  121 |                                 HAL_UART_Transmit(&huart2, &str, strlen(str), 1000);
      |                                                                  ^~~~~~
../Core/Src/main.c:21:1: note: include '<string.h>' or provide a declaration of 'strlen'
   20 | #include "main.h"
  +++ |+#include <string.h>
   21 | 
../Core/Src/main.c:121:66: warning: incompatible implicit declaration of built-in function 'strlen' [-Wbuiltin-declaration-mismatch]
  121 |                                 HAL_UART_Transmit(&huart2, &str, strlen(str), 1000);
      |                                                                  ^~~~~~
../Core/Src/main.c:121:66: note: include '<string.h>' or provide a declaration of 'strlen'
../Core/Src/main.c:121:60: warning: passing argument 2 of 'HAL_UART_Transmit' from incompatible pointer type [-Wincompatible-pointer-types]
  121 |                                 HAL_UART_Transmit(&huart2, &str, strlen(str), 1000);
      |                                                            ^~~~
      |                                                            |
      |                                                            char (*)[100]
In file included from ../Core/Inc/stm32f3xx_hal_conf.h:327,
                 from ../Drivers/STM32F3xx_HAL_Driver/Inc/stm32f3xx_hal.h:29,
                 from ../Core/Inc/main.h:30,
                 from ../Core/Src/main.c:20:
../Drivers/STM32F3xx_HAL_Driver/Inc/stm32f3xx_hal_uart.h:1486:79: note: expected 'const uint8_t *' {aka 'const unsigned char *'} but argument is of type 'char (*)[100]'
 1486 | HAL_StatusTypeDef HAL_UART_Transmit(UART_HandleTypeDef *huart, const uint8_t *pData, uint16_t Size, uint32_t Timeout);
      |                                                                ~~~~~~~~~~~~~~~^~~~~
make: *** [Core/Src/subdir.mk:34: Core/Src/main.o] Error 1
"make -j16 all" terminated with exit code 2. Build might be incomplete.
18:12:47 **** Incremental Build of configuration Debug for project gyro_nolibrary2 ****
make -j16 all 
arm-none-eabi-gcc "../Core/Src/main.c" -mcpu=cortex-m4 -std=gnu11 -g3 -DDEBUG -DUSE_HAL_DRIVER -DSTM32F303x8 -c -I../Core/Inc -I../Drivers/STM32F3xx_HAL_Driver/Inc -I../Drivers/STM32F3xx_HAL_Driver/Inc/Legacy -I../Drivers/CMSIS/Device/ST/STM32F3xx/Include -I../Drivers/CMSIS/Include -O0 -ffunction-sections -fdata-sections -Wall -fstack-usage -fcyclomatic-complexity -MMD -MP -MF"Core/Src/main.d" -MT"Core/Src/main.o" --specs=nano.specs -mfpu=fpv4-sp-d16 -mfloat-abi=hard -mthumb -o "Core/Src/main.o"
../Core/Src/main.c: In function 'main':
../Core/Src/main.c:108:25: warning: implicit declaration of function 'snprintf' [-Wimplicit-function-declaration]
  108 |                         snprintf(msg, sizeof(msg), "0x%02X\r\n", i);
      |                         ^~~~~~~~
../Core/Src/main.c:21:1: note: include '<stdio.h>' or provide a declaration of 'snprintf'
   20 | #include "main.h"
  +++ |+#include <stdio.h>
   21 | 
../Core/Src/main.c:108:25: warning: incompatible implicit declaration of built-in function 'snprintf' [-Wbuiltin-declaration-mismatch]
  108 |                         snprintf(msg, sizeof(msg), "0x%02X\r\n", i);
      |                         ^~~~~~~~
../Core/Src/main.c:108:25: note: include '<stdio.h>' or provide a declaration of 'snprintf'
../Core/Src/main.c:120:33: warning: implicit declaration of function 'sprintf' [-Wimplicit-function-declaration]
  120 |                                 sprintf(str, "%d\n\r", intbuff);
      |                                 ^~~~~~~
../Core/Src/main.c:120:33: note: include '<stdio.h>' or provide a declaration of 'sprintf'
../Core/Src/main.c:120:33: warning: incompatible implicit declaration of built-in function 'sprintf' [-Wbuiltin-declaration-mismatch]
../Core/Src/main.c:120:33: note: include '<stdio.h>' or provide a declaration of 'sprintf'
../Core/Src/main.c:121:66: warning: implicit declaration of function 'strlen' [-Wimplicit-function-declaration]
  121 |                                 HAL_UART_Transmit(&huart2, &str, strlen(str), 1000);
      |                                                                  ^~~~~~
../Core/Src/main.c:21:1: note: include '<string.h>' or provide a declaration of 'strlen'
   20 | #include "main.h"
  +++ |+#include <string.h>
   21 | 
../Core/Src/main.c:121:66: warning: incompatible implicit declaration of built-in function 'strlen' [-Wbuiltin-declaration-mismatch]
  121 |                                 HAL_UART_Transmit(&huart2, &str, strlen(str), 1000);
      |                                                                  ^~~~~~
../Core/Src/main.c:121:66: note: include '<string.h>' or provide a declaration of 'strlen'
../Core/Src/main.c:121:60: warning: passing argument 2 of 'HAL_UART_Transmit' from incompatible pointer type [-Wincompatible-pointer-types]
  121 |                                 HAL_UART_Transmit(&huart2, &str, strlen(str), 1000);
      |                                                            ^~~~
      |                                                            |
      |                                                            char (*)[100]
In file included from ../Core/Inc/stm32f3xx_hal_conf.h:327,
                 from ../Drivers/STM32F3xx_HAL_Driver/Inc/stm32f3xx_hal.h:29,
                 from ../Core/Inc/main.h:30,
                 from ../Core/Src/main.c:20:
../Drivers/STM32F3xx_HAL_Driver/Inc/stm32f3xx_hal_uart.h:1486:79: note: expected 'const uint8_t *' {aka 'const unsigned char *'} but argument is of type 'char (*)[100]'
 1486 | HAL_StatusTypeDef HAL_UART_Transmit(UART_HandleTypeDef *huart, const uint8_t *pData, uint16_t Size, uint32_t Timeout);
      |                                                                ~~~~~~~~~~~~~~~^~~~~
../Core/Src/main.c:97:13: warning: variable 'number' set but not used [-Wunused-but-set-variable]
   97 |         int number;
      |             ^~~~~~
../Core/Src/main.c:118:12: warning: 'res2' is used uninitialized [-Wuninitialized]
  118 |         if (res2 == HAL_OK) {
      |            ^
../Core/Src/main.c:119:41: warning: 'buff' may be used uninitialized [-Wmaybe-uninitialized]
  119 |                                 intbuff = (int)buff;
      |                                 ~~~~~~~~^~~~~~~~~~~
arm-none-eabi-gcc -o "gyro_nolibrary2.elf" @"objects.list"   -mcpu=cortex-m4 -T"C:\Users\mizun\Documents\GitHub\2024_Oidengiken\cubeIDE\gyro\gyro_nolibrary2\STM32F303K8TX_FLASH.ld" --specs=nosys.specs -Wl,-Map="gyro_nolibrary2.map" -Wl,--gc-sections -static --specs=nano.specs -mfpu=fpv4-sp-d16 -mfloat-abi=hard -mthumb -Wl,--start-group -lc -lm -Wl,--end-group
Finished building target: gyro_nolibrary2.elf
 
arm-none-eabi-size  gyro_nolibrary2.elf 
arm-none-eabi-objdump -h -S gyro_nolibrary2.elf  > "gyro_nolibrary2.list"
   text	   data	    bss	    dec	    hex	filename
  18576	    100	   2124	  20800	   5140	gyro_nolibrary2.elf
Finished building: default.size.stdout
 
Finished building: gyro_nolibrary2.list
 
18:13:18 **** Incremental Build of configuration Debug for project gyro_nolibrary2 ****
make -j16 all 
arm-none-eabi-gcc "../Core/Src/main.c" -mcpu=cortex-m4 -std=gnu11 -g3 -DDEBUG -DUSE_HAL_DRIVER -DSTM32F303x8 -c -I../Core/Inc -I../Drivers/STM32F3xx_HAL_Driver/Inc -I../Drivers/STM32F3xx_HAL_Driver/Inc/Legacy -I../Drivers/CMSIS/Device/ST/STM32F3xx/Include -I../Drivers/CMSIS/Include -O0 -ffunction-sections -fdata-sections -Wall -fstack-usage -fcyclomatic-complexity -MMD -MP -MF"Core/Src/main.d" -MT"Core/Src/main.o" --specs=nano.specs -mfpu=fpv4-sp-d16 -mfloat-abi=hard -mthumb -o "Core/Src/main.o"
../Core/Src/main.c: In function 'main':
../Core/Src/main.c:108:25: warning: implicit declaration of function 'snprintf' [-Wimplicit-function-declaration]
  108 |                         snprintf(msg, sizeof(msg), "0x%02X\r\n", i);
      |                         ^~~~~~~~
../Core/Src/main.c:21:1: note: include '<stdio.h>' or provide a declaration of 'snprintf'
   20 | #include "main.h"
  +++ |+#include <stdio.h>
   21 | 
../Core/Src/main.c:108:25: warning: incompatible implicit declaration of built-in function 'snprintf' [-Wbuiltin-declaration-mismatch]
  108 |                         snprintf(msg, sizeof(msg), "0x%02X\r\n", i);
      |                         ^~~~~~~~
../Core/Src/main.c:108:25: note: include '<stdio.h>' or provide a declaration of 'snprintf'
../Core/Src/main.c:120:33: warning: implicit declaration of function 'sprintf' [-Wimplicit-function-declaration]
  120 |                                 sprintf(str, "%d\n\r", intbuff);
      |                                 ^~~~~~~
../Core/Src/main.c:120:33: note: include '<stdio.h>' or provide a declaration of 'sprintf'
../Core/Src/main.c:120:33: warning: incompatible implicit declaration of built-in function 'sprintf' [-Wbuiltin-declaration-mismatch]
../Core/Src/main.c:120:33: note: include '<stdio.h>' or provide a declaration of 'sprintf'
../Core/Src/main.c:121:66: warning: implicit declaration of function 'strlen' [-Wimplicit-function-declaration]
  121 |                                 HAL_UART_Transmit(&huart2, &str, strlen(str), 1000);
      |                                                                  ^~~~~~
../Core/Src/main.c:21:1: note: include '<string.h>' or provide a declaration of 'strlen'
   20 | #include "main.h"
  +++ |+#include <string.h>
   21 | 
../Core/Src/main.c:121:66: warning: incompatible implicit declaration of built-in function 'strlen' [-Wbuiltin-declaration-mismatch]
  121 |                                 HAL_UART_Transmit(&huart2, &str, strlen(str), 1000);
      |                                                                  ^~~~~~
../Core/Src/main.c:121:66: note: include '<string.h>' or provide a declaration of 'strlen'
../Core/Src/main.c:121:60: warning: passing argument 2 of 'HAL_UART_Transmit' from incompatible pointer type [-Wincompatible-pointer-types]
  121 |                                 HAL_UART_Transmit(&huart2, &str, strlen(str), 1000);
      |                                                            ^~~~
      |                                                            |
      |                                                            char (*)[100]
In file included from ../Core/Inc/stm32f3xx_hal_conf.h:327,
                 from ../Drivers/STM32F3xx_HAL_Driver/Inc/stm32f3xx_hal.h:29,
                 from ../Core/Inc/main.h:30,
                 from ../Core/Src/main.c:20:
../Drivers/STM32F3xx_HAL_Driver/Inc/stm32f3xx_hal_uart.h:1486:79: note: expected 'const uint8_t *' {aka 'const unsigned char *'} but argument is of type 'char (*)[100]'
 1486 | HAL_StatusTypeDef HAL_UART_Transmit(UART_HandleTypeDef *huart, const uint8_t *pData, uint16_t Size, uint32_t Timeout);
      |                                                                ~~~~~~~~~~~~~~~^~~~~
../Core/Src/main.c:114:27: warning: unused variable 'res2' [-Wunused-variable]
  114 |         HAL_StatusTypeDef res2;
      |                           ^~~~
../Core/Src/main.c:97:13: warning: variable 'number' set but not used [-Wunused-but-set-variable]
   97 |         int number;
      |             ^~~~~~
../Core/Src/main.c:119:41: warning: 'buff' is used uninitialized [-Wuninitialized]
  119 |                                 intbuff = (int)buff;
      |                                 ~~~~~~~~^~~~~~~~~~~
arm-none-eabi-gcc -o "gyro_nolibrary2.elf" @"objects.list"   -mcpu=cortex-m4 -T"C:\Users\mizun\Documents\GitHub\2024_Oidengiken\cubeIDE\gyro\gyro_nolibrary2\STM32F303K8TX_FLASH.ld" --specs=nosys.specs -Wl,-Map="gyro_nolibrary2.map" -Wl,--gc-sections -static --specs=nano.specs -mfpu=fpv4-sp-d16 -mfloat-abi=hard -mthumb -Wl,--start-group -lc -lm -Wl,--end-group
Finished building target: gyro_nolibrary2.elf
 
arm-none-eabi-size  gyro_nolibrary2.elf 
arm-none-eabi-objdump -h -S gyro_nolibrary2.elf  > "gyro_nolibrary2.list"
   text	   data	    bss	    dec	    hex	filename
  18568	    100	   2124	  20792	   5138	gyro_nolibrary2.elf
Finished building: default.size.stdout
 
Finished building: gyro_nolibrary2.list
 
18:14:08 **** Incremental Build of configuration Debug for project gyro_nolibrary2 ****
make -j16 all 
arm-none-eabi-gcc "../Core/Src/main.c" -mcpu=cortex-m4 -std=gnu11 -g3 -DDEBUG -DUSE_HAL_DRIVER -DSTM32F303x8 -c -I../Core/Inc -I../Drivers/STM32F3xx_HAL_Driver/Inc -I../Drivers/STM32F3xx_HAL_Driver/Inc/Legacy -I../Drivers/CMSIS/Device/ST/STM32F3xx/Include -I../Drivers/CMSIS/Include -O0 -ffunction-sections -fdata-sections -Wall -fstack-usage -fcyclomatic-complexity -MMD -MP -MF"Core/Src/main.d" -MT"Core/Src/main.o" --specs=nano.specs -mfpu=fpv4-sp-d16 -mfloat-abi=hard -mthumb -o "Core/Src/main.o"
../Core/Src/main.c: In function 'main':
../Core/Src/main.c:108:25: warning: implicit declaration of function 'snprintf' [-Wimplicit-function-declaration]
  108 |                         snprintf(msg, sizeof(msg), "0x%02X\r\n", i);
      |                         ^~~~~~~~
../Core/Src/main.c:21:1: note: include '<stdio.h>' or provide a declaration of 'snprintf'
   20 | #include "main.h"
  +++ |+#include <stdio.h>
   21 | 
../Core/Src/main.c:108:25: warning: incompatible implicit declaration of built-in function 'snprintf' [-Wbuiltin-declaration-mismatch]
  108 |                         snprintf(msg, sizeof(msg), "0x%02X\r\n", i);
      |                         ^~~~~~~~
../Core/Src/main.c:108:25: note: include '<stdio.h>' or provide a declaration of 'snprintf'
../Core/Src/main.c:120:33: warning: implicit declaration of function 'sprintf' [-Wimplicit-function-declaration]
  120 |                                 sprintf(str, "%d\n\r", intbuff);
      |                                 ^~~~~~~
../Core/Src/main.c:120:33: note: include '<stdio.h>' or provide a declaration of 'sprintf'
../Core/Src/main.c:120:33: warning: incompatible implicit declaration of built-in function 'sprintf' [-Wbuiltin-declaration-mismatch]
../Core/Src/main.c:120:33: note: include '<stdio.h>' or provide a declaration of 'sprintf'
../Core/Src/main.c:121:66: warning: implicit declaration of function 'strlen' [-Wimplicit-function-declaration]
  121 |                                 HAL_UART_Transmit(&huart2, &str, strlen(str), 1000);
      |                                                                  ^~~~~~
../Core/Src/main.c:21:1: note: include '<string.h>' or provide a declaration of 'strlen'
   20 | #include "main.h"
  +++ |+#include <string.h>
   21 | 
../Core/Src/main.c:121:66: warning: incompatible implicit declaration of built-in function 'strlen' [-Wbuiltin-declaration-mismatch]
  121 |                                 HAL_UART_Transmit(&huart2, &str, strlen(str), 1000);
      |                                                                  ^~~~~~
../Core/Src/main.c:121:66: note: include '<string.h>' or provide a declaration of 'strlen'
../Core/Src/main.c:121:60: warning: passing argument 2 of 'HAL_UART_Transmit' from incompatible pointer type [-Wincompatible-pointer-types]
  121 |                                 HAL_UART_Transmit(&huart2, &str, strlen(str), 1000);
      |                                                            ^~~~
      |                                                            |
      |                                                            char (*)[100]
In file included from ../Core/Inc/stm32f3xx_hal_conf.h:327,
                 from ../Drivers/STM32F3xx_HAL_Driver/Inc/stm32f3xx_hal.h:29,
                 from ../Core/Inc/main.h:30,
                 from ../Core/Src/main.c:20:
../Drivers/STM32F3xx_HAL_Driver/Inc/stm32f3xx_hal_uart.h:1486:79: note: expected 'const uint8_t *' {aka 'const unsigned char *'} but argument is of type 'char (*)[100]'
 1486 | HAL_StatusTypeDef HAL_UART_Transmit(UART_HandleTypeDef *huart, const uint8_t *pData, uint16_t Size, uint32_t Timeout);
      |                                                                ~~~~~~~~~~~~~~~^~~~~
../Core/Src/main.c:114:27: warning: unused variable 'res2' [-Wunused-variable]
  114 |         HAL_StatusTypeDef res2;
      |                           ^~~~
../Core/Src/main.c:97:13: warning: variable 'number' set but not used [-Wunused-but-set-variable]
   97 |         int number;
      |             ^~~~~~
../Core/Src/main.c:95:17: warning: unused variable 'buff' [-Wunused-variable]
   95 |         uint8_t buff;
      |                 ^~~~
arm-none-eabi-gcc -o "gyro_nolibrary2.elf" @"objects.list"   -mcpu=cortex-m4 -T"C:\Users\mizun\Documents\GitHub\2024_Oidengiken\cubeIDE\gyro\gyro_nolibrary2\STM32F303K8TX_FLASH.ld" --specs=nosys.specs -Wl,-Map="gyro_nolibrary2.map" -Wl,--gc-sections -static --specs=nano.specs -mfpu=fpv4-sp-d16 -mfloat-abi=hard -mthumb -Wl,--start-group -lc -lm -Wl,--end-group
Finished building target: gyro_nolibrary2.elf
 
arm-none-eabi-size  gyro_nolibrary2.elf 
arm-none-eabi-objdump -h -S gyro_nolibrary2.elf  > "gyro_nolibrary2.list"
   text	   data	    bss	    dec	    hex	filename
  18560	    100	   2124	  20784	   5130	gyro_nolibrary2.elf
Finished building: default.size.stdout
 
Finished building: gyro_nolibrary2.list
 
18:14:41 **** Incremental Build of configuration Debug for project gyro_nolibrary2 ****
make -j16 all 
arm-none-eabi-gcc "../Core/Src/main.c" -mcpu=cortex-m4 -std=gnu11 -g3 -DDEBUG -DUSE_HAL_DRIVER -DSTM32F303x8 -c -I../Core/Inc -I../Drivers/STM32F3xx_HAL_Driver/Inc -I../Drivers/STM32F3xx_HAL_Driver/Inc/Legacy -I../Drivers/CMSIS/Device/ST/STM32F3xx/Include -I../Drivers/CMSIS/Include -O0 -ffunction-sections -fdata-sections -Wall -fstack-usage -fcyclomatic-complexity -MMD -MP -MF"Core/Src/main.d" -MT"Core/Src/main.o" --specs=nano.specs -mfpu=fpv4-sp-d16 -mfloat-abi=hard -mthumb -o "Core/Src/main.o"
../Core/Src/main.c: In function 'main':
../Core/Src/main.c:108:25: warning: implicit declaration of function 'snprintf' [-Wimplicit-function-declaration]
  108 |                         snprintf(msg, sizeof(msg), "0x%02X\r\n", i);
      |                         ^~~~~~~~
../Core/Src/main.c:21:1: note: include '<stdio.h>' or provide a declaration of 'snprintf'
   20 | #include "main.h"
  +++ |+#include <stdio.h>
   21 | 
../Core/Src/main.c:108:25: warning: incompatible implicit declaration of built-in function 'snprintf' [-Wbuiltin-declaration-mismatch]
  108 |                         snprintf(msg, sizeof(msg), "0x%02X\r\n", i);
      |                         ^~~~~~~~
../Core/Src/main.c:108:25: note: include '<stdio.h>' or provide a declaration of 'snprintf'
../Core/Src/main.c:120:33: warning: implicit declaration of function 'sprintf' [-Wimplicit-function-declaration]
  120 |                                 sprintf(str, "%d\n\r", intbuff);
      |                                 ^~~~~~~
../Core/Src/main.c:120:33: note: include '<stdio.h>' or provide a declaration of 'sprintf'
../Core/Src/main.c:120:33: warning: incompatible implicit declaration of built-in function 'sprintf' [-Wbuiltin-declaration-mismatch]
../Core/Src/main.c:120:33: note: include '<stdio.h>' or provide a declaration of 'sprintf'
../Core/Src/main.c:121:66: warning: implicit declaration of function 'strlen' [-Wimplicit-function-declaration]
  121 |                                 HAL_UART_Transmit(&huart2, &str, strlen(str), 1000);
      |                                                                  ^~~~~~
../Core/Src/main.c:21:1: note: include '<string.h>' or provide a declaration of 'strlen'
   20 | #include "main.h"
  +++ |+#include <string.h>
   21 | 
../Core/Src/main.c:121:66: warning: incompatible implicit declaration of built-in function 'strlen' [-Wbuiltin-declaration-mismatch]
  121 |                                 HAL_UART_Transmit(&huart2, &str, strlen(str), 1000);
      |                                                                  ^~~~~~
../Core/Src/main.c:121:66: note: include '<string.h>' or provide a declaration of 'strlen'
../Core/Src/main.c:121:60: warning: passing argument 2 of 'HAL_UART_Transmit' from incompatible pointer type [-Wincompatible-pointer-types]
  121 |                                 HAL_UART_Transmit(&huart2, &str, strlen(str), 1000);
      |                                                            ^~~~
      |                                                            |
      |                                                            char (*)[100]
In file included from ../Core/Inc/stm32f3xx_hal_conf.h:327,
                 from ../Drivers/STM32F3xx_HAL_Driver/Inc/stm32f3xx_hal.h:29,
                 from ../Core/Inc/main.h:30,
                 from ../Core/Src/main.c:20:
../Drivers/STM32F3xx_HAL_Driver/Inc/stm32f3xx_hal_uart.h:1486:79: note: expected 'const uint8_t *' {aka 'const unsigned char *'} but argument is of type 'char (*)[100]'
 1486 | HAL_StatusTypeDef HAL_UART_Transmit(UART_HandleTypeDef *huart, const uint8_t *pData, uint16_t Size, uint32_t Timeout);
      |                                                                ~~~~~~~~~~~~~~~^~~~~
../Core/Src/main.c:114:27: warning: unused variable 'res2' [-Wunused-variable]
  114 |         HAL_StatusTypeDef res2;
      |                           ^~~~
../Core/Src/main.c:97:13: warning: variable 'number' set but not used [-Wunused-but-set-variable]
   97 |         int number;
      |             ^~~~~~
../Core/Src/main.c:95:17: warning: unused variable 'buff' [-Wunused-variable]
   95 |         uint8_t buff;
      |                 ^~~~
arm-none-eabi-gcc -o "gyro_nolibrary2.elf" @"objects.list"   -mcpu=cortex-m4 -T"C:\Users\mizun\Documents\GitHub\2024_Oidengiken\cubeIDE\gyro\gyro_nolibrary2\STM32F303K8TX_FLASH.ld" --specs=nosys.specs -Wl,-Map="gyro_nolibrary2.map" -Wl,--gc-sections -static --specs=nano.specs -mfpu=fpv4-sp-d16 -mfloat-abi=hard -mthumb -Wl,--start-group -lc -lm -Wl,--end-group
Finished building target: gyro_nolibrary2.elf
 
arm-none-eabi-size  gyro_nolibrary2.elf 
arm-none-eabi-objdump -h -S gyro_nolibrary2.elf  > "gyro_nolibrary2.list"
   text	   data	    bss	    dec	    hex	filename
  18536	    100	   2124	  20760	   5118	gyro_nolibrary2.elf
Finished building: default.size.stdout
 
Finished building: gyro_nolibrary2.list
 
18:15:26 **** Incremental Build of configuration Debug for project gyro_nolibrary2 ****
make -j16 all 
arm-none-eabi-gcc "../Core/Src/main.c" -mcpu=cortex-m4 -std=gnu11 -g3 -DDEBUG -DUSE_HAL_DRIVER -DSTM32F303x8 -c -I../Core/Inc -I../Drivers/STM32F3xx_HAL_Driver/Inc -I../Drivers/STM32F3xx_HAL_Driver/Inc/Legacy -I../Drivers/CMSIS/Device/ST/STM32F3xx/Include -I../Drivers/CMSIS/Include -O0 -ffunction-sections -fdata-sections -Wall -fstack-usage -fcyclomatic-complexity -MMD -MP -MF"Core/Src/main.d" -MT"Core/Src/main.o" --specs=nano.specs -mfpu=fpv4-sp-d16 -mfloat-abi=hard -mthumb -o "Core/Src/main.o"
../Core/Src/main.c: In function 'main':
../Core/Src/main.c:108:25: warning: implicit declaration of function 'snprintf' [-Wimplicit-function-declaration]
  108 |                         snprintf(msg, sizeof(msg), "0x%02X\r\n", i);
      |                         ^~~~~~~~
../Core/Src/main.c:21:1: note: include '<stdio.h>' or provide a declaration of 'snprintf'
   20 | #include "main.h"
  +++ |+#include <stdio.h>
   21 | 
../Core/Src/main.c:108:25: warning: incompatible implicit declaration of built-in function 'snprintf' [-Wbuiltin-declaration-mismatch]
  108 |                         snprintf(msg, sizeof(msg), "0x%02X\r\n", i);
      |                         ^~~~~~~~
../Core/Src/main.c:108:25: note: include '<stdio.h>' or provide a declaration of 'snprintf'
../Core/Src/main.c:120:33: warning: implicit declaration of function 'sprintf' [-Wimplicit-function-declaration]
  120 |                                 sprintf(str, "%d\n\r", intbuff);
      |                                 ^~~~~~~
../Core/Src/main.c:120:33: note: include '<stdio.h>' or provide a declaration of 'sprintf'
../Core/Src/main.c:120:33: warning: incompatible implicit declaration of built-in function 'sprintf' [-Wbuiltin-declaration-mismatch]
../Core/Src/main.c:120:33: note: include '<stdio.h>' or provide a declaration of 'sprintf'
../Core/Src/main.c:121:66: warning: implicit declaration of function 'strlen' [-Wimplicit-function-declaration]
  121 |                                 HAL_UART_Transmit(&huart2, &str, strlen(str), 1000);
      |                                                                  ^~~~~~
../Core/Src/main.c:21:1: note: include '<string.h>' or provide a declaration of 'strlen'
   20 | #include "main.h"
  +++ |+#include <string.h>
   21 | 
../Core/Src/main.c:121:66: warning: incompatible implicit declaration of built-in function 'strlen' [-Wbuiltin-declaration-mismatch]
  121 |                                 HAL_UART_Transmit(&huart2, &str, strlen(str), 1000);
      |                                                                  ^~~~~~
../Core/Src/main.c:121:66: note: include '<string.h>' or provide a declaration of 'strlen'
../Core/Src/main.c:121:60: warning: passing argument 2 of 'HAL_UART_Transmit' from incompatible pointer type [-Wincompatible-pointer-types]
  121 |                                 HAL_UART_Transmit(&huart2, &str, strlen(str), 1000);
      |                                                            ^~~~
      |                                                            |
      |                                                            char (*)[100]
In file included from ../Core/Inc/stm32f3xx_hal_conf.h:327,
                 from ../Drivers/STM32F3xx_HAL_Driver/Inc/stm32f3xx_hal.h:29,
                 from ../Core/Inc/main.h:30,
                 from ../Core/Src/main.c:20:
../Drivers/STM32F3xx_HAL_Driver/Inc/stm32f3xx_hal_uart.h:1486:79: note: expected 'const uint8_t *' {aka 'const unsigned char *'} but argument is of type 'char (*)[100]'
 1486 | HAL_StatusTypeDef HAL_UART_Transmit(UART_HandleTypeDef *huart, const uint8_t *pData, uint16_t Size, uint32_t Timeout);
      |                                                                ~~~~~~~~~~~~~~~^~~~~
../Core/Src/main.c:114:27: warning: unused variable 'res2' [-Wunused-variable]
  114 |         HAL_StatusTypeDef res2;
      |                           ^~~~
../Core/Src/main.c:97:13: warning: variable 'number' set but not used [-Wunused-but-set-variable]
   97 |         int number;
      |             ^~~~~~
../Core/Src/main.c:95:17: warning: unused variable 'buff' [-Wunused-variable]
   95 |         uint8_t buff;
      |                 ^~~~
arm-none-eabi-gcc -o "gyro_nolibrary2.elf" @"objects.list"   -mcpu=cortex-m4 -T"C:\Users\mizun\Documents\GitHub\2024_Oidengiken\cubeIDE\gyro\gyro_nolibrary2\STM32F303K8TX_FLASH.ld" --specs=nosys.specs -Wl,-Map="gyro_nolibrary2.map" -Wl,--gc-sections -static --specs=nano.specs -mfpu=fpv4-sp-d16 -mfloat-abi=hard -mthumb -Wl,--start-group -lc -lm -Wl,--end-group
Finished building target: gyro_nolibrary2.elf
 
arm-none-eabi-size  gyro_nolibrary2.elf 
arm-none-eabi-objdump -h -S gyro_nolibrary2.elf  > "gyro_nolibrary2.list"
   text	   data	    bss	    dec	    hex	filename
  18516	    100	   2124	  20740	   5104	gyro_nolibrary2.elf
Finished building: default.size.stdout
 
Finished building: gyro_nolibrary2.list
 
18:15:54 **** Incremental Build of configuration Debug for project gyro_nolibrary2 ****
make -j16 all 
arm-none-eabi-gcc "../Core/Src/main.c" -mcpu=cortex-m4 -std=gnu11 -g3 -DDEBUG -DUSE_HAL_DRIVER -DSTM32F303x8 -c -I../Core/Inc -I../Drivers/STM32F3xx_HAL_Driver/Inc -I../Drivers/STM32F3xx_HAL_Driver/Inc/Legacy -I../Drivers/CMSIS/Device/ST/STM32F3xx/Include -I../Drivers/CMSIS/Include -O0 -ffunction-sections -fdata-sections -Wall -fstack-usage -fcyclomatic-complexity -MMD -MP -MF"Core/Src/main.d" -MT"Core/Src/main.o" --specs=nano.specs -mfpu=fpv4-sp-d16 -mfloat-abi=hard -mthumb -o "Core/Src/main.o"
../Core/Src/main.c: In function 'main':
../Core/Src/main.c:108:25: warning: implicit declaration of function 'snprintf' [-Wimplicit-function-declaration]
  108 |                         snprintf(msg, sizeof(msg), "0x%02X\r\n", i);
      |                         ^~~~~~~~
../Core/Src/main.c:21:1: note: include '<stdio.h>' or provide a declaration of 'snprintf'
   20 | #include "main.h"
  +++ |+#include <stdio.h>
   21 | 
../Core/Src/main.c:108:25: warning: incompatible implicit declaration of built-in function 'snprintf' [-Wbuiltin-declaration-mismatch]
  108 |                         snprintf(msg, sizeof(msg), "0x%02X\r\n", i);
      |                         ^~~~~~~~
../Core/Src/main.c:108:25: note: include '<stdio.h>' or provide a declaration of 'snprintf'
../Core/Src/main.c:120:33: warning: implicit declaration of function 'sprintf' [-Wimplicit-function-declaration]
  120 |                                 sprintf(str, "%d\n\r", intbuff);
      |                                 ^~~~~~~
../Core/Src/main.c:120:33: note: include '<stdio.h>' or provide a declaration of 'sprintf'
../Core/Src/main.c:120:33: warning: incompatible implicit declaration of built-in function 'sprintf' [-Wbuiltin-declaration-mismatch]
../Core/Src/main.c:120:33: note: include '<stdio.h>' or provide a declaration of 'sprintf'
../Core/Src/main.c:121:66: warning: implicit declaration of function 'strlen' [-Wimplicit-function-declaration]
  121 |                                 HAL_UART_Transmit(&huart2, &str, strlen(str), 1000);
      |                                                                  ^~~~~~
../Core/Src/main.c:21:1: note: include '<string.h>' or provide a declaration of 'strlen'
   20 | #include "main.h"
  +++ |+#include <string.h>
   21 | 
../Core/Src/main.c:121:66: warning: incompatible implicit declaration of built-in function 'strlen' [-Wbuiltin-declaration-mismatch]
  121 |                                 HAL_UART_Transmit(&huart2, &str, strlen(str), 1000);
      |                                                                  ^~~~~~
../Core/Src/main.c:121:66: note: include '<string.h>' or provide a declaration of 'strlen'
../Core/Src/main.c:121:60: warning: passing argument 2 of 'HAL_UART_Transmit' from incompatible pointer type [-Wincompatible-pointer-types]
  121 |                                 HAL_UART_Transmit(&huart2, &str, strlen(str), 1000);
      |                                                            ^~~~
      |                                                            |
      |                                                            char (*)[100]
In file included from ../Core/Inc/stm32f3xx_hal_conf.h:327,
                 from ../Drivers/STM32F3xx_HAL_Driver/Inc/stm32f3xx_hal.h:29,
                 from ../Core/Inc/main.h:30,
                 from ../Core/Src/main.c:20:
../Drivers/STM32F3xx_HAL_Driver/Inc/stm32f3xx_hal_uart.h:1486:79: note: expected 'const uint8_t *' {aka 'const unsigned char *'} but argument is of type 'char (*)[100]'
 1486 | HAL_StatusTypeDef HAL_UART_Transmit(UART_HandleTypeDef *huart, const uint8_t *pData, uint16_t Size, uint32_t Timeout);
      |                                                                ~~~~~~~~~~~~~~~^~~~~
../Core/Src/main.c:114:27: warning: unused variable 'res2' [-Wunused-variable]
  114 |         HAL_StatusTypeDef res2;
      |                           ^~~~
../Core/Src/main.c:97:13: warning: variable 'number' set but not used [-Wunused-but-set-variable]
   97 |         int number;
      |             ^~~~~~
../Core/Src/main.c:95:17: warning: unused variable 'buff' [-Wunused-variable]
   95 |         uint8_t buff;
      |                 ^~~~
arm-none-eabi-gcc -o "gyro_nolibrary2.elf" @"objects.list"   -mcpu=cortex-m4 -T"C:\Users\mizun\Documents\GitHub\2024_Oidengiken\cubeIDE\gyro\gyro_nolibrary2\STM32F303K8TX_FLASH.ld" --specs=nosys.specs -Wl,-Map="gyro_nolibrary2.map" -Wl,--gc-sections -static --specs=nano.specs -mfpu=fpv4-sp-d16 -mfloat-abi=hard -mthumb -Wl,--start-group -lc -lm -Wl,--end-group
Finished building target: gyro_nolibrary2.elf
 
arm-none-eabi-size  gyro_nolibrary2.elf 
arm-none-eabi-objdump -h -S gyro_nolibrary2.elf  > "gyro_nolibrary2.list"
   text	   data	    bss	    dec	    hex	filename
  18536	    100	   2124	  20760	   5118	gyro_nolibrary2.elf
Finished building: default.size.stdout
 
Finished building: gyro_nolibrary2.list
 
18:16:12 **** Incremental Build of configuration Debug for project gyro_nolibrary2 ****
make -j16 all 
arm-none-eabi-gcc "../Core/Src/main.c" -mcpu=cortex-m4 -std=gnu11 -g3 -DDEBUG -DUSE_HAL_DRIVER -DSTM32F303x8 -c -I../Core/Inc -I../Drivers/STM32F3xx_HAL_Driver/Inc -I../Drivers/STM32F3xx_HAL_Driver/Inc/Legacy -I../Drivers/CMSIS/Device/ST/STM32F3xx/Include -I../Drivers/CMSIS/Include -O0 -ffunction-sections -fdata-sections -Wall -fstack-usage -fcyclomatic-complexity -MMD -MP -MF"Core/Src/main.d" -MT"Core/Src/main.o" --specs=nano.specs -mfpu=fpv4-sp-d16 -mfloat-abi=hard -mthumb -o "Core/Src/main.o"
../Core/Src/main.c: In function 'main':
../Core/Src/main.c:108:25: warning: implicit declaration of function 'snprintf' [-Wimplicit-function-declaration]
  108 |                         snprintf(msg, sizeof(msg), "0x%02X\r\n", i);
      |                         ^~~~~~~~
../Core/Src/main.c:21:1: note: include '<stdio.h>' or provide a declaration of 'snprintf'
   20 | #include "main.h"
  +++ |+#include <stdio.h>
   21 | 
../Core/Src/main.c:108:25: warning: incompatible implicit declaration of built-in function 'snprintf' [-Wbuiltin-declaration-mismatch]
  108 |                         snprintf(msg, sizeof(msg), "0x%02X\r\n", i);
      |                         ^~~~~~~~
../Core/Src/main.c:108:25: note: include '<stdio.h>' or provide a declaration of 'snprintf'
../Core/Src/main.c:120:33: warning: implicit declaration of function 'sprintf' [-Wimplicit-function-declaration]
  120 |                                 sprintf(str, "%d\n\r", intbuff);
      |                                 ^~~~~~~
../Core/Src/main.c:120:33: note: include '<stdio.h>' or provide a declaration of 'sprintf'
../Core/Src/main.c:120:33: warning: incompatible implicit declaration of built-in function 'sprintf' [-Wbuiltin-declaration-mismatch]
../Core/Src/main.c:120:33: note: include '<stdio.h>' or provide a declaration of 'sprintf'
../Core/Src/main.c:121:66: warning: implicit declaration of function 'strlen' [-Wimplicit-function-declaration]
  121 |                                 HAL_UART_Transmit(&huart2, &str, strlen(str), 1000);
      |                                                                  ^~~~~~
../Core/Src/main.c:21:1: note: include '<string.h>' or provide a declaration of 'strlen'
   20 | #include "main.h"
  +++ |+#include <string.h>
   21 | 
../Core/Src/main.c:121:66: warning: incompatible implicit declaration of built-in function 'strlen' [-Wbuiltin-declaration-mismatch]
  121 |                                 HAL_UART_Transmit(&huart2, &str, strlen(str), 1000);
      |                                                                  ^~~~~~
../Core/Src/main.c:121:66: note: include '<string.h>' or provide a declaration of 'strlen'
../Core/Src/main.c:121:60: warning: passing argument 2 of 'HAL_UART_Transmit' from incompatible pointer type [-Wincompatible-pointer-types]
  121 |                                 HAL_UART_Transmit(&huart2, &str, strlen(str), 1000);
      |                                                            ^~~~
      |                                                            |
      |                                                            char (*)[100]
In file included from ../Core/Inc/stm32f3xx_hal_conf.h:327,
                 from ../Drivers/STM32F3xx_HAL_Driver/Inc/stm32f3xx_hal.h:29,
                 from ../Core/Inc/main.h:30,
                 from ../Core/Src/main.c:20:
../Drivers/STM32F3xx_HAL_Driver/Inc/stm32f3xx_hal_uart.h:1486:79: note: expected 'const uint8_t *' {aka 'const unsigned char *'} but argument is of type 'char (*)[100]'
 1486 | HAL_StatusTypeDef HAL_UART_Transmit(UART_HandleTypeDef *huart, const uint8_t *pData, uint16_t Size, uint32_t Timeout);
      |                                                                ~~~~~~~~~~~~~~~^~~~~
../Core/Src/main.c:114:27: warning: unused variable 'res2' [-Wunused-variable]
  114 |         HAL_StatusTypeDef res2;
      |                           ^~~~
../Core/Src/main.c:97:13: warning: variable 'number' set but not used [-Wunused-but-set-variable]
   97 |         int number;
      |             ^~~~~~
../Core/Src/main.c:95:17: warning: unused variable 'buff' [-Wunused-variable]
   95 |         uint8_t buff;
      |                 ^~~~
arm-none-eabi-gcc -o "gyro_nolibrary2.elf" @"objects.list"   -mcpu=cortex-m4 -T"C:\Users\mizun\Documents\GitHub\2024_Oidengiken\cubeIDE\gyro\gyro_nolibrary2\STM32F303K8TX_FLASH.ld" --specs=nosys.specs -Wl,-Map="gyro_nolibrary2.map" -Wl,--gc-sections -static --specs=nano.specs -mfpu=fpv4-sp-d16 -mfloat-abi=hard -mthumb -Wl,--start-group -lc -lm -Wl,--end-group
Finished building target: gyro_nolibrary2.elf
 
arm-none-eabi-size  gyro_nolibrary2.elf 
arm-none-eabi-objdump -h -S gyro_nolibrary2.elf  > "gyro_nolibrary2.list"
   text	   data	    bss	    dec	    hex	filename
  18536	    100	   2124	  20760	   5118	gyro_nolibrary2.elf
Finished building: default.size.stdout
 
Finished building: gyro_nolibrary2.list
 
