2024-02-11 13:31:34,140 [INFO] Activator:176 - 


2024-02-11 13:31:34,147 [INFO] Activator:177 - !SESSION log4j initialized
2024-02-11 13:31:36,035 [INFO] LogOutputStream:77 - [STDOUT_REDIRECT] 
2024-02-11 13:31:37,876 [INFO] ApplicationProperties:184 - Using Application install path: C:\ST\STM32CubeIDE_1.14.0\STM32CubeIDE\plugins\com.st.stm32cube.common.mx_6.10.0.202311202037
2024-02-11 13:31:37,891 [INFO] DbMcusXml:78 - Set database path to: C:\ST\STM32CubeIDE_1.14.0\STM32CubeIDE\plugins\com.st.stm32cube.common.mx_6.10.0.202311202037\\db\/mcu/
2024-02-11 13:31:37,891 [INFO] ApiDb:274 - Set plugin database path to: C:\ST\STM32CubeIDE_1.14.0\STM32CubeIDE\plugins\com.st.stm32cube.common.mx_6.10.0.202311202037\\db\/plugins/boardmanager/
2024-02-11 13:31:37,892 [WARN] ApiDb:259 - Overriding images path with different value:  => C:\ST\STM32CubeIDE_1.14.0\STM32CubeIDE\plugins\com.st.stm32cube.common.mx_6.10.0.202311202037\\db\/plugins/mcufinder/images/
2024-02-11 13:31:37,897 [INFO] ApiDb:250 - Set database path to: C:\Users\hiyua\.stmcufinder\plugins\mcufinder//mcu/
2024-02-11 13:31:37,898 [INFO] DbMcusAds:125 - Set database path to: C:\Users\hiyua\.stmcufinder\plugins\mcufinder//mcu/
2024-02-11 13:31:37,899 [INFO] CrossReferenceDbSqlite:203 - Set database path to: C:\Users\hiyua\.stmcufinder\plugins\mcufinder//mcu/cs/
2024-02-11 13:31:38,004 [INFO] RulesReader:64 - Compatibility file has been processed (297 Rules)
2024-02-11 13:31:38,076 [INFO] DbMcusXml:78 - Set database path to: C:\ST\STM32CubeIDE_1.14.0\STM32CubeIDE\plugins\com.st.stm32cube.common.mx_6.10.0.202311202037\\db\/mcu/
2024-02-11 13:31:38,077 [INFO] ApiDb:274 - Set plugin database path to: C:\ST\STM32CubeIDE_1.14.0\STM32CubeIDE\plugins\com.st.stm32cube.common.mx_6.10.0.202311202037\\db\/plugins/boardmanager/
2024-02-11 13:31:38,077 [INFO] ApiDb:261 - Set plugin images path to: C:\ST\STM32CubeIDE_1.14.0\STM32CubeIDE\plugins\com.st.stm32cube.common.mx_6.10.0.202311202037\\db\/plugins/mcufinder/images/
2024-02-11 13:31:38,077 [WARN] DbFile:41 - Overriding database path with different value: C:\Users\hiyua\.stmcufinder\plugins\mcufinder/ => C:\Users\hiyua\.stmcufinder\plugins\mcufinder
2024-02-11 13:31:38,077 [INFO] ApiDb:250 - Set database path to: C:\Users\hiyua\.stmcufinder\plugins\mcufinder//mcu/
2024-02-11 13:31:38,077 [WARN] DbFile:41 - Overriding database path with different value: C:\Users\hiyua\.stmcufinder\plugins\mcufinder/ => C:\Users\hiyua\.stmcufinder\plugins\mcufinder
2024-02-11 13:31:38,078 [INFO] DbMcusAds:125 - Set database path to: C:\Users\hiyua\.stmcufinder\plugins\mcufinder//mcu/
2024-02-11 13:31:38,078 [WARN] DbFile:41 - Overriding database path with different value: C:\Users\hiyua\.stmcufinder\plugins\mcufinder/ => C:\Users\hiyua\.stmcufinder\plugins\mcufinder
2024-02-11 13:31:38,078 [WARN] DbFile:41 - Overriding database path with different value: C:\Users\hiyua\.stmcufinder\plugins\mcufinder/ => C:\Users\hiyua\.stmcufinder\plugins\mcufinder
2024-02-11 13:31:38,078 [INFO] CrossReferenceDbSqlite:203 - Set database path to: C:\Users\hiyua\.stmcufinder\plugins\mcufinder//mcu/cs/
2024-02-11 13:31:38,148 [INFO] MainPanel:264 - HeapMemory: 268435456
2024-02-11 13:31:38,225 [INFO] DbMcusXml:78 - Set database path to: C:\ST\STM32CubeIDE_1.14.0\STM32CubeIDE\plugins\com.st.stm32cube.common.mx_6.10.0.202311202037\\db\/mcu/
2024-02-11 13:31:38,225 [INFO] ApiDb:274 - Set plugin database path to: C:\ST\STM32CubeIDE_1.14.0\STM32CubeIDE\plugins\com.st.stm32cube.common.mx_6.10.0.202311202037\\db\/plugins/boardmanager/
2024-02-11 13:31:38,225 [INFO] ApiDb:261 - Set plugin images path to: C:\ST\STM32CubeIDE_1.14.0\STM32CubeIDE\plugins\com.st.stm32cube.common.mx_6.10.0.202311202037\\db\/plugins/mcufinder/images/
2024-02-11 13:31:38,225 [WARN] DbFile:41 - Overriding database path with different value: C:\Users\hiyua\.stmcufinder\plugins\mcufinder/ => C:\Users\hiyua\.stmcufinder\plugins\mcufinder
2024-02-11 13:31:38,225 [INFO] ApiDb:250 - Set database path to: C:\Users\hiyua\.stmcufinder\plugins\mcufinder//mcu/
2024-02-11 13:31:38,225 [WARN] DbFile:41 - Overriding database path with different value: C:\Users\hiyua\.stmcufinder\plugins\mcufinder/ => C:\Users\hiyua\.stmcufinder\plugins\mcufinder
2024-02-11 13:31:38,226 [INFO] DbMcusAds:125 - Set database path to: C:\Users\hiyua\.stmcufinder\plugins\mcufinder//mcu/
2024-02-11 13:31:38,226 [WARN] DbFile:41 - Overriding database path with different value: C:\Users\hiyua\.stmcufinder\plugins\mcufinder/ => C:\Users\hiyua\.stmcufinder\plugins\mcufinder
2024-02-11 13:31:38,226 [WARN] DbFile:41 - Overriding database path with different value: C:\Users\hiyua\.stmcufinder\plugins\mcufinder/ => C:\Users\hiyua\.stmcufinder\plugins\mcufinder
2024-02-11 13:31:38,226 [INFO] CrossReferenceDbSqlite:203 - Set database path to: C:\Users\hiyua\.stmcufinder\plugins\mcufinder//mcu/cs/
2024-02-11 13:31:38,247 [INFO] ApplicationProperties:184 - Using Application install path: C:\ST\STM32CubeIDE_1.14.0\STM32CubeIDE\plugins\com.st.stm32cube.common.mx_6.10.0.202311202037
2024-02-11 13:31:38,249 [INFO] PluginManage:196 - Search for loadable plugins [exclusion list=, ]
2024-02-11 13:31:38,251 [INFO] PluginManage:310 - Check plugin analytics
2024-02-11 13:31:38,408 [INFO] AnalyticsPlugin:253 - Accepted Software Licenses: 
2024-02-11 13:31:38,408 [INFO] AnalyticsPlugin:255 - Accepted CMSIS Pack Licenses: 
2024-02-11 13:31:38,408 [INFO] AnalyticsPlugin:257 - Accepted Firmware Licenses: FW.F4.1.28.0,FW.L4.1.18.0
2024-02-11 13:31:38,410 [INFO] PluginManage:359 - Loaded plugin analytics (category:tool,tabindex:-1)
2024-02-11 13:31:38,410 [INFO] PluginManage:310 - Check plugin cadmodel
2024-02-11 13:31:38,414 [INFO] CADModel:105 - Init CAD model plugin
2024-02-11 13:31:38,414 [INFO] PluginManage:359 - Loaded plugin cadmodel (category:power,tabindex:5)
2024-02-11 13:31:38,414 [INFO] PluginManage:310 - Check plugin clock
2024-02-11 13:31:38,422 [INFO] PluginManage:359 - Loaded plugin clock (category:base,tabindex:2)
2024-02-11 13:31:38,423 [INFO] PluginManage:310 - Check plugin ddr
2024-02-11 13:31:38,425 [INFO] PluginManage:359 - Loaded plugin ddr (category:tool,tabindex:6)
2024-02-11 13:31:38,425 [INFO] PluginManage:310 - Check plugin filemanager
2024-02-11 13:31:38,553 [INFO] PluginManage:359 - Loaded plugin filemanager (category:base,tabindex:10)
2024-02-11 13:31:38,554 [INFO] PluginManage:310 - Check plugin ipmanager
2024-02-11 13:31:38,561 [INFO] PluginManage:359 - Loaded plugin ipmanager (category:base,tabindex:5)
2024-02-11 13:31:38,562 [INFO] PluginManage:310 - Check plugin lpbam
2024-02-11 13:31:38,570 [INFO] PluginManage:359 - Loaded plugin lpbam (category:base,tabindex:0)
2024-02-11 13:31:38,571 [INFO] PluginManage:310 - Check plugin memorymap
2024-02-11 13:31:38,584 [INFO] PluginManage:359 - Loaded plugin memorymap (category:base,tabindex:4)
2024-02-11 13:31:38,584 [INFO] PluginManage:310 - Check plugin pinoutandconfiguration
2024-02-11 13:31:38,592 [INFO] PluginManage:359 - Loaded plugin pinoutandconfiguration (category:base,tabindex:1)
2024-02-11 13:31:38,592 [INFO] PluginManage:310 - Check plugin pinoutconfig
2024-02-11 13:31:38,670 [WARN] SupportedApi:132 - Cannot load RTOS API schema: s4s-elt-must-match.1: The content of 'definitions' must match (annotation?, (simpleType | complexType)?, (unique | key | keyref)*)). A problem was found starting at: attribute.
2024-02-11 13:31:38,810 [INFO] PluginManage:359 - Loaded plugin pinoutconfig (category:base,tabindex:0)
2024-02-11 13:31:38,810 [INFO] PluginManage:310 - Check plugin power
2024-02-11 13:31:38,817 [INFO] PluginManage:359 - Loaded plugin power (category:power,tabindex:4)
2024-02-11 13:31:38,817 [INFO] PluginManage:310 - Check plugin projectmanager
2024-02-11 13:31:38,832 [INFO] PluginManage:359 - Loaded plugin projectmanager (category:projectmanager,tabindex:3)
2024-02-11 13:31:38,832 [INFO] PluginManage:310 - Check plugin thirdparty
2024-02-11 13:31:38,933 [INFO] PluginManage:359 - Loaded plugin thirdparty (category:base,tabindex:-1)
2024-02-11 13:31:38,933 [WARN] IntegrityCheckThread:84 - waiting for thirdparty lock release [integrity check]
2024-02-11 13:31:38,934 [INFO] PluginManage:310 - Check plugin tools
2024-02-11 13:31:38,934 [INFO] IntegrityCheckThread:86 - entering critical section [integrity check]
2024-02-11 13:31:38,934 [INFO] ThirdPartyUpdaterWithRetryManager:70 - Updater plugin not ready yet. [1/15]
2024-02-11 13:31:38,936 [INFO] PluginManage:359 - Loaded plugin tools (category:base,tabindex:7)
2024-02-11 13:31:38,936 [INFO] PluginManage:310 - Check plugin tutovideos
2024-02-11 13:31:39,081 [INFO] PluginManage:359 - Loaded plugin tutovideos (category:base,tabindex:-1)
2024-02-11 13:31:39,081 [INFO] PluginManage:310 - Check plugin updater
2024-02-11 13:31:39,089 [INFO] PluginManage:359 - Loaded plugin updater (category:base,tabindex:12)
2024-02-11 13:31:39,089 [INFO] PluginManage:310 - Check plugin userauth
2024-02-11 13:31:39,094 [INFO] UserAuth:114 - Init User Auth plugin
2024-02-11 13:31:39,094 [INFO] PluginManage:359 - Loaded plugin userauth (category:base,tabindex:14)
2024-02-11 13:31:39,094 [INFO] PluginManage:283 - PluginManage : Loaded plugins [17]
2024-02-11 13:31:39,271 [INFO] PinOutPanel:1499 - setPackage(No Configuration,No Configuration)
2024-02-11 13:31:39,330 [INFO] CADModel:165 - CPN selected for project level
2024-02-11 13:31:39,330 [INFO] CADModel:114 - Register for checkConnection events
2024-02-11 13:31:39,349 [INFO] IPUIPlugin:80 - create IPUIPlugin
2024-02-11 13:31:39,349 [INFO] PluginManager:220 - loadIPPluginJar : add adc
2024-02-11 13:31:39,352 [INFO] IPUIPlugin:80 - create IPUIPlugin
2024-02-11 13:31:39,352 [INFO] PluginManager:220 - loadIPPluginJar : add aes
2024-02-11 13:31:39,354 [INFO] IPUIPlugin:80 - create IPUIPlugin
2024-02-11 13:31:39,355 [INFO] PluginManager:220 - loadIPPluginJar : add can
2024-02-11 13:31:39,357 [INFO] IPUIPlugin:80 - create IPUIPlugin
2024-02-11 13:31:39,357 [INFO] PluginManager:220 - loadIPPluginJar : add comp
2024-02-11 13:31:39,359 [INFO] IPUIPlugin:80 - create IPUIPlugin
2024-02-11 13:31:39,359 [INFO] PluginManager:220 - loadIPPluginJar : add cryp
2024-02-11 13:31:39,362 [INFO] IPUIPlugin:80 - create IPUIPlugin
2024-02-11 13:31:39,363 [INFO] PluginManager:220 - loadIPPluginJar : add dfsdm
2024-02-11 13:31:39,368 [INFO] IPUIPlugin:80 - create IPUIPlugin
2024-02-11 13:31:39,369 [INFO] PluginManager:220 - loadIPPluginJar : add dma
2024-02-11 13:31:39,371 [INFO] IPUIPlugin:80 - create IPUIPlugin
2024-02-11 13:31:39,371 [INFO] PluginManager:220 - loadIPPluginJar : add dma3
2024-02-11 13:31:39,372 [INFO] IPUIPlugin:80 - create IPUIPlugin
2024-02-11 13:31:39,372 [INFO] PluginManager:220 - loadIPPluginJar : add fatfs
2024-02-11 13:31:39,377 [INFO] IPUIPlugin:80 - create IPUIPlugin
2024-02-11 13:31:39,377 [INFO] PluginManager:220 - loadIPPluginJar : add fmc
2024-02-11 13:31:39,383 [INFO] IPUIPlugin:80 - create IPUIPlugin
2024-02-11 13:31:39,383 [INFO] PluginManager:220 - loadIPPluginJar : add freertos
2024-02-11 13:31:39,385 [INFO] IPUIPlugin:80 - create IPUIPlugin
2024-02-11 13:31:39,385 [INFO] PluginManager:220 - loadIPPluginJar : add genericplugin
2024-02-11 13:31:39,387 [INFO] IPUIPlugin:80 - create IPUIPlugin
2024-02-11 13:31:39,387 [INFO] PluginManager:220 - loadIPPluginJar : add gfxmmu
2024-02-11 13:31:39,392 [INFO] IPUIPlugin:80 - create IPUIPlugin
2024-02-11 13:31:39,393 [INFO] PluginManager:220 - loadIPPluginJar : add gic
2024-02-11 13:31:39,397 [INFO] IPUIPlugin:80 - create IPUIPlugin
2024-02-11 13:31:39,397 [INFO] PluginManager:220 - loadIPPluginJar : add gpio
2024-02-11 13:31:39,399 [INFO] IPUIPlugin:80 - create IPUIPlugin
2024-02-11 13:31:39,399 [INFO] PluginManager:220 - loadIPPluginJar : add gtzc
2024-02-11 13:31:39,401 [INFO] IPUIPlugin:80 - create IPUIPlugin
2024-02-11 13:31:39,401 [INFO] PluginManager:220 - loadIPPluginJar : add hash
2024-02-11 13:31:39,405 [INFO] IPUIPlugin:80 - create IPUIPlugin
2024-02-11 13:31:39,405 [INFO] PluginManager:220 - loadIPPluginJar : add i2c
2024-02-11 13:31:39,407 [INFO] IPUIPlugin:80 - create IPUIPlugin
2024-02-11 13:31:39,407 [INFO] PluginManager:220 - loadIPPluginJar : add i2s
2024-02-11 13:31:39,409 [INFO] IPUIPlugin:80 - create IPUIPlugin
2024-02-11 13:31:39,409 [INFO] PluginManager:220 - loadIPPluginJar : add i3c
2024-02-11 13:31:39,413 [INFO] IPUIPlugin:80 - create IPUIPlugin
2024-02-11 13:31:39,413 [INFO] PluginManager:220 - loadIPPluginJar : add ipddr
2024-02-11 13:31:39,420 [INFO] IPUIPlugin:80 - create IPUIPlugin
2024-02-11 13:31:39,420 [INFO] PluginManager:220 - loadIPPluginJar : add linkedlist
2024-02-11 13:31:39,422 [INFO] IPUIPlugin:80 - create IPUIPlugin
2024-02-11 13:31:39,422 [INFO] PluginManager:220 - loadIPPluginJar : add lorawan
2024-02-11 13:31:39,423 [INFO] IPUIPlugin:80 - create IPUIPlugin
2024-02-11 13:31:39,423 [INFO] PluginManager:220 - loadIPPluginJar : add ltdc
2024-02-11 13:31:39,429 [INFO] IPUIPlugin:80 - create IPUIPlugin
2024-02-11 13:31:39,430 [INFO] PluginManager:220 - loadIPPluginJar : add mdma
2024-02-11 13:31:39,433 [INFO] IPUIPlugin:80 - create IPUIPlugin
2024-02-11 13:31:39,433 [INFO] PluginManager:220 - loadIPPluginJar : add nvic
2024-02-11 13:31:39,436 [INFO] IPUIPlugin:80 - create IPUIPlugin
2024-02-11 13:31:39,436 [INFO] PluginManager:220 - loadIPPluginJar : add opamp
2024-02-11 13:31:39,438 [INFO] IPUIPlugin:80 - create IPUIPlugin
2024-02-11 13:31:39,439 [INFO] PluginManager:220 - loadIPPluginJar : add openamp
2024-02-11 13:31:39,441 [INFO] IPUIPlugin:80 - create IPUIPlugin
2024-02-11 13:31:39,441 [INFO] PluginManager:220 - loadIPPluginJar : add pdm2pcm
2024-02-11 13:31:39,446 [INFO] IPUIPlugin:80 - create IPUIPlugin
2024-02-11 13:31:39,448 [INFO] PluginManager:220 - loadIPPluginJar : add plateformsettings
2024-02-11 13:31:39,450 [INFO] IPUIPlugin:80 - create IPUIPlugin
2024-02-11 13:31:39,450 [INFO] PluginManager:220 - loadIPPluginJar : add quadspi
2024-02-11 13:31:39,453 [INFO] IPUIPlugin:80 - create IPUIPlugin
2024-02-11 13:31:39,453 [INFO] PluginManager:220 - loadIPPluginJar : add resmgrutility
2024-02-11 13:31:39,455 [INFO] IPUIPlugin:80 - create IPUIPlugin
2024-02-11 13:31:39,455 [INFO] PluginManager:220 - loadIPPluginJar : add sai
2024-02-11 13:31:39,457 [INFO] IPUIPlugin:80 - create IPUIPlugin
2024-02-11 13:31:39,457 [INFO] PluginManager:220 - loadIPPluginJar : add spi
2024-02-11 13:31:39,461 [INFO] IPUIPlugin:80 - create IPUIPlugin
2024-02-11 13:31:39,461 [INFO] PluginManager:220 - loadIPPluginJar : add stm32_wpan
2024-02-11 13:31:39,462 [INFO] IPUIPlugin:80 - create IPUIPlugin
2024-02-11 13:31:39,463 [INFO] PluginManager:220 - loadIPPluginJar : add tim
2024-02-11 13:31:39,465 [INFO] IPUIPlugin:80 - create IPUIPlugin
2024-02-11 13:31:39,465 [INFO] PluginManager:220 - loadIPPluginJar : add touchsensing
2024-02-11 13:31:39,467 [INFO] IPUIPlugin:80 - create IPUIPlugin
2024-02-11 13:31:39,467 [INFO] PluginManager:220 - loadIPPluginJar : add tracer_emb
2024-02-11 13:31:39,468 [INFO] IPUIPlugin:80 - create IPUIPlugin
2024-02-11 13:31:39,468 [INFO] PluginManager:220 - loadIPPluginJar : add ts
2024-02-11 13:31:39,469 [INFO] IPUIPlugin:80 - create IPUIPlugin
2024-02-11 13:31:39,469 [INFO] PluginManager:220 - loadIPPluginJar : add tsc
2024-02-11 13:31:39,470 [INFO] IPUIPlugin:80 - create IPUIPlugin
2024-02-11 13:31:39,471 [INFO] PluginManager:220 - loadIPPluginJar : add ucpd
2024-02-11 13:31:39,473 [INFO] IPUIPlugin:80 - create IPUIPlugin
2024-02-11 13:31:39,473 [INFO] PluginManager:220 - loadIPPluginJar : add usart
2024-02-11 13:31:39,475 [INFO] IPUIPlugin:80 - create IPUIPlugin
2024-02-11 13:31:39,475 [INFO] PluginManager:220 - loadIPPluginJar : add usbx
2024-02-11 13:31:39,599 [INFO] CADModel:165 - CPN selected for project level
2024-02-11 13:31:39,599 [INFO] CADModel:114 - Register for checkConnection events
2024-02-11 13:31:39,599 [FATAL] Updater:308 - Updater called before beeing initialized
2024-02-11 13:31:39,599 [ERROR] CADModel:125 - Updater not yet initialized, retry later 
2024-02-11 13:31:39,707 [INFO] CADModel:165 - CPN selected for project level
2024-02-11 13:31:39,707 [INFO] CADModel:114 - Register for checkConnection events
2024-02-11 13:31:39,707 [FATAL] Updater:308 - Updater called before beeing initialized
2024-02-11 13:31:39,707 [ERROR] CADModel:125 - Updater not yet initialized, retry later 
2024-02-11 13:31:39,710 [FATAL] Updater:308 - Updater called before beeing initialized
2024-02-11 13:31:39,803 [FATAL] Updater:308 - Updater called before beeing initialized
2024-02-11 13:31:39,806 [INFO] DbMcusAds:53 - JSON generation date=Wed Nov 29 19:52:27 GMT+09:00 2023 (1701255147200)
2024-02-11 13:31:39,806 [FATAL] Updater:308 - Updater called before beeing initialized
2024-02-11 13:31:39,837 [WARN] DetailPanel:346 - Failed to get advertising image, set to default
2024-02-11 13:31:39,916 [FATAL] Updater:308 - Updater called before beeing initialized
2024-02-11 13:31:39,918 [FATAL] Updater:308 - Updater called before beeing initialized
2024-02-11 13:31:39,918 [FATAL] Updater:308 - Updater called before beeing initialized
2024-02-11 13:31:39,918 [WARN] DetailPanel:346 - Failed to get advertising image, set to default
2024-02-11 13:31:39,919 [FATAL] Updater:308 - Updater called before beeing initialized
2024-02-11 13:31:39,962 [ERROR] Updater:1120 - MainUpdater not yet initialized. External WinMGr cannot be set.
2024-02-11 13:31:39,963 [INFO] Updater:1056 - Updater Version found : 6.10.0
2024-02-11 13:31:39,981 [INFO] ApplicationProperties:184 - Using Application install path: C:\ST\STM32CubeIDE_1.14.0\STM32CubeIDE\plugins\com.st.stm32cube.common.mx_6.10.0.202311202037
2024-02-11 13:31:41,557 [ERROR] LogOutputStream:75 - [STDERR_REDIRECT] Feb 11, 2024 1:31:41 PM java.util.prefs.WindowsPreferences <init>
2024-02-11 13:31:41,559 [ERROR] LogOutputStream:75 - [STDERR_REDIRECT] WARNING: Could not open/create prefs root node Software\JavaSoft\Prefs at root 0xffffffff80000002. Windows RegCreateKeyEx(...) returned error code 5.
2024-02-11 13:31:41,559 [ERROR] LogOutputStream:75 - [STDERR_REDIRECT] 
2024-02-11 13:31:41,740 [INFO] MainUpdater:2873 - connection check result : 10
2024-02-11 13:31:41,741 [INFO] MainUpdater:290 - Updater Check For Update Now.
2024-02-11 13:31:41,741 [INFO] MicroXplorer:498 - Change Database Version : DB.6.0.100
2024-02-11 13:31:41,747 [INFO] McuFinderGlobals:63 - Set McuFinder mode to 2 (CubeIDE integrated)
2024-02-11 13:31:41,748 [INFO] UserAuth:180 - activating auth plugin
2024-02-11 13:31:41,750 [INFO] UserAuth:404 - Internet connection configuration mode: 1
2024-02-11 13:31:41,761 [INFO] JxBrowserEngine:152 - Initiate JxBrowser Engine with user profile folder
2024-02-11 13:31:41,848 [INFO] McuFinderGlobals:63 - Set McuFinder mode to 2 (CubeIDE integrated)
2024-02-11 13:31:41,905 [INFO] CheckServerUpdateThread:120 - End of CheckServer Thread
2024-02-11 13:31:42,052 [INFO] MainUpdater:2873 - connection check result : 10
2024-02-11 13:31:42,093 [WARN] PackLoader:240 - Cannot read IP mode file for STMicroelectronics.X-CUBE-SMBUS.2.1.0
2024-02-11 13:31:42,104 [WARN] PackLoader:240 - Cannot read IP mode file for STMicroelectronics.X-CUBE-TOUCHGFX.4.23.0
2024-02-11 13:31:42,151 [WARN] PackLoader:240 - Cannot read IP mode file for STMicroelectronics.X-CUBE-AZRTOS-F7.1.1.0
2024-02-11 13:31:42,167 [WARN] PackLoader:240 - Cannot read IP mode file for STMicroelectronics.FP-SNS-MOTENV1.4.3.2
2024-02-11 13:31:42,178 [WARN] PackLoader:240 - Cannot read IP mode file for STMicroelectronics.FP-SNS-FLIGHT1.5.0.2
2024-02-11 13:31:42,190 [WARN] PackLoader:240 - Cannot read IP mode file for STMicroelectronics.X-CUBE-DISPLAY.3.0.0
2024-02-11 13:31:42,217 [WARN] PackLoader:240 - Cannot read IP mode file for STMicroelectronics.X-CUBE-BLE1.7.0.0
2024-02-11 13:31:42,232 [WARN] PackLoader:240 - Cannot read IP mode file for emotas.I-CUBE-CANOPEN.1.3.0
2024-02-11 13:31:42,250 [WARN] PackLoader:240 - Cannot read IP mode file for STMicroelectronics.FP-SNS-SMARTAG2.1.2.0
2024-02-11 13:31:42,276 [INFO] LogOutputStream:77 - [STDOUT_REDIRECT] 1 : Invalid condition id : UX_CORESTACK_Condition cause : null
2024-02-11 13:31:42,278 [INFO] LogOutputStream:77 - [STDOUT_REDIRECT] 1 : Invalid condition id : UX_CORESTACK_Condition cause : null
2024-02-11 13:31:42,287 [INFO] LogOutputStream:77 - [STDOUT_REDIRECT] 1 : Invalid condition id : UX_CORESTACK_Condition cause : null
2024-02-11 13:31:42,289 [INFO] LogOutputStream:77 - [STDOUT_REDIRECT] 1 : Invalid condition id : UX_CORESTACK_Condition cause : null
2024-02-11 13:31:42,293 [INFO] LogOutputStream:77 - [STDOUT_REDIRECT] 1 : Invalid condition id : UX_CORESTACK_Condition cause : null
2024-02-11 13:31:42,301 [WARN] PackLoader:240 - Cannot read IP mode file for STMicroelectronics.X-CUBE-AZRTOS-WL.2.0.0
2024-02-11 13:31:42,322 [WARN] PackLoader:240 - Cannot read IP mode file for WES.I-CUBE-Cesium.1.3.0
2024-02-11 13:31:42,337 [WARN] PackLoader:240 - Cannot read IP mode file for STMicroelectronics.X-CUBE-BLE2.3.3.0
2024-02-11 13:31:42,351 [WARN] PackLoader:240 - Cannot read IP mode file for STMicroelectronics.X-CUBE-ALGOBUILD.1.3.0
2024-02-11 13:31:42,387 [WARN] PackLoader:240 - Cannot read IP mode file for STMicroelectronics.X-CUBE-AZRTOS-G0.1.1.0
2024-02-11 13:31:42,402 [WARN] PackLoader:240 - Cannot read IP mode file for STMicroelectronics.X-CUBE-NFC4.3.0.0
2024-02-11 13:31:42,421 [WARN] PackLoader:240 - Cannot read IP mode file for STMicroelectronics.X-CUBE-BLEMGR.3.0.0
2024-02-11 13:31:42,435 [WARN] PackLoader:240 - Cannot read IP mode file for STMicroelectronics.FP-ATR-SIGFOX1.3.2.0
2024-02-11 13:31:42,447 [WARN] PackLoader:240 - Cannot read IP mode file for STMicroelectronics.X-CUBE-EEPRMA1.5.1.0
2024-02-11 13:31:42,558 [WARN] PackLoader:240 - Cannot read IP mode file for SEGGER.I-CUBE-embOS.1.3.1
2024-02-11 13:31:42,641 [WARN] PackLoader:240 - Cannot read IP mode file for STMicroelectronics.X-CUBE-GNSS1.6.0.0
2024-02-11 13:31:42,665 [WARN] PackLoader:240 - Cannot read IP mode file for STMicroelectronics.X-CUBE-AZRTOS-F4.1.1.0
2024-02-11 13:31:42,674 [WARN] PackLoader:240 - Cannot read IP mode file for wolfSSL.I-CUBE-wolfSSL.5.6.6
2024-02-11 13:31:42,697 [WARN] PackLoader:240 - Cannot read IP mode file for STMicroelectronics.X-CUBE-AZRTOS-L5.2.0.0
2024-02-11 13:31:42,705 [WARN] PackLoader:240 - Cannot read IP mode file for STMicroelectronics.X-CUBE-EEPRMA1.4.2.0
2024-02-11 13:31:42,713 [WARN] PackLoader:240 - Cannot read IP mode file for ITTIA_DB.I-CUBE-ITTIADB.8.8.0
2024-02-11 13:31:42,720 [WARN] PackLoader:240 - Cannot read IP mode file for STMicroelectronics.X-CUBE-NFC7.1.0.1
2024-02-11 13:31:42,724 [INFO] ApiDb:581 - Connected to CubeFinder SQLite database (C:\Users\hiyua\.stmcufinder\plugins\mcufinder\mcu\cube-finder-db.db)
2024-02-11 13:31:42,732 [WARN] PackLoader:240 - Cannot read IP mode file for STMicroelectronics.X-CUBE-NFC6.3.0.0
2024-02-11 13:31:42,741 [WARN] PackLoader:240 - Cannot read IP mode file for STMicroelectronics.X-CUBE-AI.8.1.0
2024-02-11 13:31:42,749 [INFO] WebApp:161 - Instantiating new browser for Auth
2024-02-11 13:31:42,766 [WARN] ConditionMgr:438 - getConditionDescription Invalid condition id : LAN8742 Phy interface Condition cause : null
2024-02-11 13:31:42,767 [WARN] PackLoader:240 - Cannot read IP mode file for STMicroelectronics.X-CUBE-AZRTOS-L4.2.0.0
2024-02-11 13:31:42,770 [WARN] ConditionMgr:1039 - genDependencies : Invalid condition id : LAN8742 Phy interface Condition cause : null
2024-02-11 13:31:42,771 [WARN] ConditionMgr:1039 - genDependencies : Invalid condition id : LAN8742 Phy interface Condition cause : null
2024-02-11 13:31:42,772 [WARN] ConditionMgr:1039 - genDependencies : Invalid condition id : LAN8742 Phy interface Condition cause : null
2024-02-11 13:31:42,785 [WARN] PackLoader:240 - Cannot read IP mode file for STMicroelectronics.X-CUBE-SFXS2LP1.4.0.0
2024-02-11 13:31:42,807 [WARN] ConditionMgr:438 - getConditionDescription Invalid condition id : UX DEVICE CLASS RTOS Condition cause : null
2024-02-11 13:31:42,808 [WARN] ConditionMgr:438 - getConditionDescription Invalid condition id : UX DEVICE CLASS RTOS Condition cause : null
2024-02-11 13:31:42,813 [WARN] PackLoader:240 - Cannot read IP mode file for STMicroelectronics.X-CUBE-AZRTOS-WB.2.0.0
2024-02-11 13:31:42,815 [WARN] ConditionMgr:1039 - genDependencies : Invalid condition id : UX DEVICE CLASS RTOS Condition cause : null
2024-02-11 13:31:42,815 [WARN] ConditionMgr:1039 - genDependencies : Invalid condition id : UX DEVICE CLASS RTOS Condition cause : null
2024-02-11 13:31:42,816 [WARN] ConditionMgr:1039 - genDependencies : Invalid condition id : UX DEVICE CLASS RTOS Condition cause : null
2024-02-11 13:31:42,817 [WARN] ConditionMgr:1039 - genDependencies : Invalid condition id : UX DEVICE CLASS RTOS Condition cause : null
2024-02-11 13:31:42,817 [WARN] ConditionMgr:1039 - genDependencies : Invalid condition id : UX DEVICE CLASS RTOS Condition cause : null
2024-02-11 13:31:42,824 [INFO] ApiDb:668 - CubeFinder database Data Model version=2.1
2024-02-11 13:31:42,824 [INFO] ApiDb:669 - CubeFinder database Configuration version=3.0.39
2024-02-11 13:31:42,825 [INFO] ApiDb:670 - CubeFinder database generation date=2024-01-11 (1704964531)
2024-02-11 13:31:42,825 [INFO] ApiDb:671 - CubeFinder database FW Pack versions=[FP-ATR-ASTRA1_V2.0.0, FP-SNS-FLIGHT1_V5.0.1, FP-SNS-FLIGHT1_V5.0.2, FP-SNS-MOTENV1_V4.3.1, FP-SNS-MOTENV1_V4.3.2, FP-SNS-MOTENVWB1_V1.3.1, FP-SNS-SMARTAG2_V1.2.0, STM32Cube_FW_C0_V1.1.0, STM32Cube_FW_F4_V1.28.0, STM32Cube_FW_F7_V1.17.0, STM32Cube_FW_G0_V1.6.2, STM32Cube_FW_G4_V1.5.2, STM32Cube_FW_H5_V0.5.1, STM32Cube_FW_H5_V1.1.1, STM32Cube_FW_H5_V1.2.0RC2, STM32Cube_FW_H7_V1.11.0, STM32Cube_FW_L0_V1.12.2, STM32Cube_FW_L5_V1.5.0, STM32Cube_FW_U5_V1.3.0RC4, STM32Cube_FW_U5_V1.4.0, STM32Cube_FW_WBA_V1.0.0RC1, STM32Cube_FW_WBA_V1.1.0RC1, STM32Cube_FW_WBA_V1.2.0, STM32Cube_FW_WBA_V1.2.0RC2, STM32Cube_FW_WB_V1.15.0RC1, STM32Cube_FW_WB_V1.16.0, STM32Cube_FW_WB_V1.16.0RC2, STM32Cube_FW_WB_V1.18.0, STM32Cube_FW_WL_V1.3.0, X-CUBE-ALGOBUILD_V1.3.0, X-CUBE-ALS_V1.0.1, X-CUBE-AZRTOS-F4_V1.1.0, X-CUBE-AZRTOS-F7_V1.1.0, X-CUBE-AZRTOS-G0_V1.1.0, X-CUBE-AZRTOS-G4_V2.0.0, X-CUBE-AZRTOS-H7_V3.2.0, X-CUBE-AZRTOS-L4_V1.0.0, X-CUBE-AZRTOS-L4_V2.0.0, X-CUBE-AZRTOS-L5_V1.1.0, X-CUBE-AZRTOS-WB_V2.0.0, X-CUBE-AZRTOS-WL_V2.0.0, X-CUBE-BLE1_V7.0.0, X-CUBE-BLE2_V3.3.0, X-CUBE-BLEMGR_V3.0.0, X-CUBE-EEPRMA1_V4.1.0, X-CUBE-EEPRMA1_V4.2.0, X-CUBE-FREERTOS_V1.1.0, X-CUBE-GNSS1_V6.0.0, X-CUBE-MEMS1_V10.0.0, X-CUBE-MEMS1_V9.1.0, X-CUBE-MEMS1_V9.4.0, X-CUBE-MEMS1_V9.6.0, X-CUBE-NFC4_V3.0.0, X-CUBE-NFC7_V1.0.1, X-CUBE-SFXS2LP1_V4.0.0, X-CUBE-SUBG2_V5.0.0, X-CUBE-TOF1_V3.4.0]
2024-02-11 13:31:42,839 [WARN] PackLoader:240 - Cannot read IP mode file for STMicroelectronics.X-CUBE-SUBG2.5.0.0
2024-02-11 13:31:42,875 [WARN] PackLoader:240 - Cannot read IP mode file for STMicroelectronics.X-CUBE-AZRTOS-G4.2.0.0
2024-02-11 13:31:42,903 [WARN] PackLoader:240 - Cannot read IP mode file for Infineon.AIROC-Wi-Fi-Bluetooth-STM32.1.5.1
2024-02-11 13:31:42,916 [WARN] PackLoader:240 - Cannot read IP mode file for STMicroelectronics.FP-SNS-MOTENVWB1.1.3.1
2024-02-11 13:31:42,923 [WARN] PackLoader:240 - Cannot read IP mode file for STMicroelectronics.X-CUBE-ISPU.2.0.0
2024-02-11 13:31:42,955 [INFO] DbBoardsSqlite:226 - include board P-NUCLEO-WB55-NUCLEO as a kit item of type 'Nucleo-64'
2024-02-11 13:31:42,955 [INFO] DbBoardsSqlite:226 - include board P-NUCLEO-WB55-USBDONGLE as a kit item of type 'Nucleo USB Dongle'
2024-02-11 13:31:42,956 [INFO] DbBoardsSqlite:226 - include board STEVAL-IDP005V1 as a kit item of type 'Evaluation Board'
2024-02-11 13:31:42,956 [INFO] DbBoardsSqlite:226 - include board STEVAL-IDP005V2 as a kit item of type 'Evaluation Board'
2024-02-11 13:31:42,997 [WARN] PackLoader:240 - Cannot read IP mode file for STMicroelectronics.X-CUBE-MEMS1.10.0.0
2024-02-11 13:31:43,051 [INFO] ApiDb:240 - Found 371 in-development CPN: [B-G473E-ZEST1S, B-WB1M-WPAN1, B-WL5M-SUBG1, NUCLEO-C031C6, NUCLEO-H503RB, NUCLEO-H563ZI, NUCLEO-U545RE-Q, NUCLEO-U5A5ZJ-Q, NUCLEO-WBA52CG, NUCLEO-WBA55CG, STEVAL-MKBOXPRO, STEVAL-PROTEUS1, STEVAL-STWINBX1, STM320518-EVAL, STM32C0116-DK, STM32C011D6Y3TR, STM32C011D6Y6TR, STM32C011F4P3, STM32C011F4P6, STM32C011F4U3, STM32C011F4U6TR, STM32C011F6P3, STM32C011F6P6, STM32C011F6U3, STM32C011F6U6TR, STM32C011J4M3, STM32C011J4M6, STM32C011J6M3, STM32C011J6M6, STM32C0316-DK, STM32C031C4T3, STM32C031C4T6, STM32C031C4U3, STM32C031C4U6, STM32C031C6T3, STM32C031C6T6, STM32C031C6U3, STM32C031C6U6, STM32C031F4P3, STM32C031F4P6, STM32C031F6P3, STM32C031F6P6, STM32C031G4U3, STM32C031G4U6, STM32C031G6U3, STM32C031G6U6, STM32C031K4T3, STM32C031K4T6, STM32C031K4U3, STM32C031K4U6, STM32C031K6T3, STM32C031K6T6, STM32C031K6U3, STM32C031K6U6, STM32G071K8TXN, STM32G071K8UXN, STM32G081GBU6N, STM32G081KBT6N, STM32G081KBUXN, STM32G0B1CCT6N, STM32G0B1KCT6, STM32G0B1NEY6TR, STM32G0B1RCT6N, STM32G0C1CCT6, STM32G0C1CCT6N, STM32G0C1CCU6N, STM32G0C1CET6N, STM32G0C1CEU6N, STM32G0C1KCT6, STM32G0C1NEY6TR, STM32G0C1RCI6N, STM32G0C1RCT6N, STM32G0C1REI6N, STM32G0C1RET6N, STM32G0C1VCI6, STM32G0C1VEI6, STM32G471CCT6, STM32G471CCU6, STM32G471CET3, STM32G471CET6, STM32G471CEU3, STM32G471CEU6, STM32G471MCT6, STM32G471MET3, STM32G471MET6, STM32G471MEY6TR, STM32G471QCT6, STM32G471QET3, STM32G471RCT6, STM32G471RET3, STM32G471RET6, STM32G471VCH6, STM32G471VCI6, STM32G471VCT6, STM32G471VEH3, STM32G471VEH6, STM32G471VEI3, STM32G471VEI6, STM32G471VET3, STM32G471VET6, STM32G474CCT6, STM32H503CBT6, STM32H503CBU6, STM32H503EBY6TR, STM32H503KBU6, STM32H503RBT6, STM32H562AGI6, STM32H562AII6, STM32H562IGK6, STM32H562IGT6, STM32H562IIK6, STM32H562IIT6, STM32H562RGT6, STM32H562RGV6, STM32H562RIT6, STM32H562RIV6, STM32H562VGT6, STM32H562VIT6, STM32H562ZGT6, STM32H562ZIT6, STM32H563AGI6, STM32H563AII3Q, STM32H563AII6, STM32H563IGK6, STM32H563IGT6, STM32H563IIK3Q, STM32H563IIK6, STM32H563IIT3Q, STM32H563IIT6, STM32H563MIY3QTR, STM32H563RGT6, STM32H563RGV6, STM32H563RIT6, STM32H563RIV6, STM32H563VGT6, STM32H563VIT3Q, STM32H563VIT6, STM32H563ZGT6, STM32H563ZIT3Q, STM32H563ZIT6, STM32H573AII3Q, STM32H573AII6, STM32H573I-DK, STM32H573IIK3Q, STM32H573IIK6, STM32H573IIT3Q, STM32H573IIT6, STM32H573MIY3QTR, STM32H573RIT6, STM32H573RIV6, STM32H573VIT3Q, STM32H573VIT6, STM32H573ZIT3Q, STM32H573ZIT6, STM32L4R5QGI6STR, STM32MP131AAE3, STM32MP131AAF3, STM32MP131AAG3, STM32MP131CAE3, STM32MP131CAF3, STM32MP131CAG3, STM32MP131DAE7, STM32MP131DAF7, STM32MP131DAG7, STM32MP131FAE7, STM32MP131FAF7, STM32MP131FAG7, STM32MP133AAE3, STM32MP133AAF3, STM32MP133AAG3, STM32MP133CAE3, STM32MP133CAF3, STM32MP133CAG3, STM32MP133DAE7, STM32MP133DAF7, STM32MP133DAG7, STM32MP133FAE7, STM32MP133FAF7, STM32MP133FAG7, STM32MP135AAE3, STM32MP135AAF3, STM32MP135AAG3, STM32MP135CAE3, STM32MP135CAF3, STM32MP135CAG3, STM32MP135DAE7, STM32MP135DAF7, STM32MP135DAG7, STM32MP135F-DK, STM32MP135FAE7, STM32MP135FAF7, STM32MP135FAF7T, STM32MP135FAF7U, STM32MP135FAG7, STM32U535CBT6, STM32U535CBT6Q, STM32U535CBU6, STM32U535CBU6Q, STM32U535CCT6, STM32U535CCT6Q, STM32U535CCU6, STM32U535CCU6Q, STM32U535CET6, STM32U535CET6Q, STM32U535CEU6, STM32U535CEU6Q, STM32U535JEY6QTR, STM32U535NCY6QTR, STM32U535NEY6QTR, STM32U535RBI6, STM32U535RBI6Q, STM32U535RBT6, STM32U535RBT6Q, STM32U535RCI6, STM32U535RCI6Q, STM32U535RCT6, STM32U535RCT6Q, STM32U535REI6, STM32U535REI6Q, STM32U535RET6, STM32U535RET6Q, STM32U535VCI6, STM32U535VCI6Q, STM32U535VCT6, STM32U535VCT6Q, STM32U535VEI6, STM32U535VEI6Q, STM32U535VET6, STM32U535VET6Q, STM32U545CET6, STM32U545CET6Q, STM32U545CEU6, STM32U545CEU6Q, STM32U545JEY6QTR, STM32U545NEY6QTR, STM32U545REI6, STM32U545REI6Q, STM32U545RET6, STM32U545RET6Q, STM32U545VEI6, STM32U545VEI6Q, STM32U545VET6, STM32U545VET6Q, STM32U595AIH6, STM32U595AIH6Q, STM32U595AJH6, STM32U595AJH6Q, STM32U595QII6, STM32U595QII6Q, STM32U595QJI6, STM32U595QJI6Q, STM32U595RIT6, STM32U595RIT6Q, STM32U595RJT6, STM32U595RJT6Q, STM32U595VIT6, STM32U595VIT6Q, STM32U595VJT6, STM32U595VJT6Q, STM32U595ZIT6, STM32U595ZIT6Q, STM32U595ZIY6QTR, STM32U595ZJT6, STM32U595ZJT6Q, STM32U595ZJY6QTR, STM32U599BJY6QTR, STM32U599NIH6Q, STM32U599NJH6Q, STM32U599VIT6Q, STM32U599VJT6, STM32U599VJT6Q, STM32U599ZIT6Q, STM32U599ZIY6QTR, STM32U599ZJT6Q, STM32U599ZJY6QTR, STM32U5A5AJH6, STM32U5A5AJH6Q, STM32U5A5QJI6, STM32U5A5QJI6Q, STM32U5A5RJT6, STM32U5A5RJT6Q, STM32U5A5VJT6, STM32U5A5VJT6Q, STM32U5A5ZJT6, STM32U5A5ZJT6Q, STM32U5A5ZJY6QTR, STM32U5A9BJY6QTR, STM32U5A9J-DK, STM32U5A9NJH6Q, STM32U5A9VJT6Q, STM32U5A9ZJT6Q, STM32U5A9ZJY6QTR, STM32U5F7VIT6, STM32U5F7VIT6Q, STM32U5F7VJT6, STM32U5F7VJT6Q, STM32U5F9BJY6QTR, STM32U5F9NJH6Q, STM32U5F9VIT6Q, STM32U5F9VJT6Q, STM32U5F9ZIJ6QTR, STM32U5F9ZIT6Q, STM32U5F9ZJJ6QTR, STM32U5F9ZJT6Q, STM32U5G7VJT6, STM32U5G7VJT6Q, STM32U5G9BJY6QTR, STM32U5G9J-DK1, STM32U5G9J-DK2, STM32U5G9NJH6Q, STM32U5G9VJT6Q, STM32U5G9ZJJ6QTR, STM32U5G9ZJT6Q, STM32WB1MMCH6, STM32WBA50KEU6, STM32WBA50KEU6TR, STM32WBA50KGU6, STM32WBA50KGU6TR, STM32WBA52CEU6, STM32WBA52CEU6TR, STM32WBA52CEU7, STM32WBA52CEU7TR, STM32WBA52CGU6, STM32WBA52CGU6TR, STM32WBA52CGU6U, STM32WBA52CGU7, STM32WBA52CGU7TR, STM32WBA52KEU6, STM32WBA52KEU6TR, STM32WBA52KGU6, STM32WBA52KGU6TR, STM32WBA54CEU6, STM32WBA54CEU6TR, STM32WBA54CEU7, STM32WBA54CEU7TR, STM32WBA54CGU6, STM32WBA54CGU6TR, STM32WBA54CGU7, STM32WBA54CGU7TR, STM32WBA54KEU6, STM32WBA54KEU6TR, STM32WBA54KEU7, STM32WBA54KEU7TR, STM32WBA54KGU6, STM32WBA54KGU6TR, STM32WBA54KGU7, STM32WBA54KGU7TR, STM32WBA55CEU6, STM32WBA55CEU6TR, STM32WBA55CEU7, STM32WBA55CEU7TR, STM32WBA55CGU6, STM32WBA55CGU6TR, STM32WBA55CGU6U, STM32WBA55CGU7, STM32WBA55CGU7TR, STM32WBA55G-DK1, STM32WBA55HEF6, STM32WBA55HEF7, STM32WBA55HGF6, STM32WBA55HGF7, STM32WBA55UEI6, STM32WBA55UEI6TR, STM32WBA55UEI7, STM32WBA55UEI7TR, STM32WBA55UGI6, STM32WBA55UGI6TR, STM32WBA55UGI7, STM32WBA55UGI7TR, STM32WL5MOCH6, STM32WL5MOCH6TR]
2024-02-11 13:31:43,172 [WARN] PackLoader:240 - Cannot read IP mode file for STMicroelectronics.X-CUBE-FREERTOS.1.1.0
2024-02-11 13:31:43,179 [WARN] PackLoader:240 - Cannot read IP mode file for portGmbH.I-Cube-SoM-uGOAL.1.1.0
2024-02-11 13:31:43,184 [WARN] PackLoader:240 - Cannot read IP mode file for STMicroelectronics.X-CUBE-ALS.1.0.1
2024-02-11 13:31:43,189 [WARN] PackLoader:240 - Cannot read IP mode file for STMicroelectronics.FP-ATR-ASTRA1.2.0.0
2024-02-11 13:31:43,200 [WARN] PackLoader:240 - Cannot read IP mode file for STMicroelectronics.X-CUBE-TOF1.3.4.0
2024-02-11 13:31:43,234 [INFO] BoardInfo:889 - No configuration file found for board P-NUCLEO-WB55
2024-02-11 13:31:43,235 [INFO] DbBoards:161 - Kit is not supported: P-NUCLEO-WB55
2024-02-11 13:31:43,235 [WARN] PackLoader:240 - Cannot read IP mode file for STMicroelectronics.X-CUBE-AZRTOS-H7.3.2.0
2024-02-11 13:31:43,246 [INFO] ThirdParty:978 - Integrity check success = true
2024-02-11 13:31:43,247 [INFO] IntegrityCheckThread:100 - exiting critical section [integrity check]
2024-02-11 13:31:43,247 [INFO] IntegrityCheckThread:103 - End integrity checks thread
2024-02-11 13:31:43,253 [INFO] BoardInfo:889 - No configuration file found for board STEVAL-BFA001V1B
2024-02-11 13:31:43,254 [INFO] DbBoards:161 - Kit is not supported: STEVAL-BFA001V1B
2024-02-11 13:31:43,256 [INFO] BoardInfo:889 - No configuration file found for board STEVAL-BFA001V2B
2024-02-11 13:31:43,257 [INFO] DbBoards:161 - Kit is not supported: STEVAL-BFA001V2B
2024-02-11 13:31:43,439 [INFO] DbBoards:168 - Found 193 boards, 190 are supported
2024-02-11 13:31:43,439 [INFO] DbBoards:169 - Found 193 boards, 3 of them is supported for  Bsp
2024-02-11 13:31:43,442 [INFO] ApiDb:668 - CubeFinder database Data Model version=2.1
2024-02-11 13:31:43,442 [INFO] ApiDb:669 - CubeFinder database Configuration version=3.0.39
2024-02-11 13:31:43,442 [INFO] ApiDb:670 - CubeFinder database generation date=2024-01-11 (1704964531)
2024-02-11 13:31:43,442 [INFO] ApiDb:671 - CubeFinder database FW Pack versions=[FP-ATR-ASTRA1_V2.0.0, FP-SNS-FLIGHT1_V5.0.1, FP-SNS-FLIGHT1_V5.0.2, FP-SNS-MOTENV1_V4.3.1, FP-SNS-MOTENV1_V4.3.2, FP-SNS-MOTENVWB1_V1.3.1, FP-SNS-SMARTAG2_V1.2.0, STM32Cube_FW_C0_V1.1.0, STM32Cube_FW_F4_V1.28.0, STM32Cube_FW_F7_V1.17.0, STM32Cube_FW_G0_V1.6.2, STM32Cube_FW_G4_V1.5.2, STM32Cube_FW_H5_V0.5.1, STM32Cube_FW_H5_V1.1.1, STM32Cube_FW_H5_V1.2.0RC2, STM32Cube_FW_H7_V1.11.0, STM32Cube_FW_L0_V1.12.2, STM32Cube_FW_L5_V1.5.0, STM32Cube_FW_U5_V1.3.0RC4, STM32Cube_FW_U5_V1.4.0, STM32Cube_FW_WBA_V1.0.0RC1, STM32Cube_FW_WBA_V1.1.0RC1, STM32Cube_FW_WBA_V1.2.0, STM32Cube_FW_WBA_V1.2.0RC2, STM32Cube_FW_WB_V1.15.0RC1, STM32Cube_FW_WB_V1.16.0, STM32Cube_FW_WB_V1.16.0RC2, STM32Cube_FW_WB_V1.18.0, STM32Cube_FW_WL_V1.3.0, X-CUBE-ALGOBUILD_V1.3.0, X-CUBE-ALS_V1.0.1, X-CUBE-AZRTOS-F4_V1.1.0, X-CUBE-AZRTOS-F7_V1.1.0, X-CUBE-AZRTOS-G0_V1.1.0, X-CUBE-AZRTOS-G4_V2.0.0, X-CUBE-AZRTOS-H7_V3.2.0, X-CUBE-AZRTOS-L4_V1.0.0, X-CUBE-AZRTOS-L4_V2.0.0, X-CUBE-AZRTOS-L5_V1.1.0, X-CUBE-AZRTOS-WB_V2.0.0, X-CUBE-AZRTOS-WL_V2.0.0, X-CUBE-BLE1_V7.0.0, X-CUBE-BLE2_V3.3.0, X-CUBE-BLEMGR_V3.0.0, X-CUBE-EEPRMA1_V4.1.0, X-CUBE-EEPRMA1_V4.2.0, X-CUBE-FREERTOS_V1.1.0, X-CUBE-GNSS1_V6.0.0, X-CUBE-MEMS1_V10.0.0, X-CUBE-MEMS1_V9.1.0, X-CUBE-MEMS1_V9.4.0, X-CUBE-MEMS1_V9.6.0, X-CUBE-NFC4_V3.0.0, X-CUBE-NFC7_V1.0.1, X-CUBE-SFXS2LP1_V4.0.0, X-CUBE-SUBG2_V5.0.0, X-CUBE-TOF1_V3.4.0]
2024-02-11 13:31:43,493 [INFO] WebApp:780 - Register for checkConnection events
2024-02-11 13:31:43,494 [INFO] WebApp:414 - Apply proxy settings
2024-02-11 13:31:43,494 [INFO] WebApp:499 - Chromium requires no authentication
2024-02-11 13:31:43,501 [INFO] WebApp:442 - Direct internet connection detected
2024-02-11 13:31:43,703 [INFO] WebApp:192 - Starting web application
2024-02-11 13:31:43,704 [INFO] WebApp:544 - Web application path used C:\ST\STM32CubeIDE_1.14.0\STM32CubeIDE\plugins\com.st.stm32cube.common.mx_6.10.0.202311202037\db\plugins\mcufinder\reactClient1\index.html
2024-02-11 13:31:45,205 [INFO] ApiDb:240 - Found 371 in-development CPN: [B-G473E-ZEST1S, B-WB1M-WPAN1, B-WL5M-SUBG1, NUCLEO-C031C6, NUCLEO-H503RB, NUCLEO-H563ZI, NUCLEO-U545RE-Q, NUCLEO-U5A5ZJ-Q, NUCLEO-WBA52CG, NUCLEO-WBA55CG, STEVAL-MKBOXPRO, STEVAL-PROTEUS1, STEVAL-STWINBX1, STM320518-EVAL, STM32C0116-DK, STM32C011D6Y3TR, STM32C011D6Y6TR, STM32C011F4P3, STM32C011F4P6, STM32C011F4U3, STM32C011F4U6TR, STM32C011F6P3, STM32C011F6P6, STM32C011F6U3, STM32C011F6U6TR, STM32C011J4M3, STM32C011J4M6, STM32C011J6M3, STM32C011J6M6, STM32C0316-DK, STM32C031C4T3, STM32C031C4T6, STM32C031C4U3, STM32C031C4U6, STM32C031C6T3, STM32C031C6T6, STM32C031C6U3, STM32C031C6U6, STM32C031F4P3, STM32C031F4P6, STM32C031F6P3, STM32C031F6P6, STM32C031G4U3, STM32C031G4U6, STM32C031G6U3, STM32C031G6U6, STM32C031K4T3, STM32C031K4T6, STM32C031K4U3, STM32C031K4U6, STM32C031K6T3, STM32C031K6T6, STM32C031K6U3, STM32C031K6U6, STM32G071K8TXN, STM32G071K8UXN, STM32G081GBU6N, STM32G081KBT6N, STM32G081KBUXN, STM32G0B1CCT6N, STM32G0B1KCT6, STM32G0B1NEY6TR, STM32G0B1RCT6N, STM32G0C1CCT6, STM32G0C1CCT6N, STM32G0C1CCU6N, STM32G0C1CET6N, STM32G0C1CEU6N, STM32G0C1KCT6, STM32G0C1NEY6TR, STM32G0C1RCI6N, STM32G0C1RCT6N, STM32G0C1REI6N, STM32G0C1RET6N, STM32G0C1VCI6, STM32G0C1VEI6, STM32G471CCT6, STM32G471CCU6, STM32G471CET3, STM32G471CET6, STM32G471CEU3, STM32G471CEU6, STM32G471MCT6, STM32G471MET3, STM32G471MET6, STM32G471MEY6TR, STM32G471QCT6, STM32G471QET3, STM32G471RCT6, STM32G471RET3, STM32G471RET6, STM32G471VCH6, STM32G471VCI6, STM32G471VCT6, STM32G471VEH3, STM32G471VEH6, STM32G471VEI3, STM32G471VEI6, STM32G471VET3, STM32G471VET6, STM32G474CCT6, STM32H503CBT6, STM32H503CBU6, STM32H503EBY6TR, STM32H503KBU6, STM32H503RBT6, STM32H562AGI6, STM32H562AII6, STM32H562IGK6, STM32H562IGT6, STM32H562IIK6, STM32H562IIT6, STM32H562RGT6, STM32H562RGV6, STM32H562RIT6, STM32H562RIV6, STM32H562VGT6, STM32H562VIT6, STM32H562ZGT6, STM32H562ZIT6, STM32H563AGI6, STM32H563AII3Q, STM32H563AII6, STM32H563IGK6, STM32H563IGT6, STM32H563IIK3Q, STM32H563IIK6, STM32H563IIT3Q, STM32H563IIT6, STM32H563MIY3QTR, STM32H563RGT6, STM32H563RGV6, STM32H563RIT6, STM32H563RIV6, STM32H563VGT6, STM32H563VIT3Q, STM32H563VIT6, STM32H563ZGT6, STM32H563ZIT3Q, STM32H563ZIT6, STM32H573AII3Q, STM32H573AII6, STM32H573I-DK, STM32H573IIK3Q, STM32H573IIK6, STM32H573IIT3Q, STM32H573IIT6, STM32H573MIY3QTR, STM32H573RIT6, STM32H573RIV6, STM32H573VIT3Q, STM32H573VIT6, STM32H573ZIT3Q, STM32H573ZIT6, STM32L4R5QGI6STR, STM32MP131AAE3, STM32MP131AAF3, STM32MP131AAG3, STM32MP131CAE3, STM32MP131CAF3, STM32MP131CAG3, STM32MP131DAE7, STM32MP131DAF7, STM32MP131DAG7, STM32MP131FAE7, STM32MP131FAF7, STM32MP131FAG7, STM32MP133AAE3, STM32MP133AAF3, STM32MP133AAG3, STM32MP133CAE3, STM32MP133CAF3, STM32MP133CAG3, STM32MP133DAE7, STM32MP133DAF7, STM32MP133DAG7, STM32MP133FAE7, STM32MP133FAF7, STM32MP133FAG7, STM32MP135AAE3, STM32MP135AAF3, STM32MP135AAG3, STM32MP135CAE3, STM32MP135CAF3, STM32MP135CAG3, STM32MP135DAE7, STM32MP135DAF7, STM32MP135DAG7, STM32MP135F-DK, STM32MP135FAE7, STM32MP135FAF7, STM32MP135FAF7T, STM32MP135FAF7U, STM32MP135FAG7, STM32U535CBT6, STM32U535CBT6Q, STM32U535CBU6, STM32U535CBU6Q, STM32U535CCT6, STM32U535CCT6Q, STM32U535CCU6, STM32U535CCU6Q, STM32U535CET6, STM32U535CET6Q, STM32U535CEU6, STM32U535CEU6Q, STM32U535JEY6QTR, STM32U535NCY6QTR, STM32U535NEY6QTR, STM32U535RBI6, STM32U535RBI6Q, STM32U535RBT6, STM32U535RBT6Q, STM32U535RCI6, STM32U535RCI6Q, STM32U535RCT6, STM32U535RCT6Q, STM32U535REI6, STM32U535REI6Q, STM32U535RET6, STM32U535RET6Q, STM32U535VCI6, STM32U535VCI6Q, STM32U535VCT6, STM32U535VCT6Q, STM32U535VEI6, STM32U535VEI6Q, STM32U535VET6, STM32U535VET6Q, STM32U545CET6, STM32U545CET6Q, STM32U545CEU6, STM32U545CEU6Q, STM32U545JEY6QTR, STM32U545NEY6QTR, STM32U545REI6, STM32U545REI6Q, STM32U545RET6, STM32U545RET6Q, STM32U545VEI6, STM32U545VEI6Q, STM32U545VET6, STM32U545VET6Q, STM32U595AIH6, STM32U595AIH6Q, STM32U595AJH6, STM32U595AJH6Q, STM32U595QII6, STM32U595QII6Q, STM32U595QJI6, STM32U595QJI6Q, STM32U595RIT6, STM32U595RIT6Q, STM32U595RJT6, STM32U595RJT6Q, STM32U595VIT6, STM32U595VIT6Q, STM32U595VJT6, STM32U595VJT6Q, STM32U595ZIT6, STM32U595ZIT6Q, STM32U595ZIY6QTR, STM32U595ZJT6, STM32U595ZJT6Q, STM32U595ZJY6QTR, STM32U599BJY6QTR, STM32U599NIH6Q, STM32U599NJH6Q, STM32U599VIT6Q, STM32U599VJT6, STM32U599VJT6Q, STM32U599ZIT6Q, STM32U599ZIY6QTR, STM32U599ZJT6Q, STM32U599ZJY6QTR, STM32U5A5AJH6, STM32U5A5AJH6Q, STM32U5A5QJI6, STM32U5A5QJI6Q, STM32U5A5RJT6, STM32U5A5RJT6Q, STM32U5A5VJT6, STM32U5A5VJT6Q, STM32U5A5ZJT6, STM32U5A5ZJT6Q, STM32U5A5ZJY6QTR, STM32U5A9BJY6QTR, STM32U5A9J-DK, STM32U5A9NJH6Q, STM32U5A9VJT6Q, STM32U5A9ZJT6Q, STM32U5A9ZJY6QTR, STM32U5F7VIT6, STM32U5F7VIT6Q, STM32U5F7VJT6, STM32U5F7VJT6Q, STM32U5F9BJY6QTR, STM32U5F9NJH6Q, STM32U5F9VIT6Q, STM32U5F9VJT6Q, STM32U5F9ZIJ6QTR, STM32U5F9ZIT6Q, STM32U5F9ZJJ6QTR, STM32U5F9ZJT6Q, STM32U5G7VJT6, STM32U5G7VJT6Q, STM32U5G9BJY6QTR, STM32U5G9J-DK1, STM32U5G9J-DK2, STM32U5G9NJH6Q, STM32U5G9VJT6Q, STM32U5G9ZJJ6QTR, STM32U5G9ZJT6Q, STM32WB1MMCH6, STM32WBA50KEU6, STM32WBA50KEU6TR, STM32WBA50KGU6, STM32WBA50KGU6TR, STM32WBA52CEU6, STM32WBA52CEU6TR, STM32WBA52CEU7, STM32WBA52CEU7TR, STM32WBA52CGU6, STM32WBA52CGU6TR, STM32WBA52CGU6U, STM32WBA52CGU7, STM32WBA52CGU7TR, STM32WBA52KEU6, STM32WBA52KEU6TR, STM32WBA52KGU6, STM32WBA52KGU6TR, STM32WBA54CEU6, STM32WBA54CEU6TR, STM32WBA54CEU7, STM32WBA54CEU7TR, STM32WBA54CGU6, STM32WBA54CGU6TR, STM32WBA54CGU7, STM32WBA54CGU7TR, STM32WBA54KEU6, STM32WBA54KEU6TR, STM32WBA54KEU7, STM32WBA54KEU7TR, STM32WBA54KGU6, STM32WBA54KGU6TR, STM32WBA54KGU7, STM32WBA54KGU7TR, STM32WBA55CEU6, STM32WBA55CEU6TR, STM32WBA55CEU7, STM32WBA55CEU7TR, STM32WBA55CGU6, STM32WBA55CGU6TR, STM32WBA55CGU6U, STM32WBA55CGU7, STM32WBA55CGU7TR, STM32WBA55G-DK1, STM32WBA55HEF6, STM32WBA55HEF7, STM32WBA55HGF6, STM32WBA55HGF7, STM32WBA55UEI6, STM32WBA55UEI6TR, STM32WBA55UEI7, STM32WBA55UEI7TR, STM32WBA55UGI6, STM32WBA55UGI6TR, STM32WBA55UGI7, STM32WBA55UGI7TR, STM32WL5MOCH6, STM32WL5MOCH6TR]
2024-02-11 13:31:45,210 [INFO] DbMcus:218 - Found 3930 MCUs, 3930 are supported
2024-02-11 13:31:45,210 [INFO] ApiDb:423 - Load user favorites file C:\Users\hiyua/.stm32cubeide/favorites.mcus.txt: 0 item(s)
2024-02-11 13:31:45,211 [INFO] ApiDb:427 - User favorites MCUs=[]
2024-02-11 13:31:45,211 [INFO] DbMcus:224 - Set 0 / 0 favorites MCUs
2024-02-11 13:31:45,418 [INFO] ApiDb:423 - Load user favorites file C:\Users\hiyua/.stm32cubeide/favorites.boards.txt: 1 item(s)
2024-02-11 13:31:45,418 [INFO] ApiDb:427 - User favorites Boards=[NUCLEO-F446RE]
2024-02-11 13:31:45,420 [INFO] DbBoards:198 - Set 1 / 1 favorites Boards
2024-02-11 13:31:45,420 [INFO] McuFinderGlobals:76 - Set McuFinderConnectedMode to true
2024-02-11 13:31:45,424 [INFO] MultiScanPanel:200 - Auto-refresh data requested => check proxy status ongoing
2024-02-11 13:31:45,428 [INFO] FinderPluginLoader:95 - Searching for filters in installed packs
2024-02-11 13:31:46,842 [INFO] LoadUrlFilesThread:185 - End of LoadServerUrlFiles without Thread
2024-02-11 13:31:46,853 [INFO] DetailPanel:341 - Set advertising image to C:/Users/hiyua/STM32Cube/Repository/\en.prom-stm32wl3-mcu-finder.jpg
2024-02-11 13:31:50,841 [INFO] MultiScanPanel:200 - Auto-refresh data requested => check proxy status ongoing
2024-02-11 13:31:50,958 [INFO] LoadUrlFilesThread:185 - End of LoadServerUrlFiles without Thread
2024-02-11 13:31:50,959 [INFO] DetailPanel:341 - Set advertising image to C:/Users/hiyua/STM32Cube/Repository/\en.prom-stm32wl3-mcu-finder.jpg
2024-02-11 13:31:50,971 [INFO] DbBoards:642 - Loading board mini-images...
2024-02-11 13:31:51,791 [ERROR] DbBoards:659 - Image file not found for board NUCLEO-WBA55CG: C:\Users\hiyua\.stmcufinder\plugins\mcufinder//mcu//boards_images/NUCLEO-WBA55CG.jpg
2024-02-11 13:31:52,748 [ERROR] DbBoards:659 - Image file not found for board STM32WBA55G-DK1: C:\Users\hiyua\.stmcufinder\plugins\mcufinder//mcu//boards_images/STM32WBA55G-DK1.jpg
2024-02-11 13:31:52,749 [INFO] DbBoards:665 - Loaded 191 board mini-images
2024-02-11 13:32:04,277 [ERROR] LogOutputStream:75 - [STDERR_REDIRECT] SLF4J: Failed to load class "org.slf4j.impl.StaticLoggerBinder".
2024-02-11 13:32:04,278 [ERROR] LogOutputStream:75 - [STDERR_REDIRECT] SLF4J: Defaulting to no-operation (NOP) logger implementation
2024-02-11 13:32:04,280 [ERROR] LogOutputStream:75 - [STDERR_REDIRECT] SLF4J: See http://www.slf4j.org/codes.html#StaticLoggerBinder for further details.
2024-02-11 13:32:07,809 [INFO] MainUpdater:2873 - connection check result : 10
2024-02-11 13:32:07,809 [INFO] MainUpdater:2873 - connection check result : 10
2024-02-11 13:32:07,829 [INFO] MicroXplorer:468 - Change Database Path : 
2024-02-11 13:32:07,829 [INFO] MicroXplorer:498 - Change Database Version : DB.6.0.100
2024-02-11 13:32:07,833 [WARN] ThirdParty:871 - waiting for thirdparty lock release [close project]
2024-02-11 13:32:07,833 [INFO] ThirdParty:873 - entering critical section [close project]
2024-02-11 13:32:07,834 [INFO] ThirdParty:883 - exiting critical section [close project]
2024-02-11 13:32:07,837 [INFO] PinOutPanel:1499 - setPackage(No Configuration,No Configuration)
2024-02-11 13:32:07,840 [INFO] UtilMem:75 - Begin LoadConfig() Used Memory: 537415608 Bytes (685768704)
2024-02-11 13:32:07,845 [INFO] OpenFileManager:312 - Change cursor
2024-02-11 13:32:07,877 [INFO] ProjectFactory:440 - No CPN specified for board NUCLEO-F446RE => set CPN to STM32F446RET6
2024-02-11 13:32:07,878 [INFO] Mcu:2016 - Initializing MCU STM32F446R(C-E)Tx STM32F446RETx STM32F446RET6
2024-02-11 13:32:09,514 [INFO] Context:659 - Trying to add GPIOservice into a context  which must be forbidden
2024-02-11 13:32:10,007 [INFO] Rule:228 - rule 117617 - U5Cobra4M][GTZC] default value MPCBB3 and MPCBB5 - Not Secured memory - MPCBB1 is applicable
2024-02-11 13:32:10,007 [INFO] Rule:228 - rule 117617 - U5Cobra4M][GTZC] default value MPCBB3 and MPCBB5 - Not Secured memory - MPCBB1 is applicable
2024-02-11 13:32:10,007 [INFO] Rule:228 - rule 117617 - U5Cobra4M][GTZC] default value MPCBB3 and MPCBB5 - Not Secured memory - MPCBB2 is applicable
2024-02-11 13:32:10,007 [INFO] Rule:228 - rule 117617 - U5Cobra4M][GTZC] default value MPCBB3 and MPCBB5 - Not Secured memory - MPCBB2 is applicable
2024-02-11 13:32:10,007 [INFO] Rule:228 - rule 117617 - U5Cobra4M][GTZC] default value MPCBB3 and MPCBB5 - Not Secured memory - MPCBB3 is applicable
2024-02-11 13:32:10,007 [INFO] Rule:228 - rule 117617 - U5Cobra4M][GTZC] default value MPCBB3 and MPCBB5 - Not Secured memory - MPCBB3 is applicable
2024-02-11 13:32:10,007 [INFO] Rule:228 - rule 117617 - U5Cobra4M][GTZC] default value MPCBB3 and MPCBB5 - Not Secured memory - MPCBB4 is applicable
2024-02-11 13:32:10,007 [INFO] Rule:228 - rule 117617 - U5Cobra4M][GTZC] default value MPCBB3 and MPCBB5 - Not Secured memory - MPCBB4 is applicable
2024-02-11 13:32:10,007 [INFO] Rule:228 - rule 117617 - U5Cobra4M][GTZC] default value MPCBB3 and MPCBB5 - Secured memory - MPCBB1 is applicable
2024-02-11 13:32:10,008 [INFO] Rule:228 - rule 117617 - U5Cobra4M][GTZC] default value MPCBB3 and MPCBB5 - Secured memory - MPCBB2 is applicable
2024-02-11 13:32:10,008 [INFO] Rule:228 - rule 117617 - U5Cobra4M][GTZC] default value MPCBB3 and MPCBB5 - Secured memory - MPCBB3 is applicable
2024-02-11 13:32:10,008 [INFO] Rule:228 - rule 117617 - U5Cobra4M][GTZC] default value MPCBB3 and MPCBB5 - Secured memory - MPCBB4 is applicable
2024-02-11 13:32:10,008 [INFO] Rule:228 - rule 117617 - U5Cobra4M][GTZC] default value MPCBB3 and MPCBB5 - Privileged memory - MPCBB1 is applicable
2024-02-11 13:32:10,008 [INFO] Rule:228 - rule 117617 - U5Cobra4M][GTZC] default value MPCBB3 and MPCBB5 - Privileged memory - MPCBB2 is applicable
2024-02-11 13:32:10,008 [INFO] Rule:228 - rule 117617 - U5Cobra4M][GTZC] default value MPCBB3 and MPCBB5 - Privileged memory - MPCBB3 is applicable
2024-02-11 13:32:10,008 [INFO] Rule:228 - rule 117617 - U5Cobra4M][GTZC] default value MPCBB3 and MPCBB5 - Privileged memory - MPCBB4 is applicable
2024-02-11 13:32:10,008 [INFO] Rule:228 - rule 117617 - U5Cobra4M][GTZC] default value MPCBB3 and MPCBB5 - Not Privileged memory - MPCBB1 is applicable
2024-02-11 13:32:10,008 [INFO] Rule:228 - rule 117617 - U5Cobra4M][GTZC] default value MPCBB3 and MPCBB5 - Not Privileged memory - MPCBB2 is applicable
2024-02-11 13:32:10,008 [INFO] Rule:228 - rule 117617 - U5Cobra4M][GTZC] default value MPCBB3 and MPCBB5 - Not Privileged memory - MPCBB3 is applicable
2024-02-11 13:32:10,008 [INFO] Rule:228 - rule 117617 - U5Cobra4M][GTZC] default value MPCBB3 and MPCBB5 - Not Privileged memory - MPCBB4 is applicable
2024-02-11 13:32:10,008 [INFO] Rule:228 - rule 117617 - U5Cobra4M][GTZC] default value MPCBB3 and MPCBB5 - Privileged memory - MPCBB1 is applicable
2024-02-11 13:32:10,008 [INFO] Rule:228 - rule 117617 - U5Cobra4M][GTZC] default value MPCBB3 and MPCBB5 - Privileged memory - MPCBB2 is applicable
2024-02-11 13:32:10,008 [INFO] Rule:228 - rule 117617 - U5Cobra4M][GTZC] default value MPCBB3 and MPCBB5 - Privileged memory - MPCBB3 is applicable
2024-02-11 13:32:10,008 [INFO] Rule:228 - rule 117617 - U5Cobra4M][GTZC] default value MPCBB3 and MPCBB5 - Privileged memory - MPCBB4 is applicable
2024-02-11 13:32:10,009 [INFO] Rule:228 - rule 117617 - U5Cobra4M][GTZC] default value MPCBB3 and MPCBB5 - Privileged memory - MPCBB1 is applicable
2024-02-11 13:32:10,009 [INFO] Rule:228 - rule 117617 - U5Cobra4M][GTZC] default value MPCBB3 and MPCBB5 - Privileged memory - MPCBB2 is applicable
2024-02-11 13:32:10,009 [INFO] Rule:228 - rule 117617 - U5Cobra4M][GTZC] default value MPCBB3 and MPCBB5 - Privileged memory - MPCBB3 is applicable
2024-02-11 13:32:10,009 [INFO] Rule:228 - rule 117617 - U5Cobra4M][GTZC] default value MPCBB3 and MPCBB5 - Privileged memory - MPCBB4 is applicable
2024-02-11 13:32:10,009 [INFO] Rule:228 - rule 117617 - U5Cobra4M][GTZC] default value MPCBB3 and MPCBB5 - Not Privileged memory - MPCBB1 is applicable
2024-02-11 13:32:10,009 [INFO] Rule:228 - rule 117617 - U5Cobra4M][GTZC] default value MPCBB3 and MPCBB5 - Not Privileged memory - MPCBB2 is applicable
2024-02-11 13:32:10,009 [INFO] Rule:228 - rule 117617 - U5Cobra4M][GTZC] default value MPCBB3 and MPCBB5 - Not Privileged memory - MPCBB3 is applicable
2024-02-11 13:32:10,009 [INFO] Rule:228 - rule 117617 - U5Cobra4M][GTZC] default value MPCBB3 and MPCBB5 - Not Privileged memory - MPCBB4 is applicable
2024-02-11 13:32:10,009 [INFO] Rule:228 - rule 117617 - U5Cobra4M][GTZC] default value MPCBB3 and MPCBB5 - Privileged memory - MPCBB1 is applicable
2024-02-11 13:32:10,009 [INFO] Rule:228 - rule 117617 - U5Cobra4M][GTZC] default value MPCBB3 and MPCBB5 - Privileged memory - MPCBB2 is applicable
2024-02-11 13:32:10,009 [INFO] Rule:228 - rule 117617 - U5Cobra4M][GTZC] default value MPCBB3 and MPCBB5 - Privileged memory - MPCBB3 is applicable
2024-02-11 13:32:10,009 [INFO] Rule:228 - rule 117617 - U5Cobra4M][GTZC] default value MPCBB3 and MPCBB5 - Privileged memory - MPCBB4 is applicable
2024-02-11 13:32:10,009 [INFO] Rule:228 - rule Rename SubGHz_Phy SUBGHZ_APPLICATION SUBGHZ_PINGPONG to SUBGHZ_ADV_APPLICATION is applicable
2024-02-11 13:32:10,009 [INFO] Rule:228 - rule Rename Enabled to IBEACON is applicable
2024-02-11 13:32:10,009 [INFO] Rule:228 - rule GTZC_S instance for project manager is applicable
2024-02-11 13:32:10,009 [INFO] Rule:228 - rule GTZC_S instance for context M33S is applicable
2024-02-11 13:32:10,009 [INFO] Rule:228 - rule GTZC_S instance value for IP GTZC is applicable
2024-02-11 13:32:10,009 [INFO] Rule:228 - rule GTZC_S instance for mcu.IP is applicable
2024-02-11 13:32:10,010 [INFO] Rule:228 - rule GTZC_S instance for VP is applicable
2024-02-11 13:32:10,010 [INFO] Rule:228 - rule GTZC_S instance for signal is applicable
2024-02-11 13:32:10,010 [INFO] Rule:228 - rule GTZC_S instance for mcu.Pin is applicable
2024-02-11 13:32:10,010 [INFO] Rule:228 - rule GTZC_S instance for VP is applicable
2024-02-11 13:32:10,010 [INFO] Rule:228 - rule GTZC_S instance for signal is applicable
2024-02-11 13:32:10,010 [INFO] Rule:228 - rule GTZC_S instance for mcu is applicable
2024-02-11 13:32:10,010 [INFO] Rule:228 - rule GTZC_S instance for mcu.Pin is applicable
2024-02-11 13:32:10,010 [INFO] Rule:228 - rule GTZC_S instance value for IP GTZC is applicable
2024-02-11 13:32:10,010 [INFO] Rule:228 - rule GTZC_S instance for project manager is applicable
2024-02-11 13:32:10,010 [INFO] Rule:228 - rule GTZC_S instance for context M33S is applicable
2024-02-11 13:32:10,010 [INFO] Rule:228 - rule GTZC_S instance for VP is applicable
2024-02-11 13:32:10,010 [INFO] Rule:228 - rule GTZC_S instance for signal is applicable
2024-02-11 13:32:10,010 [INFO] Rule:228 - rule SPDIFRX instance for mcu is applicable
2024-02-11 13:32:10,010 [INFO] Rule:228 - rule Rename Tracer Mode is applicable
2024-02-11 13:32:10,010 [INFO] Rule:228 - rule SPDIFRX instance value for IP SPDIFRX is applicable
2024-02-11 13:32:10,011 [INFO] Rule:228 - rule SPDIFRX instance for signal is applicable
2024-02-11 13:32:10,011 [INFO] Rule:228 - rule SPDIFRX instance for project manager is applicable
2024-02-11 13:32:10,011 [INFO] Rule:228 - rule SPDIFRX instance for project manager is applicable
2024-02-11 13:32:10,011 [INFO] Rule:228 - rule ADC Scan  fix with FW F7 is applicable
2024-02-11 13:32:10,011 [INFO] Rule:228 - rule ADC Scan  fix with FW F7 is applicable
2024-02-11 13:32:10,011 [INFO] Rule:228 - rule WakeUp0 Mode is applicable
2024-02-11 13:32:10,011 [INFO] Rule:228 - rule WakeUp0 SIGNAL is applicable
2024-02-11 13:32:10,011 [INFO] Rule:228 - rule WakeUp1 Mode is applicable
2024-02-11 13:32:10,011 [INFO] Rule:228 - rule WakeUp1 SIGNAL is applicable
2024-02-11 13:32:10,011 [INFO] Rule:228 - rule WakeUp2 Mode is applicable
2024-02-11 13:32:10,011 [INFO] Rule:228 - rule WakeUp2 SIGNAL is applicable
2024-02-11 13:32:10,011 [INFO] Rule:228 - rule WakeUp4 Mode is applicable
2024-02-11 13:32:10,011 [INFO] Rule:228 - rule WakeUp4 SIGNAL is applicable
2024-02-11 13:32:10,011 [INFO] Rule:228 - rule WakeUp5 Mode is applicable
2024-02-11 13:32:10,011 [INFO] Rule:228 - rule WakeUp5 SIGNAL is applicable
2024-02-11 13:32:10,011 [INFO] Rule:228 - rule Add RTC Activate Clock Source is applicable
2024-02-11 13:32:10,011 [INFO] Rule:228 - rule Add RTC Activate Calendar 1 is applicable
2024-02-11 13:32:10,012 [INFO] Rule:228 - rule Add RTC Activate Calendar 2 is applicable
2024-02-11 13:32:10,012 [INFO] Rule:228 - rule Add RTC Activate Calendar 3 is applicable
2024-02-11 13:32:10,012 [INFO] Rule:228 - rule UART/USART TX Mode is applicable
2024-02-11 13:32:10,012 [INFO] Rule:228 - rule UART/USART RX Mode is applicable
2024-02-11 13:32:10,012 [INFO] Rule:228 - rule UART/USART RX TX Mode is applicable
2024-02-11 13:32:10,012 [INFO] Rule:228 - rule UART/USART PARITY NONE is applicable
2024-02-11 13:32:10,012 [INFO] Rule:228 - rule UART/USART PARITY EVEN is applicable
2024-02-11 13:32:10,012 [INFO] Rule:228 - rule UART/USART PARITY ODD is applicable
2024-02-11 13:32:10,012 [INFO] Rule:228 - rule USART StopBits 1 is applicable
2024-02-11 13:32:10,012 [INFO] Rule:228 - rule USART StopBits 2 is applicable
2024-02-11 13:32:10,012 [INFO] Rule:228 - rule USART StopBits 1.5 is applicable
2024-02-11 13:32:10,012 [INFO] Rule:228 - rule USART StopBits 0.5 is applicable
2024-02-11 13:32:10,012 [INFO] Rule:228 - rule UART/USART WORD LENGTH 7 is applicable
2024-02-11 13:32:10,012 [INFO] Rule:228 - rule UART/USART WORD LENGTH 8 is applicable
2024-02-11 13:32:10,012 [INFO] Rule:228 - rule UART/USART WORD LENGTH 9 is applicable
2024-02-11 13:32:10,012 [INFO] Rule:228 - rule Rename FMC NAND NCE signal is applicable
2024-02-11 13:32:10,012 [INFO] Rule:228 - rule Rename FMC NAND INT signal is applicable
2024-02-11 13:32:10,012 [INFO] Rule:228 - rule Change Default Value for LSE Drive Capability for WB family is applicable
2024-02-11 13:32:10,012 [INFO] Rule:228 - rule Change Default Value for ADC Clock Prescaler G0 family is applicable
2024-02-11 13:32:10,012 [INFO] Rule:228 - rule Change Default Value for ADC ExternalTrigConv L4 family is applicable
2024-02-11 13:32:10,012 [INFO] Rule:228 - rule Change Default Value for ADC ExternalTrigInjecConv L4 family is applicable
2024-02-11 13:32:10,012 [INFO] Rule:228 - rule Change Default Value for ADC ExternalTrigConv F3 family is applicable
2024-02-11 13:32:10,013 [INFO] Rule:228 - rule Change Default Value for ADC ExternalTrigInjecConv F3 family is applicable
2024-02-11 13:32:10,013 [INFO] Rule:228 - rule Change Default Value for ADC ExternalTrigConv Goldfish serie is applicable
2024-02-11 13:32:10,013 [INFO] Rule:228 - rule Change Default Value for ADC ExternalTrigInjecConv Goldfish serie is applicable
2024-02-11 13:32:10,013 [INFO] Rule:228 - rule Change Default Value for ADC ExternalTrigConv L0 family is applicable
2024-02-11 13:32:10,013 [INFO] Rule:228 - rule Change Default Value for ADC ExternalTrigConv F0 family is applicable
2024-02-11 13:32:10,013 [INFO] Rule:228 - rule Change Default Value for ADC ExternalTrigConvn L1 family is applicable
2024-02-11 13:32:10,013 [INFO] Rule:228 - rule Change Default Value for ADC ExternalTrigInjecConv L1 family is applicable
2024-02-11 13:32:10,013 [INFO] Rule:228 - rule Change Default Value for ADC ExternalTrigConv F1 family is applicable
2024-02-11 13:32:10,013 [INFO] Rule:228 - rule Change Default Value for ADC ExternalTrigInjecConv F1 family is applicable
2024-02-11 13:32:10,013 [INFO] Rule:228 - rule Change Default Value for ADC ExternalTrigConv F7 family is applicable
2024-02-11 13:32:10,013 [INFO] Rule:228 - rule Change Default Value for ADC ExternalTrigInjecConv F7 family is applicable
2024-02-11 13:32:10,013 [INFO] Rule:228 - rule Change Default Value for ADC ExternalTrigConv F4 and F2 family is applicable
2024-02-11 13:32:10,013 [INFO] Rule:228 - rule Change Default Value for ADC ExternalTrigInjecConv F4 and F2 family is applicable
2024-02-11 13:32:10,013 [INFO] Rule:228 - rule ADC SamplingTime fix with FW L0  is applicable
2024-02-11 13:32:10,013 [INFO] Rule:228 - rule ADC SamplingTime fix with FW L0  is applicable
2024-02-11 13:32:10,013 [INFO] Rule:228 - rule ADC SamplingTime fix with FW L0 is applicable
2024-02-11 13:32:10,013 [INFO] Rule:228 - rule ADC SamplingTime fix with FW L0 is applicable
2024-02-11 13:32:10,013 [INFO] Rule:228 - rule ADC SamplingTime fix with FW L0  is applicable
2024-02-11 13:32:10,013 [INFO] Rule:228 - rule ADC SamplingTime fix with FW L0 is applicable
2024-02-11 13:32:10,013 [INFO] Rule:228 - rule Rename USB_OE Signal is applicable
2024-02-11 13:32:10,013 [INFO] Rule:228 - rule Rename Activate_OE Mode is applicable
2024-02-11 13:32:10,013 [INFO] Rule:228 - rule Rename DIE462/DIE415 pin PC14/OSC32_IN -> PC14-OSC32_IN (PC14) is applicable
2024-02-11 13:32:10,014 [INFO] Rule:228 - rule Rename DIE462/DIE415 pin PC15/OSC32_OUT -> PC15-OSC32_OUT (PC15) is applicable
2024-02-11 13:32:10,014 [INFO] Rule:228 - rule Rename DIE462/DIE415 pin PH0/OSC_IN -> PH0-OSC_IN (PH0) is applicable
2024-02-11 13:32:10,014 [INFO] Rule:228 - rule Rename DIE462/DIE415 pin PH1/OSC_OUT -> PH1-OSC_OUT (PH1) is applicable
2024-02-11 13:32:10,014 [INFO] Rule:228 - rule Rename DIE462 pin PA13 -> PA13 (JTMS/SWDIO) is applicable
2024-02-11 13:32:10,014 [INFO] Rule:228 - rule Rename DIE415 pin PA13 -> PA13 (JTMS/SWDIO) is applicable
2024-02-11 13:32:10,014 [INFO] Rule:228 - rule Rename DIE462 pin PA14 -> PA14 (JTCK/SWCLK) is applicable
2024-02-11 13:32:10,014 [INFO] Rule:228 - rule Rename DIE415 pin PA14 -> PA14 (JTCK/SWCLK) is applicable
2024-02-11 13:32:10,014 [INFO] Rule:228 - rule Rename DIE462/DIE415 pin PA15 -> PA15 (JTDI) is applicable
2024-02-11 13:32:10,014 [INFO] Rule:228 - rule Rename DIE462 pin PB3 -> PB3 (JTD0/TRACESWO) is applicable
2024-02-11 13:32:10,014 [INFO] Rule:228 - rule Rename DIE415 pin PB3 -> PB3 (JTD0-TRACESWO) is applicable
2024-02-11 13:32:10,014 [INFO] Rule:228 - rule Rename DIE462/DIE415 pin PB4 -> PB4 (NJTRST) is applicable
2024-02-11 13:32:10,014 [INFO] Rule:228 - rule Rename DIE462 pin PH3/BOOT0 -> PH3-BOOT0 (BOOT0) is applicable
2024-02-11 13:32:10,014 [INFO] Rule:228 - rule Rename CRYP DataEncryptionTypesList to Algorithm is applicable
2024-02-11 13:32:10,014 [INFO] Rule:228 - rule Rename AES DataEncryptionTypesList to Algorithm is applicable
2024-02-11 13:32:10,014 [INFO] Rule:228 - rule Rename TDESECB to CRYP_TDES_ECB is applicable
2024-02-11 13:32:10,014 [INFO] Rule:228 - rule Rename TDESCBC to CRYP_TDES_CBC is applicable
2024-02-11 13:32:10,014 [INFO] Rule:228 - rule Rename DESECB to CRYP_DES_ECB is applicable
2024-02-11 13:32:10,014 [INFO] Rule:228 - rule Rename DESCBC to CRYP_DES_CBC is applicable
2024-02-11 13:32:10,014 [INFO] Rule:228 - rule Rename AESECB to CRYP_AES_ECB is applicable
2024-02-11 13:32:10,014 [INFO] Rule:228 - rule Rename AESCBC to CRYP_AES_CBC is applicable
2024-02-11 13:32:10,015 [INFO] Rule:228 - rule Rename AESCTR to CRYP_AES_CTR is applicable
2024-02-11 13:32:10,015 [INFO] Rule:228 - rule Rename AESGCM to CRYP_AES_GCM is applicable
2024-02-11 13:32:10,015 [INFO] Rule:228 - rule Rename AESCCM to CRYP_AES_CCM is applicable
2024-02-11 13:32:10,015 [INFO] Rule:228 - rule Rename CAN TimeSeg1 to BS1 is applicable
2024-02-11 13:32:10,015 [INFO] Rule:228 - rule Rename CAN TimeSeg2 to BS2 is applicable
2024-02-11 13:32:10,015 [INFO] Rule:228 - rule Rename CAN SyncJumpWidth to SJW is applicable
2024-02-11 13:32:10,015 [INFO] Rule:228 - rule TimeTriggeredMode to TTCM is applicable
2024-02-11 13:32:10,015 [INFO] Rule:228 - rule Rename CAN AutoBusOff to ABOM is applicable
2024-02-11 13:32:10,015 [INFO] Rule:228 - rule Rename CAN AutoWakeUp to AWUM is applicable
2024-02-11 13:32:10,015 [INFO] Rule:228 - rule Rename CAN AutoRetransmission to NART is applicable
2024-02-11 13:32:10,015 [INFO] Rule:228 - rule Rename CAN ReceiveFifoLocked to RFLM is applicable
2024-02-11 13:32:10,016 [INFO] Rule:228 - rule Rename CAN TransmitFifoPriority to TXFP is applicable
2024-02-11 13:32:10,016 [INFO] Rule:228 - rule Rename HRTIMER HRTIM_OUTPUTFAULTLEVEL_HIGH in HRTIMER HRTIM_OUTPUTFAULTLEVEL_HIGHZ is applicable
2024-02-11 13:32:10,016 [INFO] Rule:228 - rule Rename TIMER TIM_CLEARINPUTSOURCE_OCREFCLR in  TIMER TIM_CLEARINPUTSOURCE_NONE for F7 family is applicable
2024-02-11 13:32:10,016 [INFO] Rule:228 - rule FDCAN_R1 - Rename FDCAN mode Master into Classic is applicable
2024-02-11 13:32:10,016 [INFO] Rule:228 - rule FDCAN_R2 - Rename FDCAN mode Slave into Classic is applicable
2024-02-11 13:32:10,016 [INFO] Rule:228 - rule FDCAN1_R3 - if PA10.Mode=FullDuplex, add Pin PA12 is applicable
2024-02-11 13:32:10,016 [INFO] Rule:228 - rule FDCAN1_R3 - if PA9.Mode=FullDuplex, add Pin PA11 is applicable
2024-02-11 13:32:10,016 [INFO] Rule:228 - rule FDCAN1_R3 - Alternatepin_1 - if PE1.Mode=FullDuplex, add Pin PB9 is applicable
2024-02-11 13:32:10,016 [INFO] Rule:228 - rule FDCAN1_R3 - Alternatepin_1 - if PE0.Mode=FullDuplex, add Pin PB8 is applicable
2024-02-11 13:32:10,016 [INFO] Rule:228 - rule FDCAN1_R3 - Alternatepin_2 - if PD5.Mode=FullDuplex, add Pin PD1 is applicable
2024-02-11 13:32:10,016 [INFO] Rule:228 - rule FDCAN1_R3 - Alternatepin_2 - if PD4.Mode=FullDuplex, add Pin PD0 is applicable
2024-02-11 13:32:10,016 [INFO] Rule:228 - rule FDCAN1_R4 - Rename Mode FullDuplex into Enable FDCAN_TXFD for pin PA10 is applicable
2024-02-11 13:32:10,016 [INFO] Rule:228 - rule FDCAN1_R4 - Rename Mode FullDuplex into Enable FDCAN_TXFD for pin PA9 is applicable
2024-02-11 13:32:10,016 [INFO] Rule:228 - rule FDCAN1_R4 - Alternatepin_1 - Rename Mode FullDuplex into Enable FDCAN_TXFD for pin PE1 is applicable
2024-02-11 13:32:10,016 [INFO] Rule:228 - rule FDCAN1_R4 - Alternatepin_1 - Rename Mode FullDuplex into Enable FDCAN_TXFD for pin PE0 is applicable
2024-02-11 13:32:10,016 [INFO] Rule:228 - rule FDCAN1_R4 - Alternatepin_2 - Rename Mode FullDuplex into Enable FDCAN_TXFD for pin PD5 is applicable
2024-02-11 13:32:10,016 [INFO] Rule:228 - rule FDCAN1_R4 - Alternatepin_2 - Rename Mode FullDuplex into Enable FDCAN_TXFD for pin PD4 is applicable
2024-02-11 13:32:10,017 [INFO] Rule:228 - rule FDCAN2_R3 - if PD10.Mode=FullDuplex, add Pin PB13 is applicable
2024-02-11 13:32:10,017 [INFO] Rule:228 - rule FDCAN2_R3 - if PD9.Mode=FullDuplex, add Pin PB12 is applicable
2024-02-11 13:32:10,017 [INFO] Rule:228 - rule FDCAN2_R3 - Alternatepin_1 - if PB7.Mode=FullDuplex, add Pin PB6 is applicable
2024-02-11 13:32:10,017 [INFO] Rule:228 - rule FDCAN2_R3 - Alternatepin_1 - if PD9.Mode=FullDuplex, add Pin PB12 is applicable
2024-02-11 13:32:10,017 [INFO] Rule:228 - rule FDCAN2_R4 - Rename Mode FullDuplex into Enable FDCAN_TXFD for pin PD10 is applicable
2024-02-11 13:32:10,017 [INFO] Rule:228 - rule FDCAN2_R4 - Rename Mode FullDuplex into Enable FDCAN_TXFD for pin PD9 is applicable
2024-02-11 13:32:10,017 [INFO] Rule:228 - rule FDCAN2_R4 - Alternatepin_1 - Rename Mode FullDuplex into Enable FDCAN_TXFD for pin PB7 is applicable
2024-02-11 13:32:10,017 [INFO] Rule:228 - rule FDCAN2_R4 - Alternatepin_1 - Rename Mode FullDuplex into Enable FDCAN_TXFD for pin PD6 is applicable
2024-02-11 13:32:10,017 [INFO] Rule:228 - rule USART TxPinLevelInvertParam Mode is applicable
2024-02-11 13:32:10,017 [INFO] Rule:228 - rule USART RxPinLevelInvertParam Mode is applicable
2024-02-11 13:32:10,017 [INFO] Rule:228 - rule USART DataInvertParam Mode is applicable
2024-02-11 13:32:10,017 [INFO] Rule:228 - rule USART SwapParam Mode is applicable
2024-02-11 13:32:10,017 [INFO] Rule:228 - rule USART OverrunDisableParam Mode is applicable
2024-02-11 13:32:10,017 [INFO] Rule:228 - rule USART DMADisableonRxErrorParam Mode is applicable
2024-02-11 13:32:10,017 [INFO] Rule:228 - rule USART MSBFirstParam Mode is applicable
2024-02-11 13:32:10,017 [INFO] Rule:228 - rule Update MwName for USB_DEVICE is applicable
2024-02-11 13:32:10,017 [INFO] Rule:228 - rule Change PWR_Regulator_Voltage_Scale Default Value for RCC  H7 family is applicable
2024-02-11 13:32:10,017 [INFO] Rule:228 - rule UART/USART IPParameter rename Prescaler parameter to ClockPrescaler is applicable
2024-02-11 13:32:10,017 [INFO] Rule:228 - rule UART/USART Prescaler rename Prescaler parameter to ClockPrescaler is applicable
2024-02-11 13:32:10,017 [INFO] Rule:228 - rule TIM1CLockSelection is applicable
2024-02-11 13:32:10,018 [INFO] Rule:228 - rule TIM15CLockSelection is applicable
2024-02-11 13:32:10,018 [INFO] Rule:228 - rule align RCC SDMMC3CLockSelection default value on MP1 is applicable
2024-02-11 13:32:10,018 [INFO] Rule:228 - rule align RCC SDMMC12CLockSelection default value on MP1 is applicable
2024-02-11 13:32:10,018 [INFO] Rule:228 - rule align RCC QSPICLockSelection default value on MP1 is applicable
2024-02-11 13:32:10,018 [INFO] Rule:228 - rule align RCC QSPICLockSelection default value on MP1 is applicable
2024-02-11 13:32:10,018 [INFO] Rule:228 - rule align RCC SPI6CLockSelection default value on MP1 is applicable
2024-02-11 13:32:10,018 [INFO] Rule:228 - rule align RCC LPTIM23CLockSelection default value on MP1 is applicable
2024-02-11 13:32:10,018 [INFO] Rule:228 - rule align RCC LPTIM1CLockSelection default value on MP1 is applicable
2024-02-11 13:32:10,018 [INFO] Rule:228 - rule align RCC USART1CLockSelection default value on MP1 is applicable
2024-02-11 13:32:10,018 [INFO] Rule:228 - rule align RCC USART24CLockSelection default value on MP1 is applicable
2024-02-11 13:32:10,018 [INFO] Rule:228 - rule align RCC USART6CLockSelection default value on MP1 is applicable
2024-02-11 13:32:10,018 [INFO] Rule:228 - rule align RCC UART78CLockSelection default value on MP1 is applicable
2024-02-11 13:32:10,018 [INFO] Rule:228 - rule align RCC USART35CLockSelection default value on MP1 is applicable
2024-02-11 13:32:10,018 [INFO] Rule:228 - rule align RCC SPI45CLockSelection default value on MP1 is applicable
2024-02-11 13:32:10,018 [INFO] Rule:228 - rule align RCC I2C46CLockSelection BCLK value on MP1 is applicable
2024-02-11 13:32:10,019 [INFO] Rule:228 - rule align RCC SPI45CLockSelection default value on MP1 is applicable
2024-02-11 13:32:10,019 [INFO] Rule:228 - rule align RCC I2C12CLockSelection default value on MP1 is applicable
2024-02-11 13:32:10,019 [INFO] Rule:228 - rule align RCC I2C35CLockSelection default value on MP1 is applicable
2024-02-11 13:32:10,019 [INFO] Rule:228 - rule align RCC LPTIM45CLockSelection default value on MP1 is applicable
2024-02-11 13:32:10,019 [INFO] Rule:228 - rule Rename DCMI PIXCK signal is applicable
2024-02-11 13:32:10,019 [INFO] Rule:228 - rule Change Default Value for I2C46CLockSelection MP1 family is applicable
2024-02-11 13:32:10,019 [INFO] Rule:228 - rule Change Default Value for UART for G4, G0 and WB families is applicable
2024-02-11 13:32:10,019 [INFO] Rule:228 - rule Change Default Value for USART for G4, G0 and WB families is applicable
2024-02-11 13:32:10,019 [INFO] Rule:228 - rule Change Default Value for USART for G4 family is applicable
2024-02-11 13:32:10,019 [INFO] Rule:228 - rule Change USART1CLockSelection refparam name for MP1 is applicable
2024-02-11 13:32:10,019 [INFO] Rule:228 - rule Change USART2CLockSelection refparam name for MP1 is applicable
2024-02-11 13:32:10,019 [INFO] Rule:228 - rule Change USART3CLockSelection refparam name for MP1 is applicable
2024-02-11 13:32:10,019 [INFO] Rule:228 - rule Change UART4CLockSelection refparam name for MP1 is applicable
2024-02-11 13:32:10,019 [INFO] Rule:228 - rule Change UART5CLockSelection refparam name for MP1 is applicable
2024-02-11 13:32:10,019 [INFO] Rule:228 - rule Change LPUART1CLockSelection refparam name for MP1 is applicable
2024-02-11 13:32:10,019 [INFO] Rule:228 - rule Change LPTIM1CLockSelection refparam name for MP1 is applicable
2024-02-11 13:32:10,019 [INFO] Rule:228 - rule Change LPTIM2CLockSelection refparam name for MP1 is applicable
2024-02-11 13:32:10,019 [INFO] Rule:228 - rule Change RCC_MCO1Source refparam name for MP1 is applicable
2024-02-11 13:32:10,019 [INFO] Rule:228 - rule Change LSCOSource1 refparam name for MP1 is applicable
2024-02-11 13:32:10,019 [INFO] Rule:228 - rule Change SMPSCLockSelection refparam name for MP1 is applicable
2024-02-11 13:32:10,019 [INFO] Rule:228 - rule Change LPTIM3CLockSelection refparam name for MP1 is applicable
2024-02-11 13:32:10,020 [INFO] Rule:228 - rule Change MPCBB* Default Template Mode to Parameters is applicable
2024-02-11 13:32:10,020 [INFO] Rule:228 - rule Change MPCWM* or MPCBB* Secure Mode to Parameters is applicable
2024-02-11 13:32:10,020 [INFO] Rule:228 - rule Change MPCWM* or MPCBB* No Secure Mode to Parameters is applicable
2024-02-11 13:32:10,020 [INFO] Rule:228 - rule Change TZSC IP Secure Mode to Parameters is applicable
2024-02-11 13:32:10,020 [INFO] Rule:228 - rule Change TZSC IP No Secure Mode to Parameters is applicable
2024-02-11 13:32:10,020 [INFO] Rule:228 - rule Change TZSC IP Privilege Mode to Parameters is applicable
2024-02-11 13:32:10,020 [INFO] Rule:228 - rule Change TZSC IP No Privilege Mode to Parameters is applicable
2024-02-11 13:32:10,020 [INFO] Rule:228 - rule Change TZIC IT Secure Mode to Parameters is applicable
2024-02-11 13:32:10,020 [INFO] Rule:228 - rule Change TZIC IT No Secure Mode to Parameters is applicable
2024-02-11 13:32:10,020 [INFO] Rule:228 - rule Add MPCBB1_NonSecureArea_Start_Address value with referenced to MPCBB1_NonSecureArea_Start value is applicable
2024-02-11 13:32:10,020 [INFO] Rule:228 - rule Add MPCBB2_NonSecureArea_Start_Address value with referenced to MPCBB2_NonSecureArea_Start value is applicable
2024-02-11 13:32:10,020 [INFO] Rule:228 - rule Add MPCWM1_NonSecureArea*_Start_Address value with referenced to MPCWM1_NonSecureArea*_Start value is applicable
2024-02-11 13:32:10,020 [INFO] Rule:228 - rule Add MPCWM2_NonSecureArea*_Start_Address value with referenced to MPCWM2_NonSecureArea*_Start value is applicable
2024-02-11 13:32:10,020 [INFO] Rule:228 - rule Add MPCWM3_NonSecureArea_Start_Address value with referenced to MPCWM3_NonSecureArea_Start value is applicable
2024-02-11 13:32:10,020 [INFO] Rule:228 - rule Change Default Value for PLL1UserDefinedConfig is applicable
2024-02-11 13:32:10,020 [INFO] Rule:228 - rule Change GPIO_PuPd Default Value for USART in async mode is applicable
2024-02-11 13:32:10,020 [INFO] Rule:228 - rule Change SMPSDivider Default Value is applicable
2024-02-11 13:32:10,020 [INFO] Rule:228 - rule OPAMP is applicable
2024-02-11 13:32:10,020 [INFO] Rule:228 - rule LPUART IPParameter rename Prescaler parameter to ClockPrescaler for STM32H7 is applicable
2024-02-11 13:32:10,020 [INFO] Rule:228 - rule LPUART IPParameter rename Prescaler parameter to ClockPrescaler for STM32H7 is applicable
2024-02-11 13:32:10,020 [INFO] Rule:228 - rule LPUART IPParameter rename Prescaler parameter to ClockPrescaler for STM32WB is applicable
2024-02-11 13:32:10,020 [INFO] Rule:228 - rule LPUART IPParameter rename Prescaler parameter to ClockPrescaler for STM32WB is applicable
2024-02-11 13:32:10,021 [INFO] Rule:228 - rule LPUART IPParameter rename Prescaler parameter to ClockPrescaler for STM32G4 is applicable
2024-02-11 13:32:10,021 [INFO] Rule:228 - rule LPUART IPParameter rename Prescaler parameter to ClockPrescaler for STM32G4 is applicable
2024-02-11 13:32:10,021 [INFO] Rule:228 - rule LPUART IPParameter rename Prescaler parameter to ClockPrescaler for STM32L5 is applicable
2024-02-11 13:32:10,021 [INFO] Rule:228 - rule LPUART IPParameter rename Prescaler parameter to ClockPrescaler for STM32L5 is applicable
2024-02-11 13:32:10,021 [INFO] Rule:228 - rule LPUART IPParameter rename Prescaler parameter to ClockPrescaler for STM32G4 is applicable
2024-02-11 13:32:10,021 [INFO] Rule:228 - rule LPUART IPParameter rename Prescaler parameter to ClockPrescaler for STM32G4 is applicable
2024-02-11 13:32:10,021 [INFO] Rule:228 - rule USB device lib V2.5.3 for L0 rename USBD_SUPPORT_USER_STRING parameter to USBD_SUPPORT_USER_STRING_DESC4 is applicable
2024-02-11 13:32:10,021 [INFO] Rule:228 - rule I2SCLockSelection clock entry align is applicable
2024-02-11 13:32:10,021 [INFO] Rule:228 - rule Assign TIMx context if used as SYS timebase is applicable
2024-02-11 13:32:10,021 [INFO] Rule:228 - rule Change GPIO_Pu Default Value for I2C is applicable
2024-02-11 13:32:10,021 [INFO] Rule:228 - rule Change GPIO_Pu Default Value for SMBus is applicable
2024-02-11 13:32:10,021 [INFO] Rule:228 - rule change FDCAN default value is applicable
2024-02-11 13:32:10,021 [INFO] Rule:228 - rule Change mode sai is applicable
2024-02-11 13:32:10,021 [INFO] Rule:228 - rule **Change sai mode is applicable
2024-02-11 13:32:10,021 [INFO] Rule:228 - rule Rename STM32WPAN CFG_BLE_IRK to CFG_BLE_IR is applicable
2024-02-11 13:32:10,021 [INFO] Rule:228 - rule Rename STM32WPAN CFG_BLE_ERK to CFG_BLE_ER is applicable
2024-02-11 13:32:10,021 [INFO] Rule:228 - rule Rename STM32WPAN CFG_BLE_IRK_HEX to CFG_BLE_IR_HEX is applicable
2024-02-11 13:32:10,021 [INFO] Rule:228 - rule Rename STM32WPAN CFG_BLE_ERK_HEX to CFG_BLE_ER_HEX is applicable
2024-02-11 13:32:10,032 [INFO] DbConfProperties:307 - Apply Compatibility (49/262 Rules)
2024-02-11 13:32:10,044 [INFO] ImportTextPane:194 - (OptionalMessage_ERROR) Unable to find key (Mcu.ThirdPartyNb) in loaded IOC file
2024-02-11 13:32:10,121 [INFO] RtosManager:555 - Registered RTOS mode: class=CMSIS, group=RTOS, mode=CMSIS_V1, owner=FREERTOS
2024-02-11 13:32:10,122 [INFO] RtosManager:555 - Registered RTOS mode: class=CMSIS, group=RTOS2, mode=CMSIS_V2, owner=FREERTOS
2024-02-11 13:32:10,122 [INFO] RtosManager:555 - Registered RTOS mode: class=RTOS, group=Core, mode=CMSIS_V1, owner=FREERTOS
2024-02-11 13:32:10,122 [INFO] RtosManager:555 - Registered RTOS mode: class=RTOS, group=Core, mode=CMSIS_V2, owner=FREERTOS
2024-02-11 13:32:10,122 [WARN] ModelIntegratedComponent:184 - Missing modes for component STMicroelectronics:FreeRTOS:0.0.1:STMicroelectronics:RTOS:FreeRTOS:Core:::10.2.0:
2024-02-11 13:32:10,136 [WARN] ModelIntegratedComponent:63 - No mode defined for component null
2024-02-11 13:32:10,136 [WARN] ModelIntegratedComponent:63 - No mode defined for component null
2024-02-11 13:32:10,137 [WARN] ModelIntegratedComponent:63 - No mode defined for component null
2024-02-11 13:32:10,137 [WARN] ModelIntegratedComponent:63 - No mode defined for component null
2024-02-11 13:32:10,137 [WARN] ModelIntegratedComponent:63 - No mode defined for component null
2024-02-11 13:32:10,137 [WARN] ModelIntegratedComponent:63 - No mode defined for component null
2024-02-11 13:32:10,137 [WARN] ModelIntegratedComponent:63 - No mode defined for component null
2024-02-11 13:32:10,137 [WARN] ModelIntegratedComponent:63 - No mode defined for component null
2024-02-11 13:32:10,137 [WARN] ModelIntegratedComponent:63 - No mode defined for component null
2024-02-11 13:32:10,137 [WARN] ModelIntegratedComponent:63 - No mode defined for component null
2024-02-11 13:32:10,137 [WARN] ModelIntegratedComponent:63 - No mode defined for component null
2024-02-11 13:32:10,137 [WARN] ModelIntegratedComponent:63 - No mode defined for component null
2024-02-11 13:32:10,137 [WARN] ModelIntegratedComponent:63 - No mode defined for component null
2024-02-11 13:32:10,137 [WARN] ModelIntegratedComponent:63 - No mode defined for component null
2024-02-11 13:32:10,137 [WARN] ModelIntegratedComponent:63 - No mode defined for component null
2024-02-11 13:32:10,137 [WARN] ModelIntegratedComponent:63 - No mode defined for component null
2024-02-11 13:32:10,137 [WARN] ModelIntegratedComponent:63 - No mode defined for component null
2024-02-11 13:32:10,137 [WARN] ModelIntegratedComponent:63 - No mode defined for component null
2024-02-11 13:32:10,137 [WARN] ModelIntegratedComponent:63 - No mode defined for component null
2024-02-11 13:32:10,137 [WARN] ModelIntegratedComponent:63 - No mode defined for component null
2024-02-11 13:32:10,137 [WARN] ModelIntegratedComponent:63 - No mode defined for component null
2024-02-11 13:32:10,137 [WARN] ModelIntegratedComponent:63 - No mode defined for component null
2024-02-11 13:32:10,137 [WARN] ModelIntegratedComponent:63 - No mode defined for component null
2024-02-11 13:32:10,137 [WARN] ModelIntegratedComponent:63 - No mode defined for component null
2024-02-11 13:32:10,138 [WARN] ModelIntegratedComponent:63 - No mode defined for component null
2024-02-11 13:32:10,138 [WARN] ModelIntegratedComponent:63 - No mode defined for component null
2024-02-11 13:32:10,138 [WARN] ModelIntegratedComponent:63 - No mode defined for component null
2024-02-11 13:32:10,138 [WARN] ModelIntegratedComponent:63 - No mode defined for component null
2024-02-11 13:32:10,138 [WARN] ModelIntegratedComponent:63 - No mode defined for component null
2024-02-11 13:32:10,138 [WARN] ModelIntegratedComponent:63 - No mode defined for component null
2024-02-11 13:32:10,138 [WARN] ModelIntegratedComponent:63 - No mode defined for component null
2024-02-11 13:32:10,138 [WARN] ModelIntegratedComponent:63 - No mode defined for component null
2024-02-11 13:32:10,138 [WARN] ModelIntegratedComponent:63 - No mode defined for component null
2024-02-11 13:32:10,292 [INFO] ThirdPartyModel:298 - Start build external matchings
2024-02-11 13:32:10,760 [INFO] ThirdPartyModel:316 - End build external matchings
2024-02-11 13:32:10,772 [INFO] ImportTextPane:194 - (OptionalMessage_ERROR) IP (RCC) : Invalid parameter (48MHZClocksFreq_Value)
2024-02-11 13:32:10,773 [INFO] ImportTextPane:194 - (OptionalMessage_ERROR) IP (RCC) : Invalid parameter (EthernetFreq_Value)
2024-02-11 13:32:10,774 [INFO] ImportTextPane:194 - (OptionalMessage_ERROR) IP (RCC) : Parameter (FLatency) has Id (AdvancedSettings) currently not set
2024-02-11 13:32:10,774 [INFO] ImportTextPane:194 - (OptionalMessage_ERROR) IP (RCC) : Invalid parameter (FamilyName)
2024-02-11 13:32:10,775 [INFO] ImportTextPane:194 - (OptionalMessage_ERROR) IP (RCC) : Invalid parameter (I2SClocksFreq_Value)
2024-02-11 13:32:10,775 [INFO] ImportTextPane:194 - (OptionalMessage_ERROR) IP (RCC) : Parameter (SDIOFreq_Value) has invalid value (168000000)
2024-02-11 13:32:10,776 [INFO] ImportTextPane:194 - (OptionalMessage_ERROR) IP (RCC) : Parameter (USBFreq_Value) has invalid value (168000000)
2024-02-11 13:32:10,776 [INFO] ImportTextPane:194 - (OptionalMessage_ERROR) IP (RCC) : Invalid parameter (VCOInputMFreq_Value)
2024-02-11 13:32:10,776 [INFO] ImportTextPane:194 - (OptionalMessage_ERROR) IP (RCC) : Invalid parameter (VcooutputI2S)
2024-02-11 13:32:11,041 [INFO] UtilMem:75 - End LoadConfig() Used Memory: 764148952 Bytes (905969664)
2024-02-11 13:32:11,192 [INFO] MicroXplorer:468 - Change Database Path : 
2024-02-11 13:32:11,192 [INFO] MicroXplorer:498 - Change Database Version : DB.6.0.100
2024-02-11 13:32:11,192 [WARN] ThirdParty:833 - waiting for thirdparty lock release [change project]
2024-02-11 13:32:11,192 [INFO] ThirdParty:835 - entering critical section [change project]
2024-02-11 13:32:11,192 [INFO] ThirdParty:1030 - CMSIS Pack Vendor :STMicroelectronics USBPD 4.1
2024-02-11 13:32:11,193 [INFO] ThirdParty:1030 - CMSIS Pack Vendor :STMicroelectronics X-CUBE-GNSS1 6.0.0
2024-02-11 13:32:11,193 [INFO] ThirdParty:1030 - CMSIS Pack Vendor :STMicroelectronics USB_HOST 2.0.0
2024-02-11 13:32:11,193 [INFO] ThirdParty:1030 - CMSIS Pack Vendor :STMicroelectronics X-CUBE-AZRTOS-F4 1.1.0
2024-02-11 13:32:11,193 [INFO] ThirdParty:1030 - CMSIS Pack Vendor :STMicroelectronics LIBJPEG 8.0.0
2024-02-11 13:32:11,193 [INFO] ThirdParty:1030 - CMSIS Pack Vendor :STMicroelectronics X-CUBE-SMBUS 2.1.0
2024-02-11 13:32:11,193 [INFO] ThirdParty:1030 - CMSIS Pack Vendor :STMicroelectronics USB_DEVICE 3.0.0
2024-02-11 13:32:11,193 [INFO] ThirdParty:1030 - CMSIS Pack Vendor :STMicroelectronics X-CUBE-AZRTOS-WB 2.0.0
2024-02-11 13:32:11,193 [INFO] ThirdParty:1030 - CMSIS Pack Vendor :wolfSSL I-CUBE-wolfSSL 5.6.6
2024-02-11 13:32:11,193 [INFO] ThirdParty:1030 - CMSIS Pack Vendor :STMicroelectronics X-CUBE-TOUCHGFX 4.23.0
2024-02-11 13:32:11,193 [INFO] ThirdParty:1030 - CMSIS Pack Vendor :STMicroelectronics X-CUBE-AZRTOS-F7 1.1.0
2024-02-11 13:32:11,193 [INFO] ThirdParty:1030 - CMSIS Pack Vendor :STMicroelectronics X-CUBE-AZRTOS-L5 2.0.0
2024-02-11 13:32:11,193 [INFO] ThirdParty:1030 - CMSIS Pack Vendor :STMicroelectronics USB_DEVICE 2.0.0
2024-02-11 13:32:11,193 [INFO] ThirdParty:1030 - CMSIS Pack Vendor :STMicroelectronics X-CUBE-EEPRMA1 4.2.0
2024-02-11 13:32:11,193 [INFO] ThirdParty:1030 - CMSIS Pack Vendor :ITTIA_DB I-CUBE-ITTIADB 8.8.0
2024-02-11 13:32:11,193 [INFO] ThirdParty:1030 - CMSIS Pack Vendor :STMicroelectronics FP-SNS-MOTENV1 4.3.2
2024-02-11 13:32:11,193 [INFO] ThirdParty:1030 - CMSIS Pack Vendor :STMicroelectronics X-CUBE-ALGOBUILD 1.3.0
2024-02-11 13:32:11,193 [INFO] ThirdParty:1030 - CMSIS Pack Vendor :STMicroelectronics FreeRTOS 0.0.1
2024-02-11 13:32:11,193 [INFO] ThirdParty:1030 - CMSIS Pack Vendor :STMicroelectronics X-CUBE-AZRTOS-G0 1.1.0
2024-02-11 13:32:11,193 [INFO] ThirdParty:1030 - CMSIS Pack Vendor :STMicroelectronics X-CUBE-NFC4 3.0.0
2024-02-11 13:32:11,193 [INFO] ThirdParty:1030 - CMSIS Pack Vendor :STMicroelectronics X-CUBE-SUBG2 5.0.0
2024-02-11 13:32:11,193 [INFO] ThirdParty:1030 - CMSIS Pack Vendor :STMicroelectronics STM32_WPAN 1.0.0
2024-02-11 13:32:11,193 [INFO] ThirdParty:1030 - CMSIS Pack Vendor :STMicroelectronics lwIP 2.0.3
2024-02-11 13:32:11,193 [INFO] ThirdParty:1030 - CMSIS Pack Vendor :STMicroelectronics FP-SNS-FLIGHT1 5.0.2
2024-02-11 13:32:11,193 [INFO] ThirdParty:1030 - CMSIS Pack Vendor :STMicroelectronics USB_HOST 1.0.0
2024-02-11 13:32:11,194 [INFO] ThirdParty:1030 - CMSIS Pack Vendor :STMicroelectronics X-CUBE-AZRTOS-G4 2.0.0
2024-02-11 13:32:11,194 [INFO] ThirdParty:1030 - CMSIS Pack Vendor :STMicroelectronics PDM2PCM 3.1.0
2024-02-11 13:32:11,194 [INFO] ThirdParty:1030 - CMSIS Pack Vendor :Infineon AIROC-Wi-Fi-Bluetooth-STM32 1.5.1
2024-02-11 13:32:11,194 [INFO] ThirdParty:1030 - CMSIS Pack Vendor :STMicroelectronics X-CUBE-BLEMGR 3.0.0
2024-02-11 13:32:11,194 [INFO] ThirdParty:1030 - CMSIS Pack Vendor :STMicroelectronics PDM2PCM 3.3.0
2024-02-11 13:32:11,194 [INFO] ThirdParty:1030 - CMSIS Pack Vendor :STMicroelectronics X-CUBE-DISPLAY 3.0.0
2024-02-11 13:32:11,194 [INFO] ThirdParty:1030 - CMSIS Pack Vendor :STMicroelectronics FP-SNS-MOTENVWB1 1.3.1
2024-02-11 13:32:11,194 [INFO] ThirdParty:1030 - CMSIS Pack Vendor :STMicroelectronics X-CUBE-BLE1 7.0.0
2024-02-11 13:32:11,194 [INFO] ThirdParty:1030 - CMSIS Pack Vendor :STMicroelectronics FP-ATR-SIGFOX1 3.2.0
2024-02-11 13:32:11,194 [INFO] ThirdParty:1030 - CMSIS Pack Vendor :STMicroelectronics X-CUBE-ISPU 2.0.0
2024-02-11 13:32:11,194 [INFO] ThirdParty:1030 - CMSIS Pack Vendor :STMicroelectronics X-CUBE-EEPRMA1 5.1.0
2024-02-11 13:32:11,194 [INFO] ThirdParty:1030 - CMSIS Pack Vendor :STMicroelectronics HAL Drivers 0.0.0
2024-02-11 13:32:11,194 [INFO] ThirdParty:1030 - CMSIS Pack Vendor :STMicroelectronics MBEDTLS 2.16.2
2024-02-11 13:32:11,194 [INFO] ThirdParty:1030 - CMSIS Pack Vendor :emotas I-CUBE-CANOPEN 1.3.0
2024-02-11 13:32:11,194 [INFO] ThirdParty:1030 - CMSIS Pack Vendor :STMicroelectronics X-CUBE-MEMS1 10.0.0
2024-02-11 13:32:11,194 [INFO] ThirdParty:1030 - CMSIS Pack Vendor :STMicroelectronics X-CUBE-FREERTOS 1.1.0
2024-02-11 13:32:11,194 [INFO] ThirdParty:1030 - CMSIS Pack Vendor :STMicroelectronics X-CUBE-NFC7 1.0.1
2024-02-11 13:32:11,194 [INFO] ThirdParty:1030 - CMSIS Pack Vendor :STMicroelectronics MBEDTLS 2.14.1
2024-02-11 13:32:11,194 [INFO] ThirdParty:1030 - CMSIS Pack Vendor :STMicroelectronics X-CUBE-NFC6 3.0.0
2024-02-11 13:32:11,194 [INFO] ThirdParty:1030 - CMSIS Pack Vendor :portGmbH I-Cube-SoM-uGOAL 1.1.0
2024-02-11 13:32:11,195 [INFO] ThirdParty:1030 - CMSIS Pack Vendor :STMicroelectronics X-CUBE-ALS 1.0.1
2024-02-11 13:32:11,195 [INFO] ThirdParty:1030 - CMSIS Pack Vendor :STMicroelectronics ThreadX 1.0.0
2024-02-11 13:32:11,195 [INFO] ThirdParty:1030 - CMSIS Pack Vendor :STMicroelectronics FP-SNS-SMARTAG2 1.2.0
2024-02-11 13:32:11,195 [INFO] ThirdParty:1030 - CMSIS Pack Vendor :STMicroelectronics X-CUBE-AZRTOS-WL 2.0.0
2024-02-11 13:32:11,195 [INFO] ThirdParty:1030 - CMSIS Pack Vendor :SEGGER I-CUBE-embOS 1.3.1
2024-02-11 13:32:11,195 [INFO] ThirdParty:1030 - CMSIS Pack Vendor :STMicroelectronics USB_DEVICE 1.0.0
2024-02-11 13:32:11,195 [INFO] ThirdParty:1030 - CMSIS Pack Vendor :STMicroelectronics X-CUBE-AI 8.1.0
2024-02-11 13:32:11,195 [INFO] ThirdParty:1030 - CMSIS Pack Vendor :STMicroelectronics X-CUBE-AZRTOS-L4 2.0.0
2024-02-11 13:32:11,195 [INFO] ThirdParty:1030 - CMSIS Pack Vendor :STMicroelectronics ThreadX 0.0.2
2024-02-11 13:32:11,195 [INFO] ThirdParty:1030 - CMSIS Pack Vendor :WES I-CUBE-Cesium 1.3.0
2024-02-11 13:32:11,195 [INFO] ThirdParty:1030 - CMSIS Pack Vendor :STMicroelectronics FP-ATR-ASTRA1 2.0.0
2024-02-11 13:32:11,195 [INFO] ThirdParty:1030 - CMSIS Pack Vendor :STMicroelectronics lwIP 2.1.2
2024-02-11 13:32:11,195 [INFO] ThirdParty:1030 - CMSIS Pack Vendor :STMicroelectronics X-CUBE-SFXS2LP1 4.0.0
2024-02-11 13:32:11,195 [INFO] ThirdParty:1030 - CMSIS Pack Vendor :STMicroelectronics X-CUBE-BLE2 3.3.0
2024-02-11 13:32:11,195 [INFO] ThirdParty:1030 - CMSIS Pack Vendor :STMicroelectronics X-CUBE-TOF1 3.4.0
2024-02-11 13:32:11,195 [INFO] ThirdParty:1030 - CMSIS Pack Vendor :STMicroelectronics X-CUBE-AZRTOS-H7 3.2.0
2024-02-11 13:32:11,195 [INFO] ThirdParty:1030 - CMSIS Pack Vendor :STMicroelectronics PDM2PCM 3.2.0
2024-02-11 13:32:11,196 [INFO] ThirdParty:841 - exiting critical section [change project]
2024-02-11 13:32:11,608 [INFO] PinOutPanel:1499 - setPackage(No Configuration,No Configuration)
2024-02-11 13:32:11,610 [INFO] PinOutPanel:1499 - setPackage(STM32F446RETx,LQFP64)
2024-02-11 13:32:12,073 [INFO] UtilMem:75 - Before build in PCC Used Memory: 854269536 Bytes (905969664)
2024-02-11 13:32:12,706 [INFO] UtilMem:75 - After build in PCC Used Memory: 616759072 Bytes (905969664)
2024-02-11 13:32:12,734 [INFO] IPUIPlugin:80 - create IPUIPlugin
2024-02-11 13:32:12,734 [INFO] IPUIPlugin:80 - create IPUIPlugin
2024-02-11 13:32:12,734 [INFO] IPUIPlugin:80 - create IPUIPlugin
2024-02-11 13:32:12,734 [INFO] IPUIPlugin:80 - create IPUIPlugin
2024-02-11 13:32:12,735 [INFO] IPUIPlugin:80 - create IPUIPlugin
2024-02-11 13:32:12,735 [INFO] IPUIPlugin:80 - create IPUIPlugin
2024-02-11 13:32:12,735 [INFO] IPUIPlugin:80 - create IPUIPlugin
2024-02-11 13:32:12,735 [INFO] IPUIPlugin:80 - create IPUIPlugin
2024-02-11 13:32:12,735 [INFO] IPUIPlugin:80 - create IPUIPlugin
2024-02-11 13:32:12,735 [INFO] IPUIPlugin:80 - create IPUIPlugin
2024-02-11 13:32:12,735 [INFO] IPUIPlugin:80 - create IPUIPlugin
2024-02-11 13:32:12,735 [INFO] IPUIPlugin:80 - create IPUIPlugin
2024-02-11 13:32:12,735 [INFO] IPUIPlugin:80 - create IPUIPlugin
2024-02-11 13:32:12,736 [INFO] IPUIPlugin:80 - create IPUIPlugin
2024-02-11 13:32:12,736 [INFO] IPUIPlugin:80 - create IPUIPlugin
2024-02-11 13:32:12,736 [INFO] IPUIPlugin:80 - create IPUIPlugin
2024-02-11 13:32:12,736 [INFO] IPUIPlugin:80 - create IPUIPlugin
2024-02-11 13:32:12,736 [INFO] IPUIPlugin:80 - create IPUIPlugin
2024-02-11 13:32:12,736 [INFO] IPUIPlugin:80 - create IPUIPlugin
2024-02-11 13:32:12,736 [INFO] IPUIPlugin:80 - create IPUIPlugin
2024-02-11 13:32:12,737 [INFO] IPUIPlugin:80 - create IPUIPlugin
2024-02-11 13:32:12,737 [INFO] IPUIPlugin:80 - create IPUIPlugin
2024-02-11 13:32:12,737 [INFO] IPUIPlugin:80 - create IPUIPlugin
2024-02-11 13:32:12,738 [INFO] IPUIPlugin:80 - create IPUIPlugin
2024-02-11 13:32:12,738 [INFO] IPUIPlugin:80 - create IPUIPlugin
2024-02-11 13:32:12,738 [INFO] IPUIPlugin:80 - create IPUIPlugin
2024-02-11 13:32:12,738 [INFO] IPUIPlugin:80 - create IPUIPlugin
2024-02-11 13:32:12,739 [INFO] IPUIPlugin:80 - create IPUIPlugin
2024-02-11 13:32:12,739 [INFO] IPUIPlugin:80 - create IPUIPlugin
2024-02-11 13:32:12,739 [INFO] IPUIPlugin:80 - create IPUIPlugin
2024-02-11 13:32:12,739 [INFO] IPUIPlugin:80 - create IPUIPlugin
2024-02-11 13:32:12,739 [INFO] IPUIPlugin:80 - create IPUIPlugin
2024-02-11 13:32:12,740 [INFO] IPUIPlugin:80 - create IPUIPlugin
2024-02-11 13:32:12,740 [INFO] IPUIPlugin:80 - create IPUIPlugin
2024-02-11 13:32:12,740 [INFO] IPUIPlugin:80 - create IPUIPlugin
2024-02-11 13:32:12,740 [INFO] IPUIPlugin:80 - create IPUIPlugin
2024-02-11 13:32:12,740 [INFO] IPUIPlugin:80 - create IPUIPlugin
2024-02-11 13:32:12,741 [INFO] IPUIPlugin:80 - create IPUIPlugin
2024-02-11 13:32:12,741 [INFO] IPUIPlugin:80 - create IPUIPlugin
2024-02-11 13:32:12,741 [INFO] IPUIPlugin:80 - create IPUIPlugin
2024-02-11 13:32:12,741 [INFO] IPUIPlugin:80 - create IPUIPlugin
2024-02-11 13:32:12,742 [INFO] IPUIPlugin:80 - create IPUIPlugin
2024-02-11 13:32:12,742 [INFO] IPUIPlugin:80 - create IPUIPlugin
2024-02-11 13:32:12,742 [INFO] IPUIPlugin:80 - create IPUIPlugin
2024-02-11 13:32:12,742 [INFO] IPUIPlugin:80 - create IPUIPlugin
2024-02-11 13:32:12,743 [INFO] IPUIPlugin:80 - create IPUIPlugin
2024-02-11 13:32:12,743 [INFO] IPUIPlugin:80 - create IPUIPlugin
2024-02-11 13:32:12,743 [INFO] IPUIPlugin:80 - create IPUIPlugin
2024-02-11 13:32:12,743 [INFO] IPUIPlugin:80 - create IPUIPlugin
2024-02-11 13:32:12,744 [INFO] IPUIPlugin:80 - create IPUIPlugin
2024-02-11 13:32:12,745 [INFO] IPUIPlugin:80 - create IPUIPlugin
2024-02-11 13:32:12,745 [INFO] IPUIPlugin:80 - create IPUIPlugin
2024-02-11 13:32:12,746 [INFO] IPUIPlugin:80 - create IPUIPlugin
2024-02-11 13:32:12,746 [INFO] IPUIPlugin:80 - create IPUIPlugin
2024-02-11 13:32:12,746 [INFO] IPUIPlugin:80 - create IPUIPlugin
2024-02-11 13:32:12,747 [INFO] IPUIPlugin:80 - create IPUIPlugin
2024-02-11 13:32:12,747 [INFO] IPUIPlugin:80 - create IPUIPlugin
2024-02-11 13:32:12,748 [INFO] IPUIPlugin:80 - create IPUIPlugin
2024-02-11 13:32:12,748 [INFO] IPUIPlugin:80 - create IPUIPlugin
2024-02-11 13:32:12,749 [INFO] IPUIPlugin:80 - create IPUIPlugin
2024-02-11 13:32:12,806 [INFO] ApiDbMcu:508 - Load IP Config File for PDM2PCM
2024-02-11 13:32:12,989 [INFO] CADModel:165 - CPN selected for project levelSTM32F446RET6
2024-02-11 13:32:12,989 [INFO] CADModel:114 - Register for checkConnection events
2024-02-11 13:32:13,036 [INFO] OpenFileManager:343 - Restore cursor
2024-02-11 13:32:13,563 [INFO] UtilMem:75 - End SaveConfig() Used Memory: 800796400 Bytes (905969664)
2024-02-11 13:32:13,647 [INFO] UtilMem:75 - End SaveConfig() Used Memory: 457534800 Bytes (905969664)
2024-02-11 13:32:14,045 [INFO] BlockDiagram:2759 - set Specific Code input for plugin: SYS
2024-02-11 13:32:14,045 [INFO] BlockDiagram:2759 - set Specific Code input for plugin: RCC
2024-02-11 13:32:14,045 [INFO] BlockDiagram:2759 - set Specific Code input for plugin: NVIC
2024-02-11 13:32:14,045 [INFO] BlockDiagram:2759 - set Specific Code input for plugin: USART
2024-02-11 13:32:14,046 [INFO] BlockDiagram:2759 - set Specific Code input for plugin: GPIO
2024-02-11 13:32:14,052 [INFO] CodeGenerator:807 - code generatio: config db path: C:\ST\STM32CubeIDE_1.14.0\STM32CubeIDE\plugins\com.st.stm32cube.common.mx_6.10.0.202311202037\\db\
2024-02-11 13:32:14,275 [INFO] CodeEngine:255 - oldGeneratedFile, C:\Users\hiyua\GitHub\2024_Oidengiken\cubeIDE\try2\prac\MXTmpFiles\license.tmp_save
2024-02-11 13:32:14,610 [INFO] CodeEngine:279 - Generated code: C:\Users\hiyua\GitHub\2024_Oidengiken\cubeIDE\try2\prac\MXTmpFiles\license.tmp
2024-02-11 13:32:14,655 [INFO] CodeEngine:255 - oldGeneratedFile, C:\Users\hiyua\GitHub\2024_Oidengiken\cubeIDE\try2\prac\MXTmpFiles\gpio.tmp_save
2024-02-11 13:32:14,791 [INFO] CodeEngine:279 - Generated code: C:\Users\hiyua\GitHub\2024_Oidengiken\cubeIDE\try2\prac\MXTmpFiles\gpio.tmp
2024-02-11 13:32:14,877 [INFO] CodeEngine:255 - oldGeneratedFile, C:\Users\hiyua\GitHub\2024_Oidengiken\cubeIDE\try2\prac\Core\Src\stm32f4xx_it.c_save
2024-02-11 13:32:15,124 [INFO] CodeEngine:279 - Generated code: C:\Users\hiyua\GitHub\2024_Oidengiken\cubeIDE\try2\prac\Core\Src\stm32f4xx_it.c
2024-02-11 13:32:15,130 [INFO] CodeEngine:255 - oldGeneratedFile, C:\Users\hiyua\GitHub\2024_Oidengiken\cubeIDE\try2\prac\Core\Inc\stm32f4xx_it.h_save
2024-02-11 13:32:15,227 [INFO] CodeEngine:279 - Generated code: C:\Users\hiyua\GitHub\2024_Oidengiken\cubeIDE\try2\prac\Core\Inc\stm32f4xx_it.h
2024-02-11 13:32:15,240 [INFO] CodeEngine:255 - oldGeneratedFile, C:\Users\hiyua\GitHub\2024_Oidengiken\cubeIDE\try2\prac\Core\Src\stm32f4xx_hal_msp.c_save
2024-02-11 13:32:15,410 [INFO] CodeEngine:279 - Generated code: C:\Users\hiyua\GitHub\2024_Oidengiken\cubeIDE\try2\prac\Core\Src\stm32f4xx_hal_msp.c
2024-02-11 13:32:15,416 [INFO] CodeEngine:255 - oldGeneratedFile, C:\Users\hiyua\GitHub\2024_Oidengiken\cubeIDE\try2\prac\MXTmpFiles\system.tmp_save
2024-02-11 13:32:15,494 [INFO] CodeEngine:279 - Generated code: C:\Users\hiyua\GitHub\2024_Oidengiken\cubeIDE\try2\prac\MXTmpFiles\system.tmp
2024-02-11 13:32:15,505 [INFO] CodeEngine:311 - oldGeneratedFile, C:\Users\hiyua\GitHub\2024_Oidengiken\cubeIDE\try2\prac\Core\Inc\stm32f4xx_hal_conf.h_save
2024-02-11 13:32:15,623 [INFO] CodeEngine:335 - Generated code: C:\Users\hiyua\GitHub\2024_Oidengiken\cubeIDE\try2\prac\Core\Inc\stm32f4xx_hal_conf.h
2024-02-11 13:32:15,677 [WARN] IPConfigManager:2946 - Warning: the RefConfig PLL2P_FOR_MCO is not available in your config.xml file
2024-02-11 13:32:15,695 [INFO] CodeEngine:255 - oldGeneratedFile, C:\Users\hiyua\GitHub\2024_Oidengiken\cubeIDE\try2\prac\Core\Inc\main.h_save
2024-02-11 13:32:15,823 [INFO] CodeEngine:279 - Generated code: C:\Users\hiyua\GitHub\2024_Oidengiken\cubeIDE\try2\prac\Core\Inc\main.h
2024-02-11 13:32:15,829 [INFO] CodeEngine:255 - oldGeneratedFile, C:\Users\hiyua\GitHub\2024_Oidengiken\cubeIDE\try2\prac\Core\Src\main.c_save
2024-02-11 13:32:15,974 [INFO] CodeEngine:279 - Generated code: C:\Users\hiyua\GitHub\2024_Oidengiken\cubeIDE\try2\prac\Core\Src\main.c
2024-02-11 13:32:16,648 [INFO] ProjectBuilder:3076 - Time for Copy HAL[1] : 126mS.
2024-02-11 13:32:16,654 [INFO] ProjectBuilder:4485 - Project Generator version: 4.2.0-B44
2024-02-11 13:32:16,947 [INFO] ConfigFileManager:1495 - The Die is : DIE421
2024-02-11 13:32:16,966 [INFO] ApiDbMcu:508 - Load IP Config File for FATFS
2024-02-11 13:32:17,010 [INFO] ApiDbMcu:508 - Load IP Config File for FREERTOS
2024-02-11 13:32:17,018 [INFO] ApiDbMcu:508 - Load IP Config File for LIBJPEG
2024-02-11 13:32:17,112 [INFO] ApiDbMcu:508 - Load IP Config File for MBEDTLS
2024-02-11 13:32:17,150 [INFO] ApiDbMcu:508 - Load IP Config File for USB_DEVICE
2024-02-11 13:32:17,160 [INFO] ApiDbMcu:508 - Load IP Config File for USB_HOST
2024-02-11 13:32:17,905 [INFO] LogOutputStream:77 - [STDOUT_REDIRECT] 
2024-02-11 13:32:19,824 [INFO] ProjectBuilder:4747 - Time for Generating toolchain IDE Files: 3170mS.
2024-02-11 13:32:19,825 [INFO] ProjectBuilder:2947 - Time for Copy CMSIS : 1mS.
2024-02-11 13:32:19,827 [INFO] ProjectBuilder:2947 - Time for Copy CMSIS : 0mS.
2024-02-11 13:32:20,633 [INFO] McuFinderGlobals:76 - Set McuFinderConnectedMode to true
2024-02-11 13:32:20,637 [INFO] ApiDb:448 - Save user favorites file C:\Users\hiyua/.stm32cubeide/favorites.mcus.txt: 0 item(s)
2024-02-11 13:32:20,637 [INFO] ApiDb:452 - User favorites MCUs=[]
2024-02-11 13:32:20,639 [INFO] ApiDb:448 - Save user favorites file C:\Users\hiyua/.stm32cubeide/favorites.boards.txt: 1 item(s)
2024-02-11 13:32:20,639 [INFO] ApiDb:452 - User favorites Boards=[NUCLEO-F446RE]
2024-02-11 13:32:32,126 [ERROR] LogOutputStream:75 - [STDERR_REDIRECT] 
2024-02-11 13:32:32,126 [ERROR] LogOutputStream:75 - [STDERR_REDIRECT] 
2024-02-11 13:36:23,773 [INFO] Activator:176 - 


2024-02-11 13:36:23,774 [INFO] Activator:177 - !SESSION log4j initialized
2024-02-11 13:36:26,150 [INFO] LogOutputStream:77 - [STDOUT_REDIRECT] 
2024-02-11 13:36:27,762 [INFO] ApplicationProperties:184 - Using Application install path: C:\ST\STM32CubeIDE_1.14.0\STM32CubeIDE\plugins\com.st.stm32cube.common.mx_6.10.0.202311202037
2024-02-11 13:36:27,782 [INFO] DbMcusXml:78 - Set database path to: C:\ST\STM32CubeIDE_1.14.0\STM32CubeIDE\plugins\com.st.stm32cube.common.mx_6.10.0.202311202037\\db\/mcu/
2024-02-11 13:36:27,782 [INFO] ApiDb:274 - Set plugin database path to: C:\ST\STM32CubeIDE_1.14.0\STM32CubeIDE\plugins\com.st.stm32cube.common.mx_6.10.0.202311202037\\db\/plugins/boardmanager/
2024-02-11 13:36:27,783 [WARN] ApiDb:259 - Overriding images path with different value:  => C:\ST\STM32CubeIDE_1.14.0\STM32CubeIDE\plugins\com.st.stm32cube.common.mx_6.10.0.202311202037\\db\/plugins/mcufinder/images/
2024-02-11 13:36:27,788 [INFO] ApiDb:250 - Set database path to: C:\Users\mizun\.stmcufinder\plugins\mcufinder//mcu/
2024-02-11 13:36:27,789 [INFO] DbMcusAds:125 - Set database path to: C:\Users\mizun\.stmcufinder\plugins\mcufinder//mcu/
2024-02-11 13:36:27,793 [INFO] CrossReferenceDbSqlite:203 - Set database path to: C:\Users\mizun\.stmcufinder\plugins\mcufinder//mcu/cs/
2024-02-11 13:36:27,901 [INFO] RulesReader:64 - Compatibility file has been processed (297 Rules)
2024-02-11 13:36:27,979 [INFO] DbMcusXml:78 - Set database path to: C:\ST\STM32CubeIDE_1.14.0\STM32CubeIDE\plugins\com.st.stm32cube.common.mx_6.10.0.202311202037\\db\/mcu/
2024-02-11 13:36:27,979 [INFO] ApiDb:274 - Set plugin database path to: C:\ST\STM32CubeIDE_1.14.0\STM32CubeIDE\plugins\com.st.stm32cube.common.mx_6.10.0.202311202037\\db\/plugins/boardmanager/
2024-02-11 13:36:27,979 [INFO] ApiDb:261 - Set plugin images path to: C:\ST\STM32CubeIDE_1.14.0\STM32CubeIDE\plugins\com.st.stm32cube.common.mx_6.10.0.202311202037\\db\/plugins/mcufinder/images/
2024-02-11 13:36:27,979 [WARN] DbFile:41 - Overriding database path with different value: C:\Users\mizun\.stmcufinder\plugins\mcufinder/ => C:\Users\mizun\.stmcufinder\plugins\mcufinder
2024-02-11 13:36:27,979 [INFO] ApiDb:250 - Set database path to: C:\Users\mizun\.stmcufinder\plugins\mcufinder//mcu/
2024-02-11 13:36:27,980 [WARN] DbFile:41 - Overriding database path with different value: C:\Users\mizun\.stmcufinder\plugins\mcufinder/ => C:\Users\mizun\.stmcufinder\plugins\mcufinder
2024-02-11 13:36:27,980 [INFO] DbMcusAds:125 - Set database path to: C:\Users\mizun\.stmcufinder\plugins\mcufinder//mcu/
2024-02-11 13:36:27,980 [WARN] DbFile:41 - Overriding database path with different value: C:\Users\mizun\.stmcufinder\plugins\mcufinder/ => C:\Users\mizun\.stmcufinder\plugins\mcufinder
2024-02-11 13:36:27,980 [WARN] DbFile:41 - Overriding database path with different value: C:\Users\mizun\.stmcufinder\plugins\mcufinder/ => C:\Users\mizun\.stmcufinder\plugins\mcufinder
2024-02-11 13:36:27,980 [INFO] CrossReferenceDbSqlite:203 - Set database path to: C:\Users\mizun\.stmcufinder\plugins\mcufinder//mcu/cs/
2024-02-11 13:36:28,040 [INFO] MainPanel:264 - HeapMemory: 268435456
2024-02-11 13:36:28,092 [INFO] DbMcusXml:78 - Set database path to: C:\ST\STM32CubeIDE_1.14.0\STM32CubeIDE\plugins\com.st.stm32cube.common.mx_6.10.0.202311202037\\db\/mcu/
2024-02-11 13:36:28,092 [INFO] ApiDb:274 - Set plugin database path to: C:\ST\STM32CubeIDE_1.14.0\STM32CubeIDE\plugins\com.st.stm32cube.common.mx_6.10.0.202311202037\\db\/plugins/boardmanager/
2024-02-11 13:36:28,092 [INFO] ApiDb:261 - Set plugin images path to: C:\ST\STM32CubeIDE_1.14.0\STM32CubeIDE\plugins\com.st.stm32cube.common.mx_6.10.0.202311202037\\db\/plugins/mcufinder/images/
2024-02-11 13:36:28,093 [WARN] DbFile:41 - Overriding database path with different value: C:\Users\mizun\.stmcufinder\plugins\mcufinder/ => C:\Users\mizun\.stmcufinder\plugins\mcufinder
2024-02-11 13:36:28,093 [INFO] ApiDb:250 - Set database path to: C:\Users\mizun\.stmcufinder\plugins\mcufinder//mcu/
2024-02-11 13:36:28,093 [WARN] DbFile:41 - Overriding database path with different value: C:\Users\mizun\.stmcufinder\plugins\mcufinder/ => C:\Users\mizun\.stmcufinder\plugins\mcufinder
2024-02-11 13:36:28,093 [INFO] DbMcusAds:125 - Set database path to: C:\Users\mizun\.stmcufinder\plugins\mcufinder//mcu/
2024-02-11 13:36:28,093 [WARN] DbFile:41 - Overriding database path with different value: C:\Users\mizun\.stmcufinder\plugins\mcufinder/ => C:\Users\mizun\.stmcufinder\plugins\mcufinder
2024-02-11 13:36:28,093 [WARN] DbFile:41 - Overriding database path with different value: C:\Users\mizun\.stmcufinder\plugins\mcufinder/ => C:\Users\mizun\.stmcufinder\plugins\mcufinder
2024-02-11 13:36:28,093 [INFO] CrossReferenceDbSqlite:203 - Set database path to: C:\Users\mizun\.stmcufinder\plugins\mcufinder//mcu/cs/
2024-02-11 13:36:28,106 [INFO] ApplicationProperties:184 - Using Application install path: C:\ST\STM32CubeIDE_1.14.0\STM32CubeIDE\plugins\com.st.stm32cube.common.mx_6.10.0.202311202037
2024-02-11 13:36:28,107 [INFO] PluginManage:196 - Search for loadable plugins [exclusion list=, ]
2024-02-11 13:36:28,108 [INFO] PluginManage:310 - Check plugin analytics
2024-02-11 13:36:28,289 [INFO] AnalyticsPlugin:253 - Accepted Software Licenses: 
2024-02-11 13:36:28,289 [INFO] AnalyticsPlugin:255 - Accepted CMSIS Pack Licenses: 
2024-02-11 13:36:28,290 [INFO] AnalyticsPlugin:257 - Accepted Firmware Licenses: 
2024-02-11 13:36:28,294 [INFO] PluginManage:359 - Loaded plugin analytics (category:tool,tabindex:-1)
2024-02-11 13:36:28,294 [INFO] PluginManage:310 - Check plugin cadmodel
2024-02-11 13:36:28,299 [INFO] CADModel:105 - Init CAD model plugin
2024-02-11 13:36:28,299 [INFO] PluginManage:359 - Loaded plugin cadmodel (category:power,tabindex:5)
2024-02-11 13:36:28,299 [INFO] PluginManage:310 - Check plugin clock
2024-02-11 13:36:28,314 [INFO] PluginManage:359 - Loaded plugin clock (category:base,tabindex:2)
2024-02-11 13:36:28,315 [INFO] PluginManage:310 - Check plugin ddr
2024-02-11 13:36:28,318 [INFO] PluginManage:359 - Loaded plugin ddr (category:tool,tabindex:6)
2024-02-11 13:36:28,318 [INFO] PluginManage:310 - Check plugin filemanager
2024-02-11 13:36:28,454 [INFO] PluginManage:359 - Loaded plugin filemanager (category:base,tabindex:10)
2024-02-11 13:36:28,454 [INFO] PluginManage:310 - Check plugin ipmanager
2024-02-11 13:36:28,461 [INFO] PluginManage:359 - Loaded plugin ipmanager (category:base,tabindex:5)
2024-02-11 13:36:28,461 [INFO] PluginManage:310 - Check plugin lpbam
2024-02-11 13:36:28,469 [INFO] PluginManage:359 - Loaded plugin lpbam (category:base,tabindex:0)
2024-02-11 13:36:28,469 [INFO] PluginManage:310 - Check plugin memorymap
2024-02-11 13:36:28,480 [INFO] PluginManage:359 - Loaded plugin memorymap (category:base,tabindex:4)
2024-02-11 13:36:28,480 [INFO] PluginManage:310 - Check plugin pinoutandconfiguration
2024-02-11 13:36:28,486 [INFO] PluginManage:359 - Loaded plugin pinoutandconfiguration (category:base,tabindex:1)
2024-02-11 13:36:28,486 [INFO] PluginManage:310 - Check plugin pinoutconfig
2024-02-11 13:36:28,579 [WARN] SupportedApi:132 - Cannot load RTOS API schema: s4s-elt-must-match.1: The content of 'definitions' must match (annotation?, (simpleType | complexType)?, (unique | key | keyref)*)). A problem was found starting at: attribute.
2024-02-11 13:36:28,725 [INFO] PluginManage:359 - Loaded plugin pinoutconfig (category:base,tabindex:0)
2024-02-11 13:36:28,726 [INFO] PluginManage:310 - Check plugin power
2024-02-11 13:36:28,733 [INFO] PluginManage:359 - Loaded plugin power (category:power,tabindex:4)
2024-02-11 13:36:28,733 [INFO] PluginManage:310 - Check plugin projectmanager
2024-02-11 13:36:28,748 [INFO] PluginManage:359 - Loaded plugin projectmanager (category:projectmanager,tabindex:3)
2024-02-11 13:36:28,748 [INFO] PluginManage:310 - Check plugin thirdparty
2024-02-11 13:36:28,845 [WARN] IntegrityCheckThread:84 - waiting for thirdparty lock release [integrity check]
2024-02-11 13:36:28,846 [INFO] IntegrityCheckThread:86 - entering critical section [integrity check]
2024-02-11 13:36:28,846 [INFO] PluginManage:359 - Loaded plugin thirdparty (category:base,tabindex:-1)
2024-02-11 13:36:28,846 [INFO] PluginManage:310 - Check plugin tools
2024-02-11 13:36:28,846 [INFO] ThirdPartyUpdaterWithRetryManager:70 - Updater plugin not ready yet. [1/15]
2024-02-11 13:36:28,850 [INFO] PluginManage:359 - Loaded plugin tools (category:base,tabindex:7)
2024-02-11 13:36:28,850 [INFO] PluginManage:310 - Check plugin tutovideos
2024-02-11 13:36:28,984 [INFO] PluginManage:359 - Loaded plugin tutovideos (category:base,tabindex:-1)
2024-02-11 13:36:28,985 [INFO] PluginManage:310 - Check plugin updater
2024-02-11 13:36:28,992 [INFO] PluginManage:359 - Loaded plugin updater (category:base,tabindex:12)
2024-02-11 13:36:28,993 [INFO] PluginManage:310 - Check plugin userauth
2024-02-11 13:36:28,998 [INFO] UserAuth:114 - Init User Auth plugin
2024-02-11 13:36:28,998 [INFO] PluginManage:359 - Loaded plugin userauth (category:base,tabindex:14)
2024-02-11 13:36:28,998 [INFO] PluginManage:283 - PluginManage : Loaded plugins [17]
2024-02-11 13:36:29,178 [INFO] PinOutPanel:1499 - setPackage(No Configuration,No Configuration)
2024-02-11 13:36:29,242 [INFO] CADModel:165 - CPN selected for project level
2024-02-11 13:36:29,243 [INFO] CADModel:114 - Register for checkConnection events
2024-02-11 13:36:29,261 [INFO] IPUIPlugin:80 - create IPUIPlugin
2024-02-11 13:36:29,261 [INFO] PluginManager:220 - loadIPPluginJar : add adc
2024-02-11 13:36:29,263 [INFO] IPUIPlugin:80 - create IPUIPlugin
2024-02-11 13:36:29,263 [INFO] PluginManager:220 - loadIPPluginJar : add aes
2024-02-11 13:36:29,265 [INFO] IPUIPlugin:80 - create IPUIPlugin
2024-02-11 13:36:29,265 [INFO] PluginManager:220 - loadIPPluginJar : add can
2024-02-11 13:36:29,267 [INFO] IPUIPlugin:80 - create IPUIPlugin
2024-02-11 13:36:29,267 [INFO] PluginManager:220 - loadIPPluginJar : add comp
2024-02-11 13:36:29,269 [INFO] IPUIPlugin:80 - create IPUIPlugin
2024-02-11 13:36:29,269 [INFO] PluginManager:220 - loadIPPluginJar : add cryp
2024-02-11 13:36:29,271 [INFO] IPUIPlugin:80 - create IPUIPlugin
2024-02-11 13:36:29,271 [INFO] PluginManager:220 - loadIPPluginJar : add dfsdm
2024-02-11 13:36:29,275 [INFO] IPUIPlugin:80 - create IPUIPlugin
2024-02-11 13:36:29,276 [INFO] PluginManager:220 - loadIPPluginJar : add dma
2024-02-11 13:36:29,277 [INFO] IPUIPlugin:80 - create IPUIPlugin
2024-02-11 13:36:29,278 [INFO] PluginManager:220 - loadIPPluginJar : add dma3
2024-02-11 13:36:29,279 [INFO] IPUIPlugin:80 - create IPUIPlugin
2024-02-11 13:36:29,279 [INFO] PluginManager:220 - loadIPPluginJar : add fatfs
2024-02-11 13:36:29,283 [INFO] IPUIPlugin:80 - create IPUIPlugin
2024-02-11 13:36:29,283 [INFO] PluginManager:220 - loadIPPluginJar : add fmc
2024-02-11 13:36:29,286 [INFO] IPUIPlugin:80 - create IPUIPlugin
2024-02-11 13:36:29,286 [INFO] PluginManager:220 - loadIPPluginJar : add freertos
2024-02-11 13:36:29,287 [INFO] IPUIPlugin:80 - create IPUIPlugin
2024-02-11 13:36:29,287 [INFO] PluginManager:220 - loadIPPluginJar : add genericplugin
2024-02-11 13:36:29,288 [INFO] IPUIPlugin:80 - create IPUIPlugin
2024-02-11 13:36:29,288 [INFO] PluginManager:220 - loadIPPluginJar : add gfxmmu
2024-02-11 13:36:29,295 [INFO] IPUIPlugin:80 - create IPUIPlugin
2024-02-11 13:36:29,295 [INFO] PluginManager:220 - loadIPPluginJar : add gic
2024-02-11 13:36:29,299 [INFO] IPUIPlugin:80 - create IPUIPlugin
2024-02-11 13:36:29,299 [INFO] PluginManager:220 - loadIPPluginJar : add gpio
2024-02-11 13:36:29,301 [INFO] IPUIPlugin:80 - create IPUIPlugin
2024-02-11 13:36:29,301 [INFO] PluginManager:220 - loadIPPluginJar : add gtzc
2024-02-11 13:36:29,303 [INFO] IPUIPlugin:80 - create IPUIPlugin
2024-02-11 13:36:29,303 [INFO] PluginManager:220 - loadIPPluginJar : add hash
2024-02-11 13:36:29,304 [INFO] IPUIPlugin:80 - create IPUIPlugin
2024-02-11 13:36:29,304 [INFO] PluginManager:220 - loadIPPluginJar : add i2c
2024-02-11 13:36:29,306 [INFO] IPUIPlugin:80 - create IPUIPlugin
2024-02-11 13:36:29,306 [INFO] PluginManager:220 - loadIPPluginJar : add i2s
2024-02-11 13:36:29,309 [INFO] IPUIPlugin:80 - create IPUIPlugin
2024-02-11 13:36:29,309 [INFO] PluginManager:220 - loadIPPluginJar : add i3c
2024-02-11 13:36:29,311 [INFO] IPUIPlugin:80 - create IPUIPlugin
2024-02-11 13:36:29,311 [INFO] PluginManager:220 - loadIPPluginJar : add ipddr
2024-02-11 13:36:29,316 [INFO] IPUIPlugin:80 - create IPUIPlugin
2024-02-11 13:36:29,317 [INFO] PluginManager:220 - loadIPPluginJar : add linkedlist
2024-02-11 13:36:29,318 [INFO] IPUIPlugin:80 - create IPUIPlugin
2024-02-11 13:36:29,318 [INFO] PluginManager:220 - loadIPPluginJar : add lorawan
2024-02-11 13:36:29,319 [INFO] IPUIPlugin:80 - create IPUIPlugin
2024-02-11 13:36:29,319 [INFO] PluginManager:220 - loadIPPluginJar : add ltdc
2024-02-11 13:36:29,323 [INFO] IPUIPlugin:80 - create IPUIPlugin
2024-02-11 13:36:29,323 [INFO] PluginManager:220 - loadIPPluginJar : add mdma
2024-02-11 13:36:29,326 [INFO] IPUIPlugin:80 - create IPUIPlugin
2024-02-11 13:36:29,326 [INFO] PluginManager:220 - loadIPPluginJar : add nvic
2024-02-11 13:36:29,329 [INFO] IPUIPlugin:80 - create IPUIPlugin
2024-02-11 13:36:29,329 [INFO] PluginManager:220 - loadIPPluginJar : add opamp
2024-02-11 13:36:29,331 [INFO] IPUIPlugin:80 - create IPUIPlugin
2024-02-11 13:36:29,331 [INFO] PluginManager:220 - loadIPPluginJar : add openamp
2024-02-11 13:36:29,332 [INFO] IPUIPlugin:80 - create IPUIPlugin
2024-02-11 13:36:29,332 [INFO] PluginManager:220 - loadIPPluginJar : add pdm2pcm
2024-02-11 13:36:29,336 [INFO] IPUIPlugin:80 - create IPUIPlugin
2024-02-11 13:36:29,338 [INFO] PluginManager:220 - loadIPPluginJar : add plateformsettings
2024-02-11 13:36:29,339 [INFO] IPUIPlugin:80 - create IPUIPlugin
2024-02-11 13:36:29,339 [INFO] PluginManager:220 - loadIPPluginJar : add quadspi
2024-02-11 13:36:29,342 [INFO] IPUIPlugin:80 - create IPUIPlugin
2024-02-11 13:36:29,342 [INFO] PluginManager:220 - loadIPPluginJar : add resmgrutility
2024-02-11 13:36:29,344 [INFO] IPUIPlugin:80 - create IPUIPlugin
2024-02-11 13:36:29,344 [INFO] PluginManager:220 - loadIPPluginJar : add sai
2024-02-11 13:36:29,346 [INFO] IPUIPlugin:80 - create IPUIPlugin
2024-02-11 13:36:29,346 [INFO] PluginManager:220 - loadIPPluginJar : add spi
2024-02-11 13:36:29,349 [INFO] IPUIPlugin:80 - create IPUIPlugin
2024-02-11 13:36:29,349 [INFO] PluginManager:220 - loadIPPluginJar : add stm32_wpan
2024-02-11 13:36:29,350 [INFO] IPUIPlugin:80 - create IPUIPlugin
2024-02-11 13:36:29,350 [INFO] PluginManager:220 - loadIPPluginJar : add tim
2024-02-11 13:36:29,352 [INFO] IPUIPlugin:80 - create IPUIPlugin
2024-02-11 13:36:29,352 [INFO] PluginManager:220 - loadIPPluginJar : add touchsensing
2024-02-11 13:36:29,353 [INFO] IPUIPlugin:80 - create IPUIPlugin
2024-02-11 13:36:29,353 [INFO] PluginManager:220 - loadIPPluginJar : add tracer_emb
2024-02-11 13:36:29,355 [INFO] IPUIPlugin:80 - create IPUIPlugin
2024-02-11 13:36:29,355 [INFO] PluginManager:220 - loadIPPluginJar : add ts
2024-02-11 13:36:29,356 [INFO] IPUIPlugin:80 - create IPUIPlugin
2024-02-11 13:36:29,356 [INFO] PluginManager:220 - loadIPPluginJar : add tsc
2024-02-11 13:36:29,357 [INFO] IPUIPlugin:80 - create IPUIPlugin
2024-02-11 13:36:29,357 [INFO] PluginManager:220 - loadIPPluginJar : add ucpd
2024-02-11 13:36:29,359 [INFO] IPUIPlugin:80 - create IPUIPlugin
2024-02-11 13:36:29,359 [INFO] PluginManager:220 - loadIPPluginJar : add usart
2024-02-11 13:36:29,361 [INFO] IPUIPlugin:80 - create IPUIPlugin
2024-02-11 13:36:29,361 [INFO] PluginManager:220 - loadIPPluginJar : add usbx
2024-02-11 13:36:29,474 [INFO] CADModel:165 - CPN selected for project level
2024-02-11 13:36:29,474 [INFO] CADModel:114 - Register for checkConnection events
2024-02-11 13:36:29,474 [FATAL] Updater:308 - Updater called before beeing initialized
2024-02-11 13:36:29,474 [ERROR] CADModel:125 - Updater not yet initialized, retry later 
2024-02-11 13:36:29,578 [INFO] CADModel:165 - CPN selected for project level
2024-02-11 13:36:29,578 [INFO] CADModel:114 - Register for checkConnection events
2024-02-11 13:36:29,578 [FATAL] Updater:308 - Updater called before beeing initialized
2024-02-11 13:36:29,578 [ERROR] CADModel:125 - Updater not yet initialized, retry later 
2024-02-11 13:36:29,581 [FATAL] Updater:308 - Updater called before beeing initialized
2024-02-11 13:36:29,654 [FATAL] Updater:308 - Updater called before beeing initialized
2024-02-11 13:36:29,658 [INFO] DbMcusAds:53 - JSON generation date=Wed Nov 29 19:52:27 JST 2023 (1701255147200)
2024-02-11 13:36:29,659 [FATAL] Updater:308 - Updater called before beeing initialized
2024-02-11 13:36:29,682 [WARN] DetailPanel:346 - Failed to get advertising image, set to default
2024-02-11 13:36:29,746 [FATAL] Updater:308 - Updater called before beeing initialized
2024-02-11 13:36:29,749 [FATAL] Updater:308 - Updater called before beeing initialized
2024-02-11 13:36:29,749 [FATAL] Updater:308 - Updater called before beeing initialized
2024-02-11 13:36:29,749 [WARN] DetailPanel:346 - Failed to get advertising image, set to default
2024-02-11 13:36:29,750 [FATAL] Updater:308 - Updater called before beeing initialized
2024-02-11 13:36:29,788 [ERROR] Updater:1120 - MainUpdater not yet initialized. External WinMGr cannot be set.
2024-02-11 13:36:29,791 [INFO] Updater:1056 - Updater Version found : 6.10.0
2024-02-11 13:36:29,808 [INFO] ApplicationProperties:184 - Using Application install path: C:\ST\STM32CubeIDE_1.14.0\STM32CubeIDE\plugins\com.st.stm32cube.common.mx_6.10.0.202311202037
2024-02-11 13:36:30,045 [INFO] MainUpdater:2873 - connection check result : 10
2024-02-11 13:36:30,046 [INFO] MainUpdater:290 - Updater Check For Update Now.
2024-02-11 13:36:30,046 [INFO] MicroXplorer:498 - Change Database Version : DB.6.0.100
2024-02-11 13:36:30,056 [INFO] McuFinderGlobals:63 - Set McuFinder mode to 2 (CubeIDE integrated)
2024-02-11 13:36:30,068 [INFO] UserAuth:404 - Internet connection configuration mode: 1
2024-02-11 13:36:30,113 [INFO] JxBrowserEngine:152 - Initiate JxBrowser Engine with user profile folder
2024-02-11 13:36:30,213 [INFO] CheckServerUpdateThread:120 - End of CheckServer Thread
2024-02-11 13:36:30,587 [INFO] WebApp:161 - Instantiating new browser for Auth
2024-02-11 13:36:30,989 [INFO] WebApp:780 - Register for checkConnection events
2024-02-11 13:36:30,989 [INFO] WebApp:414 - Apply proxy settings
2024-02-11 13:36:30,989 [INFO] WebApp:499 - Chromium requires no authentication
2024-02-11 13:36:30,995 [INFO] WebApp:442 - Direct internet connection detected
2024-02-11 13:36:31,109 [INFO] WebApp:192 - Starting web application
2024-02-11 13:36:31,110 [INFO] WebApp:544 - Web application path used C:\ST\STM32CubeIDE_1.14.0\STM32CubeIDE\plugins\com.st.stm32cube.common.mx_6.10.0.202311202037\db\plugins\mcufinder\reactClient1\index.html
2024-02-11 13:36:31,951 [WARN] PackLoader:240 - Cannot read IP mode file for STMicroelectronics.X-CUBE-SMBUS.2.1.0
2024-02-11 13:36:31,958 [WARN] PackLoader:240 - Cannot read IP mode file for STMicroelectronics.X-CUBE-TOUCHGFX.4.23.0
2024-02-11 13:36:31,978 [WARN] PackLoader:240 - Cannot read IP mode file for STMicroelectronics.X-CUBE-AZRTOS-F7.1.1.0
2024-02-11 13:36:31,988 [WARN] PackLoader:240 - Cannot read IP mode file for STMicroelectronics.FP-SNS-MOTENV1.4.3.2
2024-02-11 13:36:31,995 [WARN] PackLoader:240 - Cannot read IP mode file for STMicroelectronics.FP-SNS-FLIGHT1.5.0.2
2024-02-11 13:36:32,004 [WARN] PackLoader:240 - Cannot read IP mode file for STMicroelectronics.X-CUBE-DISPLAY.3.0.0
2024-02-11 13:36:32,030 [WARN] PackLoader:240 - Cannot read IP mode file for STMicroelectronics.X-CUBE-BLE1.7.0.0
2024-02-11 13:36:32,037 [WARN] PackLoader:240 - Cannot read IP mode file for emotas.I-CUBE-CANOPEN.1.3.0
2024-02-11 13:36:32,041 [WARN] PackLoader:240 - Cannot read IP mode file for STMicroelectronics.X-CUBE-TOUCHGFX.4.22.1
2024-02-11 13:36:32,063 [WARN] PackLoader:240 - Cannot read IP mode file for STMicroelectronics.FP-SNS-SMARTAG2.1.2.0
2024-02-11 13:36:32,081 [INFO] LogOutputStream:77 - [STDOUT_REDIRECT] 1 : Invalid condition id : UX_CORESTACK_Condition cause : null
2024-02-11 13:36:32,082 [INFO] LogOutputStream:77 - [STDOUT_REDIRECT] 1 : Invalid condition id : UX_CORESTACK_Condition cause : null
2024-02-11 13:36:32,083 [INFO] LogOutputStream:77 - [STDOUT_REDIRECT] 1 : Invalid condition id : UX_CORESTACK_Condition cause : null
2024-02-11 13:36:32,084 [INFO] LogOutputStream:77 - [STDOUT_REDIRECT] 1 : Invalid condition id : UX_CORESTACK_Condition cause : null
2024-02-11 13:36:32,086 [INFO] LogOutputStream:77 - [STDOUT_REDIRECT] 1 : Invalid condition id : UX_CORESTACK_Condition cause : null
2024-02-11 13:36:32,090 [WARN] PackLoader:240 - Cannot read IP mode file for STMicroelectronics.X-CUBE-AZRTOS-WL.2.0.0
2024-02-11 13:36:32,104 [WARN] PackLoader:240 - Cannot read IP mode file for WES.I-CUBE-Cesium.1.3.0
2024-02-11 13:36:32,111 [WARN] PackLoader:240 - Cannot read IP mode file for STMicroelectronics.X-CUBE-BLE2.3.3.0
2024-02-11 13:36:32,118 [WARN] PackLoader:240 - Cannot read IP mode file for STMicroelectronics.X-CUBE-ALGOBUILD.1.3.0
2024-02-11 13:36:32,133 [WARN] PackLoader:240 - Cannot read IP mode file for STMicroelectronics.X-CUBE-AZRTOS-G0.1.1.0
2024-02-11 13:36:32,140 [WARN] PackLoader:240 - Cannot read IP mode file for STMicroelectronics.X-CUBE-NFC4.3.0.0
2024-02-11 13:36:32,151 [WARN] PackLoader:240 - Cannot read IP mode file for STMicroelectronics.X-CUBE-BLEMGR.3.0.0
2024-02-11 13:36:32,159 [WARN] PackLoader:240 - Cannot read IP mode file for STMicroelectronics.FP-ATR-SIGFOX1.3.2.0
2024-02-11 13:36:32,166 [WARN] PackLoader:240 - Cannot read IP mode file for STMicroelectronics.X-CUBE-EEPRMA1.5.1.0
2024-02-11 13:36:32,200 [WARN] PackLoader:240 - Cannot read IP mode file for SEGGER.I-CUBE-embOS.1.3.1
2024-02-11 13:36:32,222 [WARN] PackLoader:240 - Cannot read IP mode file for STMicroelectronics.X-CUBE-GNSS1.6.0.0
2024-02-11 13:36:32,234 [WARN] PackLoader:240 - Cannot read IP mode file for STMicroelectronics.X-CUBE-AZRTOS-F4.1.1.0
2024-02-11 13:36:32,245 [WARN] PackLoader:240 - Cannot read IP mode file for wolfSSL.I-CUBE-wolfSSL.5.6.3
2024-02-11 13:36:32,264 [WARN] PackLoader:240 - Cannot read IP mode file for STMicroelectronics.X-CUBE-AZRTOS-L5.2.0.0
2024-02-11 13:36:32,274 [WARN] PackLoader:240 - Cannot read IP mode file for STMicroelectronics.X-CUBE-EEPRMA1.4.2.0
2024-02-11 13:36:32,284 [WARN] PackLoader:240 - Cannot read IP mode file for ITTIA_DB.I-CUBE-ITTIADB.8.8.0
2024-02-11 13:36:32,289 [WARN] PackLoader:240 - Cannot read IP mode file for STMicroelectronics.X-CUBE-BLEMGR.2.0.0
2024-02-11 13:36:32,301 [WARN] ConditionMgr:438 - getConditionDescription Invalid condition id : UX DEVICE CLASS RTOS Condition cause : null
2024-02-11 13:36:32,301 [WARN] ConditionMgr:438 - getConditionDescription Invalid condition id : UX DEVICE CLASS RTOS Condition cause : null
2024-02-11 13:36:32,303 [WARN] PackLoader:240 - Cannot read IP mode file for STMicroelectronics.X-CUBE-AZRTOS-H7.3.1.0
2024-02-11 13:36:32,303 [WARN] ConditionMgr:1039 - genDependencies : Invalid condition id : UX DEVICE CLASS RTOS Condition cause : null
2024-02-11 13:36:32,303 [WARN] ConditionMgr:1039 - genDependencies : Invalid condition id : UX DEVICE CLASS RTOS Condition cause : null
2024-02-11 13:36:32,304 [WARN] ConditionMgr:1039 - genDependencies : Invalid condition id : UX DEVICE CLASS RTOS Condition cause : null
2024-02-11 13:36:32,304 [WARN] ConditionMgr:1039 - genDependencies : Invalid condition id : UX DEVICE CLASS RTOS Condition cause : null
2024-02-11 13:36:32,304 [WARN] ConditionMgr:1039 - genDependencies : Invalid condition id : UX DEVICE CLASS RTOS Condition cause : null
2024-02-11 13:36:32,309 [WARN] PackLoader:240 - Cannot read IP mode file for STMicroelectronics.X-CUBE-NFC7.1.0.1
2024-02-11 13:36:32,314 [WARN] PackLoader:240 - Cannot read IP mode file for STMicroelectronics.X-CUBE-NFC6.3.0.0
2024-02-11 13:36:32,318 [WARN] PackLoader:240 - Cannot read IP mode file for STMicroelectronics.X-CUBE-EEPRMA1.4.1.0
2024-02-11 13:36:32,323 [WARN] PackLoader:240 - Cannot read IP mode file for STMicroelectronics.X-CUBE-AI.8.1.0
2024-02-11 13:36:32,333 [WARN] ConditionMgr:438 - getConditionDescription Invalid condition id : LAN8742 Phy interface Condition cause : null
2024-02-11 13:36:32,333 [WARN] PackLoader:240 - Cannot read IP mode file for STMicroelectronics.X-CUBE-AZRTOS-L4.2.0.0
2024-02-11 13:36:32,334 [WARN] ConditionMgr:1039 - genDependencies : Invalid condition id : LAN8742 Phy interface Condition cause : null
2024-02-11 13:36:32,334 [WARN] ConditionMgr:1039 - genDependencies : Invalid condition id : LAN8742 Phy interface Condition cause : null
2024-02-11 13:36:32,335 [WARN] ConditionMgr:1039 - genDependencies : Invalid condition id : LAN8742 Phy interface Condition cause : null
2024-02-11 13:36:32,342 [WARN] PackLoader:240 - Cannot read IP mode file for STMicroelectronics.X-CUBE-SFXS2LP1.4.0.0
2024-02-11 13:36:32,345 [WARN] PackLoader:240 - Cannot read IP mode file for STMicroelectronics.X-CUBE-ISPU.1.1.0
2024-02-11 13:36:32,352 [WARN] ConditionMgr:438 - getConditionDescription Invalid condition id : UX DEVICE CLASS RTOS Condition cause : null
2024-02-11 13:36:32,352 [WARN] ConditionMgr:438 - getConditionDescription Invalid condition id : UX DEVICE CLASS RTOS Condition cause : null
2024-02-11 13:36:32,353 [WARN] PackLoader:240 - Cannot read IP mode file for STMicroelectronics.X-CUBE-AZRTOS-WB.2.0.0
2024-02-11 13:36:32,354 [WARN] ConditionMgr:1039 - genDependencies : Invalid condition id : UX DEVICE CLASS RTOS Condition cause : null
2024-02-11 13:36:32,354 [WARN] ConditionMgr:1039 - genDependencies : Invalid condition id : UX DEVICE CLASS RTOS Condition cause : null
2024-02-11 13:36:32,354 [WARN] ConditionMgr:1039 - genDependencies : Invalid condition id : UX DEVICE CLASS RTOS Condition cause : null
2024-02-11 13:36:32,354 [WARN] ConditionMgr:1039 - genDependencies : Invalid condition id : UX DEVICE CLASS RTOS Condition cause : null
2024-02-11 13:36:32,354 [WARN] ConditionMgr:1039 - genDependencies : Invalid condition id : UX DEVICE CLASS RTOS Condition cause : null
2024-02-11 13:36:32,362 [WARN] PackLoader:240 - Cannot read IP mode file for STMicroelectronics.X-CUBE-SUBG2.5.0.0
2024-02-11 13:36:32,370 [WARN] PackLoader:240 - Cannot read IP mode file for STMicroelectronics.X-CUBE-TOF1.3.3.1
2024-02-11 13:36:32,382 [WARN] PackLoader:240 - Cannot read IP mode file for STMicroelectronics.X-CUBE-AZRTOS-G4.2.0.0
2024-02-11 13:36:32,391 [WARN] PackLoader:240 - Cannot read IP mode file for Infineon.AIROC-Wi-Fi-Bluetooth-STM32.1.5.1
2024-02-11 13:36:32,396 [WARN] PackLoader:240 - Cannot read IP mode file for STMicroelectronics.FP-SNS-MOTENVWB1.1.3.0
2024-02-11 13:36:32,399 [WARN] PackLoader:240 - Cannot read IP mode file for STMicroelectronics.FP-SNS-MOTENVWB1.1.3.1
2024-02-11 13:36:32,402 [WARN] PackLoader:240 - Cannot read IP mode file for STMicroelectronics.X-CUBE-ISPU.2.0.0
2024-02-11 13:36:32,424 [WARN] PackLoader:240 - Cannot read IP mode file for STMicroelectronics.X-CUBE-MEMS1.10.0.0
2024-02-11 13:36:32,498 [WARN] PackLoader:240 - Cannot read IP mode file for STMicroelectronics.X-CUBE-FREERTOS.1.1.0
2024-02-11 13:36:32,501 [WARN] PackLoader:240 - Cannot read IP mode file for portGmbH.I-Cube-SoM-uGOAL.1.1.0
2024-02-11 13:36:32,505 [WARN] PackLoader:240 - Cannot read IP mode file for STMicroelectronics.X-CUBE-ALS.1.0.1
2024-02-11 13:36:32,507 [WARN] PackLoader:240 - Cannot read IP mode file for STMicroelectronics.FP-ATR-ASTRA1.2.0.0
2024-02-11 13:36:32,513 [WARN] PackLoader:240 - Cannot read IP mode file for STMicroelectronics.X-CUBE-TOF1.3.4.0
2024-02-11 13:36:32,529 [WARN] PackLoader:240 - Cannot read IP mode file for STMicroelectronics.X-CUBE-AZRTOS-H7.3.2.0
2024-02-11 13:36:32,531 [INFO] ThirdParty:978 - Integrity check success = true
2024-02-11 13:36:32,531 [INFO] IntegrityCheckThread:100 - exiting critical section [integrity check]
2024-02-11 13:36:32,531 [INFO] IntegrityCheckThread:103 - End integrity checks thread
2024-02-11 13:36:38,329 [INFO] McuFinderGlobals:63 - Set McuFinder mode to 2 (CubeIDE integrated)
2024-02-11 13:36:38,347 [INFO] MainUpdater:2873 - connection check result : 10
2024-02-11 13:36:38,818 [INFO] ApiDb:581 - Connected to CubeFinder SQLite database (C:\Users\mizun\.stmcufinder\plugins\mcufinder\mcu\cube-finder-db.db)
2024-02-11 13:36:38,885 [INFO] ApiDb:668 - CubeFinder database Data Model version=2.1
2024-02-11 13:36:38,885 [INFO] ApiDb:669 - CubeFinder database Configuration version=3.0.39
2024-02-11 13:36:38,885 [INFO] ApiDb:670 - CubeFinder database generation date=2024-01-11 (1704964531)
2024-02-11 13:36:38,886 [INFO] ApiDb:671 - CubeFinder database FW Pack versions=[FP-ATR-ASTRA1_V2.0.0, FP-SNS-FLIGHT1_V5.0.1, FP-SNS-FLIGHT1_V5.0.2, FP-SNS-MOTENV1_V4.3.1, FP-SNS-MOTENV1_V4.3.2, FP-SNS-MOTENVWB1_V1.3.1, FP-SNS-SMARTAG2_V1.2.0, STM32Cube_FW_C0_V1.1.0, STM32Cube_FW_F4_V1.28.0, STM32Cube_FW_F7_V1.17.0, STM32Cube_FW_G0_V1.6.2, STM32Cube_FW_G4_V1.5.2, STM32Cube_FW_H5_V0.5.1, STM32Cube_FW_H5_V1.1.1, STM32Cube_FW_H5_V1.2.0RC2, STM32Cube_FW_H7_V1.11.0, STM32Cube_FW_L0_V1.12.2, STM32Cube_FW_L5_V1.5.0, STM32Cube_FW_U5_V1.3.0RC4, STM32Cube_FW_U5_V1.4.0, STM32Cube_FW_WBA_V1.0.0RC1, STM32Cube_FW_WBA_V1.1.0RC1, STM32Cube_FW_WBA_V1.2.0, STM32Cube_FW_WBA_V1.2.0RC2, STM32Cube_FW_WB_V1.15.0RC1, STM32Cube_FW_WB_V1.16.0, STM32Cube_FW_WB_V1.16.0RC2, STM32Cube_FW_WB_V1.18.0, STM32Cube_FW_WL_V1.3.0, X-CUBE-ALGOBUILD_V1.3.0, X-CUBE-ALS_V1.0.1, X-CUBE-AZRTOS-F4_V1.1.0, X-CUBE-AZRTOS-F7_V1.1.0, X-CUBE-AZRTOS-G0_V1.1.0, X-CUBE-AZRTOS-G4_V2.0.0, X-CUBE-AZRTOS-H7_V3.2.0, X-CUBE-AZRTOS-L4_V1.0.0, X-CUBE-AZRTOS-L4_V2.0.0, X-CUBE-AZRTOS-L5_V1.1.0, X-CUBE-AZRTOS-WB_V2.0.0, X-CUBE-AZRTOS-WL_V2.0.0, X-CUBE-BLE1_V7.0.0, X-CUBE-BLE2_V3.3.0, X-CUBE-BLEMGR_V3.0.0, X-CUBE-EEPRMA1_V4.1.0, X-CUBE-EEPRMA1_V4.2.0, X-CUBE-FREERTOS_V1.1.0, X-CUBE-GNSS1_V6.0.0, X-CUBE-MEMS1_V10.0.0, X-CUBE-MEMS1_V9.1.0, X-CUBE-MEMS1_V9.4.0, X-CUBE-MEMS1_V9.6.0, X-CUBE-NFC4_V3.0.0, X-CUBE-NFC7_V1.0.1, X-CUBE-SFXS2LP1_V4.0.0, X-CUBE-SUBG2_V5.0.0, X-CUBE-TOF1_V3.4.0]
2024-02-11 13:36:39,006 [INFO] DbBoardsSqlite:226 - include board P-NUCLEO-WB55-NUCLEO as a kit item of type 'Nucleo-64'
2024-02-11 13:36:39,006 [INFO] DbBoardsSqlite:226 - include board P-NUCLEO-WB55-USBDONGLE as a kit item of type 'Nucleo USB Dongle'
2024-02-11 13:36:39,008 [INFO] DbBoardsSqlite:226 - include board STEVAL-IDP005V1 as a kit item of type 'Evaluation Board'
2024-02-11 13:36:39,008 [INFO] DbBoardsSqlite:226 - include board STEVAL-IDP005V2 as a kit item of type 'Evaluation Board'
2024-02-11 13:36:39,613 [INFO] ApiDb:240 - Found 371 in-development CPN: [B-G473E-ZEST1S, B-WB1M-WPAN1, B-WL5M-SUBG1, NUCLEO-C031C6, NUCLEO-H503RB, NUCLEO-H563ZI, NUCLEO-U545RE-Q, NUCLEO-U5A5ZJ-Q, NUCLEO-WBA52CG, NUCLEO-WBA55CG, STEVAL-MKBOXPRO, STEVAL-PROTEUS1, STEVAL-STWINBX1, STM320518-EVAL, STM32C0116-DK, STM32C011D6Y3TR, STM32C011D6Y6TR, STM32C011F4P3, STM32C011F4P6, STM32C011F4U3, STM32C011F4U6TR, STM32C011F6P3, STM32C011F6P6, STM32C011F6U3, STM32C011F6U6TR, STM32C011J4M3, STM32C011J4M6, STM32C011J6M3, STM32C011J6M6, STM32C0316-DK, STM32C031C4T3, STM32C031C4T6, STM32C031C4U3, STM32C031C4U6, STM32C031C6T3, STM32C031C6T6, STM32C031C6U3, STM32C031C6U6, STM32C031F4P3, STM32C031F4P6, STM32C031F6P3, STM32C031F6P6, STM32C031G4U3, STM32C031G4U6, STM32C031G6U3, STM32C031G6U6, STM32C031K4T3, STM32C031K4T6, STM32C031K4U3, STM32C031K4U6, STM32C031K6T3, STM32C031K6T6, STM32C031K6U3, STM32C031K6U6, STM32G071K8TXN, STM32G071K8UXN, STM32G081GBU6N, STM32G081KBT6N, STM32G081KBUXN, STM32G0B1CCT6N, STM32G0B1KCT6, STM32G0B1NEY6TR, STM32G0B1RCT6N, STM32G0C1CCT6, STM32G0C1CCT6N, STM32G0C1CCU6N, STM32G0C1CET6N, STM32G0C1CEU6N, STM32G0C1KCT6, STM32G0C1NEY6TR, STM32G0C1RCI6N, STM32G0C1RCT6N, STM32G0C1REI6N, STM32G0C1RET6N, STM32G0C1VCI6, STM32G0C1VEI6, STM32G471CCT6, STM32G471CCU6, STM32G471CET3, STM32G471CET6, STM32G471CEU3, STM32G471CEU6, STM32G471MCT6, STM32G471MET3, STM32G471MET6, STM32G471MEY6TR, STM32G471QCT6, STM32G471QET3, STM32G471RCT6, STM32G471RET3, STM32G471RET6, STM32G471VCH6, STM32G471VCI6, STM32G471VCT6, STM32G471VEH3, STM32G471VEH6, STM32G471VEI3, STM32G471VEI6, STM32G471VET3, STM32G471VET6, STM32G474CCT6, STM32H503CBT6, STM32H503CBU6, STM32H503EBY6TR, STM32H503KBU6, STM32H503RBT6, STM32H562AGI6, STM32H562AII6, STM32H562IGK6, STM32H562IGT6, STM32H562IIK6, STM32H562IIT6, STM32H562RGT6, STM32H562RGV6, STM32H562RIT6, STM32H562RIV6, STM32H562VGT6, STM32H562VIT6, STM32H562ZGT6, STM32H562ZIT6, STM32H563AGI6, STM32H563AII3Q, STM32H563AII6, STM32H563IGK6, STM32H563IGT6, STM32H563IIK3Q, STM32H563IIK6, STM32H563IIT3Q, STM32H563IIT6, STM32H563MIY3QTR, STM32H563RGT6, STM32H563RGV6, STM32H563RIT6, STM32H563RIV6, STM32H563VGT6, STM32H563VIT3Q, STM32H563VIT6, STM32H563ZGT6, STM32H563ZIT3Q, STM32H563ZIT6, STM32H573AII3Q, STM32H573AII6, STM32H573I-DK, STM32H573IIK3Q, STM32H573IIK6, STM32H573IIT3Q, STM32H573IIT6, STM32H573MIY3QTR, STM32H573RIT6, STM32H573RIV6, STM32H573VIT3Q, STM32H573VIT6, STM32H573ZIT3Q, STM32H573ZIT6, STM32L4R5QGI6STR, STM32MP131AAE3, STM32MP131AAF3, STM32MP131AAG3, STM32MP131CAE3, STM32MP131CAF3, STM32MP131CAG3, STM32MP131DAE7, STM32MP131DAF7, STM32MP131DAG7, STM32MP131FAE7, STM32MP131FAF7, STM32MP131FAG7, STM32MP133AAE3, STM32MP133AAF3, STM32MP133AAG3, STM32MP133CAE3, STM32MP133CAF3, STM32MP133CAG3, STM32MP133DAE7, STM32MP133DAF7, STM32MP133DAG7, STM32MP133FAE7, STM32MP133FAF7, STM32MP133FAG7, STM32MP135AAE3, STM32MP135AAF3, STM32MP135AAG3, STM32MP135CAE3, STM32MP135CAF3, STM32MP135CAG3, STM32MP135DAE7, STM32MP135DAF7, STM32MP135DAG7, STM32MP135F-DK, STM32MP135FAE7, STM32MP135FAF7, STM32MP135FAF7T, STM32MP135FAF7U, STM32MP135FAG7, STM32U535CBT6, STM32U535CBT6Q, STM32U535CBU6, STM32U535CBU6Q, STM32U535CCT6, STM32U535CCT6Q, STM32U535CCU6, STM32U535CCU6Q, STM32U535CET6, STM32U535CET6Q, STM32U535CEU6, STM32U535CEU6Q, STM32U535JEY6QTR, STM32U535NCY6QTR, STM32U535NEY6QTR, STM32U535RBI6, STM32U535RBI6Q, STM32U535RBT6, STM32U535RBT6Q, STM32U535RCI6, STM32U535RCI6Q, STM32U535RCT6, STM32U535RCT6Q, STM32U535REI6, STM32U535REI6Q, STM32U535RET6, STM32U535RET6Q, STM32U535VCI6, STM32U535VCI6Q, STM32U535VCT6, STM32U535VCT6Q, STM32U535VEI6, STM32U535VEI6Q, STM32U535VET6, STM32U535VET6Q, STM32U545CET6, STM32U545CET6Q, STM32U545CEU6, STM32U545CEU6Q, STM32U545JEY6QTR, STM32U545NEY6QTR, STM32U545REI6, STM32U545REI6Q, STM32U545RET6, STM32U545RET6Q, STM32U545VEI6, STM32U545VEI6Q, STM32U545VET6, STM32U545VET6Q, STM32U595AIH6, STM32U595AIH6Q, STM32U595AJH6, STM32U595AJH6Q, STM32U595QII6, STM32U595QII6Q, STM32U595QJI6, STM32U595QJI6Q, STM32U595RIT6, STM32U595RIT6Q, STM32U595RJT6, STM32U595RJT6Q, STM32U595VIT6, STM32U595VIT6Q, STM32U595VJT6, STM32U595VJT6Q, STM32U595ZIT6, STM32U595ZIT6Q, STM32U595ZIY6QTR, STM32U595ZJT6, STM32U595ZJT6Q, STM32U595ZJY6QTR, STM32U599BJY6QTR, STM32U599NIH6Q, STM32U599NJH6Q, STM32U599VIT6Q, STM32U599VJT6, STM32U599VJT6Q, STM32U599ZIT6Q, STM32U599ZIY6QTR, STM32U599ZJT6Q, STM32U599ZJY6QTR, STM32U5A5AJH6, STM32U5A5AJH6Q, STM32U5A5QJI6, STM32U5A5QJI6Q, STM32U5A5RJT6, STM32U5A5RJT6Q, STM32U5A5VJT6, STM32U5A5VJT6Q, STM32U5A5ZJT6, STM32U5A5ZJT6Q, STM32U5A5ZJY6QTR, STM32U5A9BJY6QTR, STM32U5A9J-DK, STM32U5A9NJH6Q, STM32U5A9VJT6Q, STM32U5A9ZJT6Q, STM32U5A9ZJY6QTR, STM32U5F7VIT6, STM32U5F7VIT6Q, STM32U5F7VJT6, STM32U5F7VJT6Q, STM32U5F9BJY6QTR, STM32U5F9NJH6Q, STM32U5F9VIT6Q, STM32U5F9VJT6Q, STM32U5F9ZIJ6QTR, STM32U5F9ZIT6Q, STM32U5F9ZJJ6QTR, STM32U5F9ZJT6Q, STM32U5G7VJT6, STM32U5G7VJT6Q, STM32U5G9BJY6QTR, STM32U5G9J-DK1, STM32U5G9J-DK2, STM32U5G9NJH6Q, STM32U5G9VJT6Q, STM32U5G9ZJJ6QTR, STM32U5G9ZJT6Q, STM32WB1MMCH6, STM32WBA50KEU6, STM32WBA50KEU6TR, STM32WBA50KGU6, STM32WBA50KGU6TR, STM32WBA52CEU6, STM32WBA52CEU6TR, STM32WBA52CEU7, STM32WBA52CEU7TR, STM32WBA52CGU6, STM32WBA52CGU6TR, STM32WBA52CGU6U, STM32WBA52CGU7, STM32WBA52CGU7TR, STM32WBA52KEU6, STM32WBA52KEU6TR, STM32WBA52KGU6, STM32WBA52KGU6TR, STM32WBA54CEU6, STM32WBA54CEU6TR, STM32WBA54CEU7, STM32WBA54CEU7TR, STM32WBA54CGU6, STM32WBA54CGU6TR, STM32WBA54CGU7, STM32WBA54CGU7TR, STM32WBA54KEU6, STM32WBA54KEU6TR, STM32WBA54KEU7, STM32WBA54KEU7TR, STM32WBA54KGU6, STM32WBA54KGU6TR, STM32WBA54KGU7, STM32WBA54KGU7TR, STM32WBA55CEU6, STM32WBA55CEU6TR, STM32WBA55CEU7, STM32WBA55CEU7TR, STM32WBA55CGU6, STM32WBA55CGU6TR, STM32WBA55CGU6U, STM32WBA55CGU7, STM32WBA55CGU7TR, STM32WBA55G-DK1, STM32WBA55HEF6, STM32WBA55HEF7, STM32WBA55HGF6, STM32WBA55HGF7, STM32WBA55UEI6, STM32WBA55UEI6TR, STM32WBA55UEI7, STM32WBA55UEI7TR, STM32WBA55UGI6, STM32WBA55UGI6TR, STM32WBA55UGI7, STM32WBA55UGI7TR, STM32WL5MOCH6, STM32WL5MOCH6TR]
2024-02-11 13:36:39,773 [INFO] BoardInfo:889 - No configuration file found for board P-NUCLEO-WB55
2024-02-11 13:36:39,774 [INFO] DbBoards:161 - Kit is not supported: P-NUCLEO-WB55
2024-02-11 13:36:39,776 [INFO] BoardInfo:889 - No configuration file found for board STEVAL-BFA001V1B
2024-02-11 13:36:39,777 [INFO] DbBoards:161 - Kit is not supported: STEVAL-BFA001V1B
2024-02-11 13:36:39,778 [INFO] BoardInfo:889 - No configuration file found for board STEVAL-BFA001V2B
2024-02-11 13:36:39,778 [INFO] DbBoards:161 - Kit is not supported: STEVAL-BFA001V2B
2024-02-11 13:36:39,865 [INFO] DbBoards:168 - Found 193 boards, 190 are supported
2024-02-11 13:36:39,865 [INFO] DbBoards:169 - Found 193 boards, 3 of them is supported for  Bsp
2024-02-11 13:36:39,868 [INFO] ApiDb:668 - CubeFinder database Data Model version=2.1
2024-02-11 13:36:39,869 [INFO] ApiDb:669 - CubeFinder database Configuration version=3.0.39
2024-02-11 13:36:39,869 [INFO] ApiDb:670 - CubeFinder database generation date=2024-01-11 (1704964531)
2024-02-11 13:36:39,869 [INFO] ApiDb:671 - CubeFinder database FW Pack versions=[FP-ATR-ASTRA1_V2.0.0, FP-SNS-FLIGHT1_V5.0.1, FP-SNS-FLIGHT1_V5.0.2, FP-SNS-MOTENV1_V4.3.1, FP-SNS-MOTENV1_V4.3.2, FP-SNS-MOTENVWB1_V1.3.1, FP-SNS-SMARTAG2_V1.2.0, STM32Cube_FW_C0_V1.1.0, STM32Cube_FW_F4_V1.28.0, STM32Cube_FW_F7_V1.17.0, STM32Cube_FW_G0_V1.6.2, STM32Cube_FW_G4_V1.5.2, STM32Cube_FW_H5_V0.5.1, STM32Cube_FW_H5_V1.1.1, STM32Cube_FW_H5_V1.2.0RC2, STM32Cube_FW_H7_V1.11.0, STM32Cube_FW_L0_V1.12.2, STM32Cube_FW_L5_V1.5.0, STM32Cube_FW_U5_V1.3.0RC4, STM32Cube_FW_U5_V1.4.0, STM32Cube_FW_WBA_V1.0.0RC1, STM32Cube_FW_WBA_V1.1.0RC1, STM32Cube_FW_WBA_V1.2.0, STM32Cube_FW_WBA_V1.2.0RC2, STM32Cube_FW_WB_V1.15.0RC1, STM32Cube_FW_WB_V1.16.0, STM32Cube_FW_WB_V1.16.0RC2, STM32Cube_FW_WB_V1.18.0, STM32Cube_FW_WL_V1.3.0, X-CUBE-ALGOBUILD_V1.3.0, X-CUBE-ALS_V1.0.1, X-CUBE-AZRTOS-F4_V1.1.0, X-CUBE-AZRTOS-F7_V1.1.0, X-CUBE-AZRTOS-G0_V1.1.0, X-CUBE-AZRTOS-G4_V2.0.0, X-CUBE-AZRTOS-H7_V3.2.0, X-CUBE-AZRTOS-L4_V1.0.0, X-CUBE-AZRTOS-L4_V2.0.0, X-CUBE-AZRTOS-L5_V1.1.0, X-CUBE-AZRTOS-WB_V2.0.0, X-CUBE-AZRTOS-WL_V2.0.0, X-CUBE-BLE1_V7.0.0, X-CUBE-BLE2_V3.3.0, X-CUBE-BLEMGR_V3.0.0, X-CUBE-EEPRMA1_V4.1.0, X-CUBE-EEPRMA1_V4.2.0, X-CUBE-FREERTOS_V1.1.0, X-CUBE-GNSS1_V6.0.0, X-CUBE-MEMS1_V10.0.0, X-CUBE-MEMS1_V9.1.0, X-CUBE-MEMS1_V9.4.0, X-CUBE-MEMS1_V9.6.0, X-CUBE-NFC4_V3.0.0, X-CUBE-NFC7_V1.0.1, X-CUBE-SFXS2LP1_V4.0.0, X-CUBE-SUBG2_V5.0.0, X-CUBE-TOF1_V3.4.0]
2024-02-11 13:36:41,089 [INFO] ApiDb:240 - Found 371 in-development CPN: [B-G473E-ZEST1S, B-WB1M-WPAN1, B-WL5M-SUBG1, NUCLEO-C031C6, NUCLEO-H503RB, NUCLEO-H563ZI, NUCLEO-U545RE-Q, NUCLEO-U5A5ZJ-Q, NUCLEO-WBA52CG, NUCLEO-WBA55CG, STEVAL-MKBOXPRO, STEVAL-PROTEUS1, STEVAL-STWINBX1, STM320518-EVAL, STM32C0116-DK, STM32C011D6Y3TR, STM32C011D6Y6TR, STM32C011F4P3, STM32C011F4P6, STM32C011F4U3, STM32C011F4U6TR, STM32C011F6P3, STM32C011F6P6, STM32C011F6U3, STM32C011F6U6TR, STM32C011J4M3, STM32C011J4M6, STM32C011J6M3, STM32C011J6M6, STM32C0316-DK, STM32C031C4T3, STM32C031C4T6, STM32C031C4U3, STM32C031C4U6, STM32C031C6T3, STM32C031C6T6, STM32C031C6U3, STM32C031C6U6, STM32C031F4P3, STM32C031F4P6, STM32C031F6P3, STM32C031F6P6, STM32C031G4U3, STM32C031G4U6, STM32C031G6U3, STM32C031G6U6, STM32C031K4T3, STM32C031K4T6, STM32C031K4U3, STM32C031K4U6, STM32C031K6T3, STM32C031K6T6, STM32C031K6U3, STM32C031K6U6, STM32G071K8TXN, STM32G071K8UXN, STM32G081GBU6N, STM32G081KBT6N, STM32G081KBUXN, STM32G0B1CCT6N, STM32G0B1KCT6, STM32G0B1NEY6TR, STM32G0B1RCT6N, STM32G0C1CCT6, STM32G0C1CCT6N, STM32G0C1CCU6N, STM32G0C1CET6N, STM32G0C1CEU6N, STM32G0C1KCT6, STM32G0C1NEY6TR, STM32G0C1RCI6N, STM32G0C1RCT6N, STM32G0C1REI6N, STM32G0C1RET6N, STM32G0C1VCI6, STM32G0C1VEI6, STM32G471CCT6, STM32G471CCU6, STM32G471CET3, STM32G471CET6, STM32G471CEU3, STM32G471CEU6, STM32G471MCT6, STM32G471MET3, STM32G471MET6, STM32G471MEY6TR, STM32G471QCT6, STM32G471QET3, STM32G471RCT6, STM32G471RET3, STM32G471RET6, STM32G471VCH6, STM32G471VCI6, STM32G471VCT6, STM32G471VEH3, STM32G471VEH6, STM32G471VEI3, STM32G471VEI6, STM32G471VET3, STM32G471VET6, STM32G474CCT6, STM32H503CBT6, STM32H503CBU6, STM32H503EBY6TR, STM32H503KBU6, STM32H503RBT6, STM32H562AGI6, STM32H562AII6, STM32H562IGK6, STM32H562IGT6, STM32H562IIK6, STM32H562IIT6, STM32H562RGT6, STM32H562RGV6, STM32H562RIT6, STM32H562RIV6, STM32H562VGT6, STM32H562VIT6, STM32H562ZGT6, STM32H562ZIT6, STM32H563AGI6, STM32H563AII3Q, STM32H563AII6, STM32H563IGK6, STM32H563IGT6, STM32H563IIK3Q, STM32H563IIK6, STM32H563IIT3Q, STM32H563IIT6, STM32H563MIY3QTR, STM32H563RGT6, STM32H563RGV6, STM32H563RIT6, STM32H563RIV6, STM32H563VGT6, STM32H563VIT3Q, STM32H563VIT6, STM32H563ZGT6, STM32H563ZIT3Q, STM32H563ZIT6, STM32H573AII3Q, STM32H573AII6, STM32H573I-DK, STM32H573IIK3Q, STM32H573IIK6, STM32H573IIT3Q, STM32H573IIT6, STM32H573MIY3QTR, STM32H573RIT6, STM32H573RIV6, STM32H573VIT3Q, STM32H573VIT6, STM32H573ZIT3Q, STM32H573ZIT6, STM32L4R5QGI6STR, STM32MP131AAE3, STM32MP131AAF3, STM32MP131AAG3, STM32MP131CAE3, STM32MP131CAF3, STM32MP131CAG3, STM32MP131DAE7, STM32MP131DAF7, STM32MP131DAG7, STM32MP131FAE7, STM32MP131FAF7, STM32MP131FAG7, STM32MP133AAE3, STM32MP133AAF3, STM32MP133AAG3, STM32MP133CAE3, STM32MP133CAF3, STM32MP133CAG3, STM32MP133DAE7, STM32MP133DAF7, STM32MP133DAG7, STM32MP133FAE7, STM32MP133FAF7, STM32MP133FAG7, STM32MP135AAE3, STM32MP135AAF3, STM32MP135AAG3, STM32MP135CAE3, STM32MP135CAF3, STM32MP135CAG3, STM32MP135DAE7, STM32MP135DAF7, STM32MP135DAG7, STM32MP135F-DK, STM32MP135FAE7, STM32MP135FAF7, STM32MP135FAF7T, STM32MP135FAF7U, STM32MP135FAG7, STM32U535CBT6, STM32U535CBT6Q, STM32U535CBU6, STM32U535CBU6Q, STM32U535CCT6, STM32U535CCT6Q, STM32U535CCU6, STM32U535CCU6Q, STM32U535CET6, STM32U535CET6Q, STM32U535CEU6, STM32U535CEU6Q, STM32U535JEY6QTR, STM32U535NCY6QTR, STM32U535NEY6QTR, STM32U535RBI6, STM32U535RBI6Q, STM32U535RBT6, STM32U535RBT6Q, STM32U535RCI6, STM32U535RCI6Q, STM32U535RCT6, STM32U535RCT6Q, STM32U535REI6, STM32U535REI6Q, STM32U535RET6, STM32U535RET6Q, STM32U535VCI6, STM32U535VCI6Q, STM32U535VCT6, STM32U535VCT6Q, STM32U535VEI6, STM32U535VEI6Q, STM32U535VET6, STM32U535VET6Q, STM32U545CET6, STM32U545CET6Q, STM32U545CEU6, STM32U545CEU6Q, STM32U545JEY6QTR, STM32U545NEY6QTR, STM32U545REI6, STM32U545REI6Q, STM32U545RET6, STM32U545RET6Q, STM32U545VEI6, STM32U545VEI6Q, STM32U545VET6, STM32U545VET6Q, STM32U595AIH6, STM32U595AIH6Q, STM32U595AJH6, STM32U595AJH6Q, STM32U595QII6, STM32U595QII6Q, STM32U595QJI6, STM32U595QJI6Q, STM32U595RIT6, STM32U595RIT6Q, STM32U595RJT6, STM32U595RJT6Q, STM32U595VIT6, STM32U595VIT6Q, STM32U595VJT6, STM32U595VJT6Q, STM32U595ZIT6, STM32U595ZIT6Q, STM32U595ZIY6QTR, STM32U595ZJT6, STM32U595ZJT6Q, STM32U595ZJY6QTR, STM32U599BJY6QTR, STM32U599NIH6Q, STM32U599NJH6Q, STM32U599VIT6Q, STM32U599VJT6, STM32U599VJT6Q, STM32U599ZIT6Q, STM32U599ZIY6QTR, STM32U599ZJT6Q, STM32U599ZJY6QTR, STM32U5A5AJH6, STM32U5A5AJH6Q, STM32U5A5QJI6, STM32U5A5QJI6Q, STM32U5A5RJT6, STM32U5A5RJT6Q, STM32U5A5VJT6, STM32U5A5VJT6Q, STM32U5A5ZJT6, STM32U5A5ZJT6Q, STM32U5A5ZJY6QTR, STM32U5A9BJY6QTR, STM32U5A9J-DK, STM32U5A9NJH6Q, STM32U5A9VJT6Q, STM32U5A9ZJT6Q, STM32U5A9ZJY6QTR, STM32U5F7VIT6, STM32U5F7VIT6Q, STM32U5F7VJT6, STM32U5F7VJT6Q, STM32U5F9BJY6QTR, STM32U5F9NJH6Q, STM32U5F9VIT6Q, STM32U5F9VJT6Q, STM32U5F9ZIJ6QTR, STM32U5F9ZIT6Q, STM32U5F9ZJJ6QTR, STM32U5F9ZJT6Q, STM32U5G7VJT6, STM32U5G7VJT6Q, STM32U5G9BJY6QTR, STM32U5G9J-DK1, STM32U5G9J-DK2, STM32U5G9NJH6Q, STM32U5G9VJT6Q, STM32U5G9ZJJ6QTR, STM32U5G9ZJT6Q, STM32WB1MMCH6, STM32WBA50KEU6, STM32WBA50KEU6TR, STM32WBA50KGU6, STM32WBA50KGU6TR, STM32WBA52CEU6, STM32WBA52CEU6TR, STM32WBA52CEU7, STM32WBA52CEU7TR, STM32WBA52CGU6, STM32WBA52CGU6TR, STM32WBA52CGU6U, STM32WBA52CGU7, STM32WBA52CGU7TR, STM32WBA52KEU6, STM32WBA52KEU6TR, STM32WBA52KGU6, STM32WBA52KGU6TR, STM32WBA54CEU6, STM32WBA54CEU6TR, STM32WBA54CEU7, STM32WBA54CEU7TR, STM32WBA54CGU6, STM32WBA54CGU6TR, STM32WBA54CGU7, STM32WBA54CGU7TR, STM32WBA54KEU6, STM32WBA54KEU6TR, STM32WBA54KEU7, STM32WBA54KEU7TR, STM32WBA54KGU6, STM32WBA54KGU6TR, STM32WBA54KGU7, STM32WBA54KGU7TR, STM32WBA55CEU6, STM32WBA55CEU6TR, STM32WBA55CEU7, STM32WBA55CEU7TR, STM32WBA55CGU6, STM32WBA55CGU6TR, STM32WBA55CGU6U, STM32WBA55CGU7, STM32WBA55CGU7TR, STM32WBA55G-DK1, STM32WBA55HEF6, STM32WBA55HEF7, STM32WBA55HGF6, STM32WBA55HGF7, STM32WBA55UEI6, STM32WBA55UEI6TR, STM32WBA55UEI7, STM32WBA55UEI7TR, STM32WBA55UGI6, STM32WBA55UGI6TR, STM32WBA55UGI7, STM32WBA55UGI7TR, STM32WL5MOCH6, STM32WL5MOCH6TR]
2024-02-11 13:36:41,092 [INFO] DbMcus:218 - Found 3930 MCUs, 3930 are supported
2024-02-11 13:36:41,098 [INFO] ApiDb:423 - Load user favorites file C:\Users\mizun/.stm32cubeide/favorites.mcus.txt: 2 item(s)
2024-02-11 13:36:41,098 [INFO] ApiDb:427 - User favorites MCUs=[STM32F303C8T6, STM32F446RET6]
2024-02-11 13:36:41,098 [INFO] DbMcus:224 - Set 2 / 2 favorites MCUs
2024-02-11 13:36:41,256 [INFO] ApiDb:423 - Load user favorites file C:\Users\mizun/.stm32cubeide/favorites.boards.txt: 3 item(s)
2024-02-11 13:36:41,256 [INFO] ApiDb:427 - User favorites Boards=[NUCLEO-F303K8, NUCLEO-F446RE, NUCLEO-L412RB-P]
2024-02-11 13:36:41,256 [INFO] DbBoards:198 - Set 3 / 3 favorites Boards
2024-02-11 13:36:41,258 [INFO] McuFinderGlobals:76 - Set McuFinderConnectedMode to true
2024-02-11 13:36:41,263 [INFO] MultiScanPanel:200 - Auto-refresh data requested => check proxy status ongoing
2024-02-11 13:36:41,266 [INFO] FinderPluginLoader:95 - Searching for filters in installed packs
2024-02-11 13:36:42,212 [INFO] LoadUrlFilesThread:185 - End of LoadServerUrlFiles without Thread
2024-02-11 13:36:42,222 [INFO] DetailPanel:341 - Set advertising image to C:/Users/mizun/STM32Cube/Repository/\en.prom-stm32wl3-mcu-finder.jpg
2024-02-11 13:36:45,748 [INFO] MultiScanPanel:200 - Auto-refresh data requested => check proxy status ongoing
2024-02-11 13:36:45,880 [INFO] LoadUrlFilesThread:185 - End of LoadServerUrlFiles without Thread
2024-02-11 13:36:45,880 [INFO] DetailPanel:341 - Set advertising image to C:/Users/mizun/STM32Cube/Repository/\en.prom-stm32wl3-mcu-finder.jpg
2024-02-11 13:36:45,894 [INFO] DbBoards:642 - Loading board mini-images...
2024-02-11 13:36:46,861 [ERROR] DbBoards:659 - Image file not found for board NUCLEO-WBA55CG: C:\Users\mizun\.stmcufinder\plugins\mcufinder//mcu//boards_images/NUCLEO-WBA55CG.jpg
2024-02-11 13:36:48,043 [ERROR] DbBoards:659 - Image file not found for board STM32WBA55G-DK1: C:\Users\mizun\.stmcufinder\plugins\mcufinder//mcu//boards_images/STM32WBA55G-DK1.jpg
2024-02-11 13:36:48,043 [INFO] DbBoards:665 - Loaded 191 board mini-images
2024-02-11 13:36:51,699 [ERROR] LogOutputStream:75 - [STDERR_REDIRECT] SLF4J: Failed to load class "org.slf4j.impl.StaticLoggerBinder".
2024-02-11 13:36:51,699 [ERROR] LogOutputStream:75 - [STDERR_REDIRECT] SLF4J: Defaulting to no-operation (NOP) logger implementation
2024-02-11 13:36:51,702 [ERROR] LogOutputStream:75 - [STDERR_REDIRECT] SLF4J: See http://www.slf4j.org/codes.html#StaticLoggerBinder for further details.
2024-02-11 13:36:58,962 [INFO] MainUpdater:2873 - connection check result : 10
2024-02-11 13:36:58,962 [INFO] MainUpdater:2873 - connection check result : 10
2024-02-11 13:36:58,999 [INFO] MicroXplorer:468 - Change Database Path : 
2024-02-11 13:36:58,999 [INFO] MicroXplorer:498 - Change Database Version : DB.6.0.100
2024-02-11 13:36:59,004 [WARN] ThirdParty:871 - waiting for thirdparty lock release [close project]
2024-02-11 13:36:59,005 [INFO] ThirdParty:873 - entering critical section [close project]
2024-02-11 13:36:59,005 [INFO] ThirdParty:883 - exiting critical section [close project]
2024-02-11 13:36:59,007 [INFO] PinOutPanel:1499 - setPackage(No Configuration,No Configuration)
2024-02-11 13:36:59,010 [INFO] UtilMem:75 - Begin LoadConfig() Used Memory: 663719216 Bytes (759169024)
2024-02-11 13:36:59,014 [INFO] OpenFileManager:312 - Change cursor
2024-02-11 13:36:59,049 [INFO] ProjectFactory:440 - No CPN specified for board NUCLEO-F446RE => set CPN to STM32F446RET6
2024-02-11 13:36:59,050 [INFO] Mcu:2016 - Initializing MCU STM32F446R(C-E)Tx STM32F446RETx STM32F446RET6
2024-02-11 13:37:01,237 [INFO] Context:659 - Trying to add GPIOservice into a context  which must be forbidden
2024-02-11 13:37:01,555 [INFO] Rule:228 - rule 117617 - U5Cobra4M][GTZC] default value MPCBB3 and MPCBB5 - Not Secured memory - MPCBB1 is applicable
2024-02-11 13:37:01,555 [INFO] Rule:228 - rule 117617 - U5Cobra4M][GTZC] default value MPCBB3 and MPCBB5 - Not Secured memory - MPCBB1 is applicable
2024-02-11 13:37:01,555 [INFO] Rule:228 - rule 117617 - U5Cobra4M][GTZC] default value MPCBB3 and MPCBB5 - Not Secured memory - MPCBB2 is applicable
2024-02-11 13:37:01,555 [INFO] Rule:228 - rule 117617 - U5Cobra4M][GTZC] default value MPCBB3 and MPCBB5 - Not Secured memory - MPCBB2 is applicable
2024-02-11 13:37:01,555 [INFO] Rule:228 - rule 117617 - U5Cobra4M][GTZC] default value MPCBB3 and MPCBB5 - Not Secured memory - MPCBB3 is applicable
2024-02-11 13:37:01,555 [INFO] Rule:228 - rule 117617 - U5Cobra4M][GTZC] default value MPCBB3 and MPCBB5 - Not Secured memory - MPCBB3 is applicable
2024-02-11 13:37:01,555 [INFO] Rule:228 - rule 117617 - U5Cobra4M][GTZC] default value MPCBB3 and MPCBB5 - Not Secured memory - MPCBB4 is applicable
2024-02-11 13:37:01,555 [INFO] Rule:228 - rule 117617 - U5Cobra4M][GTZC] default value MPCBB3 and MPCBB5 - Not Secured memory - MPCBB4 is applicable
2024-02-11 13:37:01,555 [INFO] Rule:228 - rule 117617 - U5Cobra4M][GTZC] default value MPCBB3 and MPCBB5 - Secured memory - MPCBB1 is applicable
2024-02-11 13:37:01,555 [INFO] Rule:228 - rule 117617 - U5Cobra4M][GTZC] default value MPCBB3 and MPCBB5 - Secured memory - MPCBB2 is applicable
2024-02-11 13:37:01,555 [INFO] Rule:228 - rule 117617 - U5Cobra4M][GTZC] default value MPCBB3 and MPCBB5 - Secured memory - MPCBB3 is applicable
2024-02-11 13:37:01,555 [INFO] Rule:228 - rule 117617 - U5Cobra4M][GTZC] default value MPCBB3 and MPCBB5 - Secured memory - MPCBB4 is applicable
2024-02-11 13:37:01,555 [INFO] Rule:228 - rule 117617 - U5Cobra4M][GTZC] default value MPCBB3 and MPCBB5 - Privileged memory - MPCBB1 is applicable
2024-02-11 13:37:01,555 [INFO] Rule:228 - rule 117617 - U5Cobra4M][GTZC] default value MPCBB3 and MPCBB5 - Privileged memory - MPCBB2 is applicable
2024-02-11 13:37:01,555 [INFO] Rule:228 - rule 117617 - U5Cobra4M][GTZC] default value MPCBB3 and MPCBB5 - Privileged memory - MPCBB3 is applicable
2024-02-11 13:37:01,555 [INFO] Rule:228 - rule 117617 - U5Cobra4M][GTZC] default value MPCBB3 and MPCBB5 - Privileged memory - MPCBB4 is applicable
2024-02-11 13:37:01,556 [INFO] Rule:228 - rule 117617 - U5Cobra4M][GTZC] default value MPCBB3 and MPCBB5 - Not Privileged memory - MPCBB1 is applicable
2024-02-11 13:37:01,556 [INFO] Rule:228 - rule 117617 - U5Cobra4M][GTZC] default value MPCBB3 and MPCBB5 - Not Privileged memory - MPCBB2 is applicable
2024-02-11 13:37:01,556 [INFO] Rule:228 - rule 117617 - U5Cobra4M][GTZC] default value MPCBB3 and MPCBB5 - Not Privileged memory - MPCBB3 is applicable
2024-02-11 13:37:01,556 [INFO] Rule:228 - rule 117617 - U5Cobra4M][GTZC] default value MPCBB3 and MPCBB5 - Not Privileged memory - MPCBB4 is applicable
2024-02-11 13:37:01,556 [INFO] Rule:228 - rule 117617 - U5Cobra4M][GTZC] default value MPCBB3 and MPCBB5 - Privileged memory - MPCBB1 is applicable
2024-02-11 13:37:01,556 [INFO] Rule:228 - rule 117617 - U5Cobra4M][GTZC] default value MPCBB3 and MPCBB5 - Privileged memory - MPCBB2 is applicable
2024-02-11 13:37:01,556 [INFO] Rule:228 - rule 117617 - U5Cobra4M][GTZC] default value MPCBB3 and MPCBB5 - Privileged memory - MPCBB3 is applicable
2024-02-11 13:37:01,556 [INFO] Rule:228 - rule 117617 - U5Cobra4M][GTZC] default value MPCBB3 and MPCBB5 - Privileged memory - MPCBB4 is applicable
2024-02-11 13:37:01,556 [INFO] Rule:228 - rule 117617 - U5Cobra4M][GTZC] default value MPCBB3 and MPCBB5 - Privileged memory - MPCBB1 is applicable
2024-02-11 13:37:01,556 [INFO] Rule:228 - rule 117617 - U5Cobra4M][GTZC] default value MPCBB3 and MPCBB5 - Privileged memory - MPCBB2 is applicable
2024-02-11 13:37:01,556 [INFO] Rule:228 - rule 117617 - U5Cobra4M][GTZC] default value MPCBB3 and MPCBB5 - Privileged memory - MPCBB3 is applicable
2024-02-11 13:37:01,556 [INFO] Rule:228 - rule 117617 - U5Cobra4M][GTZC] default value MPCBB3 and MPCBB5 - Privileged memory - MPCBB4 is applicable
2024-02-11 13:37:01,556 [INFO] Rule:228 - rule 117617 - U5Cobra4M][GTZC] default value MPCBB3 and MPCBB5 - Not Privileged memory - MPCBB1 is applicable
2024-02-11 13:37:01,556 [INFO] Rule:228 - rule 117617 - U5Cobra4M][GTZC] default value MPCBB3 and MPCBB5 - Not Privileged memory - MPCBB2 is applicable
2024-02-11 13:37:01,556 [INFO] Rule:228 - rule 117617 - U5Cobra4M][GTZC] default value MPCBB3 and MPCBB5 - Not Privileged memory - MPCBB3 is applicable
2024-02-11 13:37:01,556 [INFO] Rule:228 - rule 117617 - U5Cobra4M][GTZC] default value MPCBB3 and MPCBB5 - Not Privileged memory - MPCBB4 is applicable
2024-02-11 13:37:01,556 [INFO] Rule:228 - rule 117617 - U5Cobra4M][GTZC] default value MPCBB3 and MPCBB5 - Privileged memory - MPCBB1 is applicable
2024-02-11 13:37:01,556 [INFO] Rule:228 - rule 117617 - U5Cobra4M][GTZC] default value MPCBB3 and MPCBB5 - Privileged memory - MPCBB2 is applicable
2024-02-11 13:37:01,556 [INFO] Rule:228 - rule 117617 - U5Cobra4M][GTZC] default value MPCBB3 and MPCBB5 - Privileged memory - MPCBB3 is applicable
2024-02-11 13:37:01,556 [INFO] Rule:228 - rule 117617 - U5Cobra4M][GTZC] default value MPCBB3 and MPCBB5 - Privileged memory - MPCBB4 is applicable
2024-02-11 13:37:01,556 [INFO] Rule:228 - rule Rename SubGHz_Phy SUBGHZ_APPLICATION SUBGHZ_PINGPONG to SUBGHZ_ADV_APPLICATION is applicable
2024-02-11 13:37:01,556 [INFO] Rule:228 - rule Rename Enabled to IBEACON is applicable
2024-02-11 13:37:01,556 [INFO] Rule:228 - rule GTZC_S instance for project manager is applicable
2024-02-11 13:37:01,556 [INFO] Rule:228 - rule GTZC_S instance for context M33S is applicable
2024-02-11 13:37:01,556 [INFO] Rule:228 - rule GTZC_S instance value for IP GTZC is applicable
2024-02-11 13:37:01,556 [INFO] Rule:228 - rule GTZC_S instance for mcu.IP is applicable
2024-02-11 13:37:01,556 [INFO] Rule:228 - rule GTZC_S instance for VP is applicable
2024-02-11 13:37:01,556 [INFO] Rule:228 - rule GTZC_S instance for signal is applicable
2024-02-11 13:37:01,556 [INFO] Rule:228 - rule GTZC_S instance for mcu.Pin is applicable
2024-02-11 13:37:01,556 [INFO] Rule:228 - rule GTZC_S instance for VP is applicable
2024-02-11 13:37:01,556 [INFO] Rule:228 - rule GTZC_S instance for signal is applicable
2024-02-11 13:37:01,556 [INFO] Rule:228 - rule GTZC_S instance for mcu is applicable
2024-02-11 13:37:01,556 [INFO] Rule:228 - rule GTZC_S instance for mcu.Pin is applicable
2024-02-11 13:37:01,556 [INFO] Rule:228 - rule GTZC_S instance value for IP GTZC is applicable
2024-02-11 13:37:01,556 [INFO] Rule:228 - rule GTZC_S instance for project manager is applicable
2024-02-11 13:37:01,556 [INFO] Rule:228 - rule GTZC_S instance for context M33S is applicable
2024-02-11 13:37:01,556 [INFO] Rule:228 - rule GTZC_S instance for VP is applicable
2024-02-11 13:37:01,556 [INFO] Rule:228 - rule GTZC_S instance for signal is applicable
2024-02-11 13:37:01,556 [INFO] Rule:228 - rule SPDIFRX instance for mcu is applicable
2024-02-11 13:37:01,556 [INFO] Rule:228 - rule Rename Tracer Mode is applicable
2024-02-11 13:37:01,556 [INFO] Rule:228 - rule SPDIFRX instance value for IP SPDIFRX is applicable
2024-02-11 13:37:01,556 [INFO] Rule:228 - rule SPDIFRX instance for signal is applicable
2024-02-11 13:37:01,556 [INFO] Rule:228 - rule SPDIFRX instance for project manager is applicable
2024-02-11 13:37:01,556 [INFO] Rule:228 - rule SPDIFRX instance for project manager is applicable
2024-02-11 13:37:01,556 [INFO] Rule:228 - rule ADC Scan  fix with FW F7 is applicable
2024-02-11 13:37:01,556 [INFO] Rule:228 - rule ADC Scan  fix with FW F7 is applicable
2024-02-11 13:37:01,556 [INFO] Rule:228 - rule WakeUp0 Mode is applicable
2024-02-11 13:37:01,556 [INFO] Rule:228 - rule WakeUp0 SIGNAL is applicable
2024-02-11 13:37:01,556 [INFO] Rule:228 - rule WakeUp1 Mode is applicable
2024-02-11 13:37:01,556 [INFO] Rule:228 - rule WakeUp1 SIGNAL is applicable
2024-02-11 13:37:01,558 [INFO] Rule:228 - rule WakeUp2 Mode is applicable
2024-02-11 13:37:01,558 [INFO] Rule:228 - rule WakeUp2 SIGNAL is applicable
2024-02-11 13:37:01,558 [INFO] Rule:228 - rule WakeUp4 Mode is applicable
2024-02-11 13:37:01,558 [INFO] Rule:228 - rule WakeUp4 SIGNAL is applicable
2024-02-11 13:37:01,558 [INFO] Rule:228 - rule WakeUp5 Mode is applicable
2024-02-11 13:37:01,558 [INFO] Rule:228 - rule WakeUp5 SIGNAL is applicable
2024-02-11 13:37:01,558 [INFO] Rule:228 - rule Add RTC Activate Clock Source is applicable
2024-02-11 13:37:01,558 [INFO] Rule:228 - rule Add RTC Activate Calendar 1 is applicable
2024-02-11 13:37:01,558 [INFO] Rule:228 - rule Add RTC Activate Calendar 2 is applicable
2024-02-11 13:37:01,558 [INFO] Rule:228 - rule Add RTC Activate Calendar 3 is applicable
2024-02-11 13:37:01,558 [INFO] Rule:228 - rule UART/USART TX Mode is applicable
2024-02-11 13:37:01,558 [INFO] Rule:228 - rule UART/USART RX Mode is applicable
2024-02-11 13:37:01,558 [INFO] Rule:228 - rule UART/USART RX TX Mode is applicable
2024-02-11 13:37:01,558 [INFO] Rule:228 - rule UART/USART PARITY NONE is applicable
2024-02-11 13:37:01,558 [INFO] Rule:228 - rule UART/USART PARITY EVEN is applicable
2024-02-11 13:37:01,558 [INFO] Rule:228 - rule UART/USART PARITY ODD is applicable
2024-02-11 13:37:01,558 [INFO] Rule:228 - rule USART StopBits 1 is applicable
2024-02-11 13:37:01,558 [INFO] Rule:228 - rule USART StopBits 2 is applicable
2024-02-11 13:37:01,558 [INFO] Rule:228 - rule USART StopBits 1.5 is applicable
2024-02-11 13:37:01,558 [INFO] Rule:228 - rule USART StopBits 0.5 is applicable
2024-02-11 13:37:01,558 [INFO] Rule:228 - rule UART/USART WORD LENGTH 7 is applicable
2024-02-11 13:37:01,558 [INFO] Rule:228 - rule UART/USART WORD LENGTH 8 is applicable
2024-02-11 13:37:01,558 [INFO] Rule:228 - rule UART/USART WORD LENGTH 9 is applicable
2024-02-11 13:37:01,558 [INFO] Rule:228 - rule Rename FMC NAND NCE signal is applicable
2024-02-11 13:37:01,558 [INFO] Rule:228 - rule Rename FMC NAND INT signal is applicable
2024-02-11 13:37:01,558 [INFO] Rule:228 - rule Change Default Value for LSE Drive Capability for WB family is applicable
2024-02-11 13:37:01,558 [INFO] Rule:228 - rule Change Default Value for ADC Clock Prescaler G0 family is applicable
2024-02-11 13:37:01,558 [INFO] Rule:228 - rule Change Default Value for ADC ExternalTrigConv L4 family is applicable
2024-02-11 13:37:01,558 [INFO] Rule:228 - rule Change Default Value for ADC ExternalTrigInjecConv L4 family is applicable
2024-02-11 13:37:01,558 [INFO] Rule:228 - rule Change Default Value for ADC ExternalTrigConv F3 family is applicable
2024-02-11 13:37:01,558 [INFO] Rule:228 - rule Change Default Value for ADC ExternalTrigInjecConv F3 family is applicable
2024-02-11 13:37:01,559 [INFO] Rule:228 - rule Change Default Value for ADC ExternalTrigConv Goldfish serie is applicable
2024-02-11 13:37:01,559 [INFO] Rule:228 - rule Change Default Value for ADC ExternalTrigInjecConv Goldfish serie is applicable
2024-02-11 13:37:01,559 [INFO] Rule:228 - rule Change Default Value for ADC ExternalTrigConv L0 family is applicable
2024-02-11 13:37:01,559 [INFO] Rule:228 - rule Change Default Value for ADC ExternalTrigConv F0 family is applicable
2024-02-11 13:37:01,559 [INFO] Rule:228 - rule Change Default Value for ADC ExternalTrigConvn L1 family is applicable
2024-02-11 13:37:01,559 [INFO] Rule:228 - rule Change Default Value for ADC ExternalTrigInjecConv L1 family is applicable
2024-02-11 13:37:01,559 [INFO] Rule:228 - rule Change Default Value for ADC ExternalTrigConv F1 family is applicable
2024-02-11 13:37:01,559 [INFO] Rule:228 - rule Change Default Value for ADC ExternalTrigInjecConv F1 family is applicable
2024-02-11 13:37:01,559 [INFO] Rule:228 - rule Change Default Value for ADC ExternalTrigConv F7 family is applicable
2024-02-11 13:37:01,559 [INFO] Rule:228 - rule Change Default Value for ADC ExternalTrigInjecConv F7 family is applicable
2024-02-11 13:37:01,559 [INFO] Rule:228 - rule Change Default Value for ADC ExternalTrigConv F4 and F2 family is applicable
2024-02-11 13:37:01,559 [INFO] Rule:228 - rule Change Default Value for ADC ExternalTrigInjecConv F4 and F2 family is applicable
2024-02-11 13:37:01,559 [INFO] Rule:228 - rule ADC SamplingTime fix with FW L0  is applicable
2024-02-11 13:37:01,559 [INFO] Rule:228 - rule ADC SamplingTime fix with FW L0  is applicable
2024-02-11 13:37:01,559 [INFO] Rule:228 - rule ADC SamplingTime fix with FW L0 is applicable
2024-02-11 13:37:01,559 [INFO] Rule:228 - rule ADC SamplingTime fix with FW L0 is applicable
2024-02-11 13:37:01,559 [INFO] Rule:228 - rule ADC SamplingTime fix with FW L0  is applicable
2024-02-11 13:37:01,559 [INFO] Rule:228 - rule ADC SamplingTime fix with FW L0 is applicable
2024-02-11 13:37:01,559 [INFO] Rule:228 - rule Rename USB_OE Signal is applicable
2024-02-11 13:37:01,559 [INFO] Rule:228 - rule Rename Activate_OE Mode is applicable
2024-02-11 13:37:01,559 [INFO] Rule:228 - rule Rename DIE462/DIE415 pin PC14/OSC32_IN -> PC14-OSC32_IN (PC14) is applicable
2024-02-11 13:37:01,559 [INFO] Rule:228 - rule Rename DIE462/DIE415 pin PC15/OSC32_OUT -> PC15-OSC32_OUT (PC15) is applicable
2024-02-11 13:37:01,559 [INFO] Rule:228 - rule Rename DIE462/DIE415 pin PH0/OSC_IN -> PH0-OSC_IN (PH0) is applicable
2024-02-11 13:37:01,559 [INFO] Rule:228 - rule Rename DIE462/DIE415 pin PH1/OSC_OUT -> PH1-OSC_OUT (PH1) is applicable
2024-02-11 13:37:01,559 [INFO] Rule:228 - rule Rename DIE462 pin PA13 -> PA13 (JTMS/SWDIO) is applicable
2024-02-11 13:37:01,559 [INFO] Rule:228 - rule Rename DIE415 pin PA13 -> PA13 (JTMS/SWDIO) is applicable
2024-02-11 13:37:01,559 [INFO] Rule:228 - rule Rename DIE462 pin PA14 -> PA14 (JTCK/SWCLK) is applicable
2024-02-11 13:37:01,559 [INFO] Rule:228 - rule Rename DIE415 pin PA14 -> PA14 (JTCK/SWCLK) is applicable
2024-02-11 13:37:01,559 [INFO] Rule:228 - rule Rename DIE462/DIE415 pin PA15 -> PA15 (JTDI) is applicable
2024-02-11 13:37:01,559 [INFO] Rule:228 - rule Rename DIE462 pin PB3 -> PB3 (JTD0/TRACESWO) is applicable
2024-02-11 13:37:01,559 [INFO] Rule:228 - rule Rename DIE415 pin PB3 -> PB3 (JTD0-TRACESWO) is applicable
2024-02-11 13:37:01,559 [INFO] Rule:228 - rule Rename DIE462/DIE415 pin PB4 -> PB4 (NJTRST) is applicable
2024-02-11 13:37:01,559 [INFO] Rule:228 - rule Rename DIE462 pin PH3/BOOT0 -> PH3-BOOT0 (BOOT0) is applicable
2024-02-11 13:37:01,559 [INFO] Rule:228 - rule Rename CRYP DataEncryptionTypesList to Algorithm is applicable
2024-02-11 13:37:01,559 [INFO] Rule:228 - rule Rename AES DataEncryptionTypesList to Algorithm is applicable
2024-02-11 13:37:01,559 [INFO] Rule:228 - rule Rename TDESECB to CRYP_TDES_ECB is applicable
2024-02-11 13:37:01,559 [INFO] Rule:228 - rule Rename TDESCBC to CRYP_TDES_CBC is applicable
2024-02-11 13:37:01,559 [INFO] Rule:228 - rule Rename DESECB to CRYP_DES_ECB is applicable
2024-02-11 13:37:01,559 [INFO] Rule:228 - rule Rename DESCBC to CRYP_DES_CBC is applicable
2024-02-11 13:37:01,559 [INFO] Rule:228 - rule Rename AESECB to CRYP_AES_ECB is applicable
2024-02-11 13:37:01,559 [INFO] Rule:228 - rule Rename AESCBC to CRYP_AES_CBC is applicable
2024-02-11 13:37:01,559 [INFO] Rule:228 - rule Rename AESCTR to CRYP_AES_CTR is applicable
2024-02-11 13:37:01,560 [INFO] Rule:228 - rule Rename AESGCM to CRYP_AES_GCM is applicable
2024-02-11 13:37:01,560 [INFO] Rule:228 - rule Rename AESCCM to CRYP_AES_CCM is applicable
2024-02-11 13:37:01,560 [INFO] Rule:228 - rule Rename CAN TimeSeg1 to BS1 is applicable
2024-02-11 13:37:01,560 [INFO] Rule:228 - rule Rename CAN TimeSeg2 to BS2 is applicable
2024-02-11 13:37:01,560 [INFO] Rule:228 - rule Rename CAN SyncJumpWidth to SJW is applicable
2024-02-11 13:37:01,560 [INFO] Rule:228 - rule TimeTriggeredMode to TTCM is applicable
2024-02-11 13:37:01,560 [INFO] Rule:228 - rule Rename CAN AutoBusOff to ABOM is applicable
2024-02-11 13:37:01,560 [INFO] Rule:228 - rule Rename CAN AutoWakeUp to AWUM is applicable
2024-02-11 13:37:01,560 [INFO] Rule:228 - rule Rename CAN AutoRetransmission to NART is applicable
2024-02-11 13:37:01,560 [INFO] Rule:228 - rule Rename CAN ReceiveFifoLocked to RFLM is applicable
2024-02-11 13:37:01,560 [INFO] Rule:228 - rule Rename CAN TransmitFifoPriority to TXFP is applicable
2024-02-11 13:37:01,560 [INFO] Rule:228 - rule Rename HRTIMER HRTIM_OUTPUTFAULTLEVEL_HIGH in HRTIMER HRTIM_OUTPUTFAULTLEVEL_HIGHZ is applicable
2024-02-11 13:37:01,560 [INFO] Rule:228 - rule Rename TIMER TIM_CLEARINPUTSOURCE_OCREFCLR in  TIMER TIM_CLEARINPUTSOURCE_NONE for F7 family is applicable
2024-02-11 13:37:01,560 [INFO] Rule:228 - rule FDCAN_R1 - Rename FDCAN mode Master into Classic is applicable
2024-02-11 13:37:01,560 [INFO] Rule:228 - rule FDCAN_R2 - Rename FDCAN mode Slave into Classic is applicable
2024-02-11 13:37:01,560 [INFO] Rule:228 - rule FDCAN1_R3 - if PA10.Mode=FullDuplex, add Pin PA12 is applicable
2024-02-11 13:37:01,560 [INFO] Rule:228 - rule FDCAN1_R3 - if PA9.Mode=FullDuplex, add Pin PA11 is applicable
2024-02-11 13:37:01,560 [INFO] Rule:228 - rule FDCAN1_R3 - Alternatepin_1 - if PE1.Mode=FullDuplex, add Pin PB9 is applicable
2024-02-11 13:37:01,560 [INFO] Rule:228 - rule FDCAN1_R3 - Alternatepin_1 - if PE0.Mode=FullDuplex, add Pin PB8 is applicable
2024-02-11 13:37:01,560 [INFO] Rule:228 - rule FDCAN1_R3 - Alternatepin_2 - if PD5.Mode=FullDuplex, add Pin PD1 is applicable
2024-02-11 13:37:01,560 [INFO] Rule:228 - rule FDCAN1_R3 - Alternatepin_2 - if PD4.Mode=FullDuplex, add Pin PD0 is applicable
2024-02-11 13:37:01,560 [INFO] Rule:228 - rule FDCAN1_R4 - Rename Mode FullDuplex into Enable FDCAN_TXFD for pin PA10 is applicable
2024-02-11 13:37:01,560 [INFO] Rule:228 - rule FDCAN1_R4 - Rename Mode FullDuplex into Enable FDCAN_TXFD for pin PA9 is applicable
2024-02-11 13:37:01,560 [INFO] Rule:228 - rule FDCAN1_R4 - Alternatepin_1 - Rename Mode FullDuplex into Enable FDCAN_TXFD for pin PE1 is applicable
2024-02-11 13:37:01,560 [INFO] Rule:228 - rule FDCAN1_R4 - Alternatepin_1 - Rename Mode FullDuplex into Enable FDCAN_TXFD for pin PE0 is applicable
2024-02-11 13:37:01,560 [INFO] Rule:228 - rule FDCAN1_R4 - Alternatepin_2 - Rename Mode FullDuplex into Enable FDCAN_TXFD for pin PD5 is applicable
2024-02-11 13:37:01,560 [INFO] Rule:228 - rule FDCAN1_R4 - Alternatepin_2 - Rename Mode FullDuplex into Enable FDCAN_TXFD for pin PD4 is applicable
2024-02-11 13:37:01,560 [INFO] Rule:228 - rule FDCAN2_R3 - if PD10.Mode=FullDuplex, add Pin PB13 is applicable
2024-02-11 13:37:01,560 [INFO] Rule:228 - rule FDCAN2_R3 - if PD9.Mode=FullDuplex, add Pin PB12 is applicable
2024-02-11 13:37:01,560 [INFO] Rule:228 - rule FDCAN2_R3 - Alternatepin_1 - if PB7.Mode=FullDuplex, add Pin PB6 is applicable
2024-02-11 13:37:01,560 [INFO] Rule:228 - rule FDCAN2_R3 - Alternatepin_1 - if PD9.Mode=FullDuplex, add Pin PB12 is applicable
2024-02-11 13:37:01,561 [INFO] Rule:228 - rule FDCAN2_R4 - Rename Mode FullDuplex into Enable FDCAN_TXFD for pin PD10 is applicable
2024-02-11 13:37:01,561 [INFO] Rule:228 - rule FDCAN2_R4 - Rename Mode FullDuplex into Enable FDCAN_TXFD for pin PD9 is applicable
2024-02-11 13:37:01,561 [INFO] Rule:228 - rule FDCAN2_R4 - Alternatepin_1 - Rename Mode FullDuplex into Enable FDCAN_TXFD for pin PB7 is applicable
2024-02-11 13:37:01,561 [INFO] Rule:228 - rule FDCAN2_R4 - Alternatepin_1 - Rename Mode FullDuplex into Enable FDCAN_TXFD for pin PD6 is applicable
2024-02-11 13:37:01,561 [INFO] Rule:228 - rule USART TxPinLevelInvertParam Mode is applicable
2024-02-11 13:37:01,561 [INFO] Rule:228 - rule USART RxPinLevelInvertParam Mode is applicable
2024-02-11 13:37:01,561 [INFO] Rule:228 - rule USART DataInvertParam Mode is applicable
2024-02-11 13:37:01,561 [INFO] Rule:228 - rule USART SwapParam Mode is applicable
2024-02-11 13:37:01,561 [INFO] Rule:228 - rule USART OverrunDisableParam Mode is applicable
2024-02-11 13:37:01,561 [INFO] Rule:228 - rule USART DMADisableonRxErrorParam Mode is applicable
2024-02-11 13:37:01,561 [INFO] Rule:228 - rule USART MSBFirstParam Mode is applicable
2024-02-11 13:37:01,561 [INFO] Rule:228 - rule Update MwName for USB_DEVICE is applicable
2024-02-11 13:37:01,561 [INFO] Rule:228 - rule Change PWR_Regulator_Voltage_Scale Default Value for RCC  H7 family is applicable
2024-02-11 13:37:01,561 [INFO] Rule:228 - rule UART/USART IPParameter rename Prescaler parameter to ClockPrescaler is applicable
2024-02-11 13:37:01,561 [INFO] Rule:228 - rule UART/USART Prescaler rename Prescaler parameter to ClockPrescaler is applicable
2024-02-11 13:37:01,561 [INFO] Rule:228 - rule TIM1CLockSelection is applicable
2024-02-11 13:37:01,561 [INFO] Rule:228 - rule TIM15CLockSelection is applicable
2024-02-11 13:37:01,561 [INFO] Rule:228 - rule align RCC SDMMC3CLockSelection default value on MP1 is applicable
2024-02-11 13:37:01,561 [INFO] Rule:228 - rule align RCC SDMMC12CLockSelection default value on MP1 is applicable
2024-02-11 13:37:01,561 [INFO] Rule:228 - rule align RCC QSPICLockSelection default value on MP1 is applicable
2024-02-11 13:37:01,561 [INFO] Rule:228 - rule align RCC QSPICLockSelection default value on MP1 is applicable
2024-02-11 13:37:01,561 [INFO] Rule:228 - rule align RCC SPI6CLockSelection default value on MP1 is applicable
2024-02-11 13:37:01,561 [INFO] Rule:228 - rule align RCC LPTIM23CLockSelection default value on MP1 is applicable
2024-02-11 13:37:01,561 [INFO] Rule:228 - rule align RCC LPTIM1CLockSelection default value on MP1 is applicable
2024-02-11 13:37:01,561 [INFO] Rule:228 - rule align RCC USART1CLockSelection default value on MP1 is applicable
2024-02-11 13:37:01,561 [INFO] Rule:228 - rule align RCC USART24CLockSelection default value on MP1 is applicable
2024-02-11 13:37:01,561 [INFO] Rule:228 - rule align RCC USART6CLockSelection default value on MP1 is applicable
2024-02-11 13:37:01,561 [INFO] Rule:228 - rule align RCC UART78CLockSelection default value on MP1 is applicable
2024-02-11 13:37:01,561 [INFO] Rule:228 - rule align RCC USART35CLockSelection default value on MP1 is applicable
2024-02-11 13:37:01,561 [INFO] Rule:228 - rule align RCC SPI45CLockSelection default value on MP1 is applicable
2024-02-11 13:37:01,561 [INFO] Rule:228 - rule align RCC I2C46CLockSelection BCLK value on MP1 is applicable
2024-02-11 13:37:01,561 [INFO] Rule:228 - rule align RCC SPI45CLockSelection default value on MP1 is applicable
2024-02-11 13:37:01,561 [INFO] Rule:228 - rule align RCC I2C12CLockSelection default value on MP1 is applicable
2024-02-11 13:37:01,561 [INFO] Rule:228 - rule align RCC I2C35CLockSelection default value on MP1 is applicable
2024-02-11 13:37:01,561 [INFO] Rule:228 - rule align RCC LPTIM45CLockSelection default value on MP1 is applicable
2024-02-11 13:37:01,561 [INFO] Rule:228 - rule Rename DCMI PIXCK signal is applicable
2024-02-11 13:37:01,561 [INFO] Rule:228 - rule Change Default Value for I2C46CLockSelection MP1 family is applicable
2024-02-11 13:37:01,561 [INFO] Rule:228 - rule Change Default Value for UART for G4, G0 and WB families is applicable
2024-02-11 13:37:01,561 [INFO] Rule:228 - rule Change Default Value for USART for G4, G0 and WB families is applicable
2024-02-11 13:37:01,562 [INFO] Rule:228 - rule Change Default Value for USART for G4 family is applicable
2024-02-11 13:37:01,562 [INFO] Rule:228 - rule Change USART1CLockSelection refparam name for MP1 is applicable
2024-02-11 13:37:01,562 [INFO] Rule:228 - rule Change USART2CLockSelection refparam name for MP1 is applicable
2024-02-11 13:37:01,562 [INFO] Rule:228 - rule Change USART3CLockSelection refparam name for MP1 is applicable
2024-02-11 13:37:01,562 [INFO] Rule:228 - rule Change UART4CLockSelection refparam name for MP1 is applicable
2024-02-11 13:37:01,562 [INFO] Rule:228 - rule Change UART5CLockSelection refparam name for MP1 is applicable
2024-02-11 13:37:01,562 [INFO] Rule:228 - rule Change LPUART1CLockSelection refparam name for MP1 is applicable
2024-02-11 13:37:01,562 [INFO] Rule:228 - rule Change LPTIM1CLockSelection refparam name for MP1 is applicable
2024-02-11 13:37:01,562 [INFO] Rule:228 - rule Change LPTIM2CLockSelection refparam name for MP1 is applicable
2024-02-11 13:37:01,562 [INFO] Rule:228 - rule Change RCC_MCO1Source refparam name for MP1 is applicable
2024-02-11 13:37:01,562 [INFO] Rule:228 - rule Change LSCOSource1 refparam name for MP1 is applicable
2024-02-11 13:37:01,562 [INFO] Rule:228 - rule Change SMPSCLockSelection refparam name for MP1 is applicable
2024-02-11 13:37:01,562 [INFO] Rule:228 - rule Change LPTIM3CLockSelection refparam name for MP1 is applicable
2024-02-11 13:37:01,562 [INFO] Rule:228 - rule Change MPCBB* Default Template Mode to Parameters is applicable
2024-02-11 13:37:01,562 [INFO] Rule:228 - rule Change MPCWM* or MPCBB* Secure Mode to Parameters is applicable
2024-02-11 13:37:01,562 [INFO] Rule:228 - rule Change MPCWM* or MPCBB* No Secure Mode to Parameters is applicable
2024-02-11 13:37:01,562 [INFO] Rule:228 - rule Change TZSC IP Secure Mode to Parameters is applicable
2024-02-11 13:37:01,562 [INFO] Rule:228 - rule Change TZSC IP No Secure Mode to Parameters is applicable
2024-02-11 13:37:01,562 [INFO] Rule:228 - rule Change TZSC IP Privilege Mode to Parameters is applicable
2024-02-11 13:37:01,562 [INFO] Rule:228 - rule Change TZSC IP No Privilege Mode to Parameters is applicable
2024-02-11 13:37:01,562 [INFO] Rule:228 - rule Change TZIC IT Secure Mode to Parameters is applicable
2024-02-11 13:37:01,562 [INFO] Rule:228 - rule Change TZIC IT No Secure Mode to Parameters is applicable
2024-02-11 13:37:01,562 [INFO] Rule:228 - rule Add MPCBB1_NonSecureArea_Start_Address value with referenced to MPCBB1_NonSecureArea_Start value is applicable
2024-02-11 13:37:01,562 [INFO] Rule:228 - rule Add MPCBB2_NonSecureArea_Start_Address value with referenced to MPCBB2_NonSecureArea_Start value is applicable
2024-02-11 13:37:01,562 [INFO] Rule:228 - rule Add MPCWM1_NonSecureArea*_Start_Address value with referenced to MPCWM1_NonSecureArea*_Start value is applicable
2024-02-11 13:37:01,562 [INFO] Rule:228 - rule Add MPCWM2_NonSecureArea*_Start_Address value with referenced to MPCWM2_NonSecureArea*_Start value is applicable
2024-02-11 13:37:01,562 [INFO] Rule:228 - rule Add MPCWM3_NonSecureArea_Start_Address value with referenced to MPCWM3_NonSecureArea_Start value is applicable
2024-02-11 13:37:01,562 [INFO] Rule:228 - rule Change Default Value for PLL1UserDefinedConfig is applicable
2024-02-11 13:37:01,562 [INFO] Rule:228 - rule Change GPIO_PuPd Default Value for USART in async mode is applicable
2024-02-11 13:37:01,562 [INFO] Rule:228 - rule Change SMPSDivider Default Value is applicable
2024-02-11 13:37:01,562 [INFO] Rule:228 - rule OPAMP is applicable
2024-02-11 13:37:01,562 [INFO] Rule:228 - rule LPUART IPParameter rename Prescaler parameter to ClockPrescaler for STM32H7 is applicable
2024-02-11 13:37:01,562 [INFO] Rule:228 - rule LPUART IPParameter rename Prescaler parameter to ClockPrescaler for STM32H7 is applicable
2024-02-11 13:37:01,562 [INFO] Rule:228 - rule LPUART IPParameter rename Prescaler parameter to ClockPrescaler for STM32WB is applicable
2024-02-11 13:37:01,562 [INFO] Rule:228 - rule LPUART IPParameter rename Prescaler parameter to ClockPrescaler for STM32WB is applicable
2024-02-11 13:37:01,562 [INFO] Rule:228 - rule LPUART IPParameter rename Prescaler parameter to ClockPrescaler for STM32G4 is applicable
2024-02-11 13:37:01,562 [INFO] Rule:228 - rule LPUART IPParameter rename Prescaler parameter to ClockPrescaler for STM32G4 is applicable
2024-02-11 13:37:01,562 [INFO] Rule:228 - rule LPUART IPParameter rename Prescaler parameter to ClockPrescaler for STM32L5 is applicable
2024-02-11 13:37:01,562 [INFO] Rule:228 - rule LPUART IPParameter rename Prescaler parameter to ClockPrescaler for STM32L5 is applicable
2024-02-11 13:37:01,562 [INFO] Rule:228 - rule LPUART IPParameter rename Prescaler parameter to ClockPrescaler for STM32G4 is applicable
2024-02-11 13:37:01,562 [INFO] Rule:228 - rule LPUART IPParameter rename Prescaler parameter to ClockPrescaler for STM32G4 is applicable
2024-02-11 13:37:01,562 [INFO] Rule:228 - rule USB device lib V2.5.3 for L0 rename USBD_SUPPORT_USER_STRING parameter to USBD_SUPPORT_USER_STRING_DESC4 is applicable
2024-02-11 13:37:01,562 [INFO] Rule:228 - rule I2SCLockSelection clock entry align is applicable
2024-02-11 13:37:01,562 [INFO] Rule:228 - rule Assign TIMx context if used as SYS timebase is applicable
2024-02-11 13:37:01,563 [INFO] Rule:228 - rule Change GPIO_Pu Default Value for I2C is applicable
2024-02-11 13:37:01,563 [INFO] Rule:228 - rule Change GPIO_Pu Default Value for SMBus is applicable
2024-02-11 13:37:01,563 [INFO] Rule:228 - rule change FDCAN default value is applicable
2024-02-11 13:37:01,563 [INFO] Rule:228 - rule Change mode sai is applicable
2024-02-11 13:37:01,563 [INFO] Rule:228 - rule **Change sai mode is applicable
2024-02-11 13:37:01,563 [INFO] Rule:228 - rule Rename STM32WPAN CFG_BLE_IRK to CFG_BLE_IR is applicable
2024-02-11 13:37:01,563 [INFO] Rule:228 - rule Rename STM32WPAN CFG_BLE_ERK to CFG_BLE_ER is applicable
2024-02-11 13:37:01,563 [INFO] Rule:228 - rule Rename STM32WPAN CFG_BLE_IRK_HEX to CFG_BLE_IR_HEX is applicable
2024-02-11 13:37:01,563 [INFO] Rule:228 - rule Rename STM32WPAN CFG_BLE_ERK_HEX to CFG_BLE_ER_HEX is applicable
2024-02-11 13:37:01,571 [INFO] DbConfProperties:307 - Apply Compatibility (49/262 Rules)
2024-02-11 13:37:01,592 [INFO] ImportTextPane:194 - (OptionalMessage_ERROR) Unable to find key (Mcu.ThirdPartyNb) in loaded IOC file
2024-02-11 13:37:01,719 [INFO] RtosManager:555 - Registered RTOS mode: class=CMSIS, group=RTOS, mode=CMSIS_V1, owner=FREERTOS
2024-02-11 13:37:01,720 [INFO] RtosManager:555 - Registered RTOS mode: class=CMSIS, group=RTOS2, mode=CMSIS_V2, owner=FREERTOS
2024-02-11 13:37:01,720 [INFO] RtosManager:555 - Registered RTOS mode: class=RTOS, group=Core, mode=CMSIS_V1, owner=FREERTOS
2024-02-11 13:37:01,720 [INFO] RtosManager:555 - Registered RTOS mode: class=RTOS, group=Core, mode=CMSIS_V2, owner=FREERTOS
2024-02-11 13:37:01,720 [WARN] ModelIntegratedComponent:184 - Missing modes for component STMicroelectronics:FreeRTOS:0.0.1:STMicroelectronics:RTOS:FreeRTOS:Core:::10.2.0:
2024-02-11 13:37:01,737 [WARN] ModelIntegratedComponent:63 - No mode defined for component null
2024-02-11 13:37:01,737 [WARN] ModelIntegratedComponent:63 - No mode defined for component null
2024-02-11 13:37:01,737 [WARN] ModelIntegratedComponent:63 - No mode defined for component null
2024-02-11 13:37:01,737 [WARN] ModelIntegratedComponent:63 - No mode defined for component null
2024-02-11 13:37:01,737 [WARN] ModelIntegratedComponent:63 - No mode defined for component null
2024-02-11 13:37:01,737 [WARN] ModelIntegratedComponent:63 - No mode defined for component null
2024-02-11 13:37:01,737 [WARN] ModelIntegratedComponent:63 - No mode defined for component null
2024-02-11 13:37:01,737 [WARN] ModelIntegratedComponent:63 - No mode defined for component null
2024-02-11 13:37:01,737 [WARN] ModelIntegratedComponent:63 - No mode defined for component null
2024-02-11 13:37:01,737 [WARN] ModelIntegratedComponent:63 - No mode defined for component null
2024-02-11 13:37:01,737 [WARN] ModelIntegratedComponent:63 - No mode defined for component null
2024-02-11 13:37:01,737 [WARN] ModelIntegratedComponent:63 - No mode defined for component null
2024-02-11 13:37:01,737 [WARN] ModelIntegratedComponent:63 - No mode defined for component null
2024-02-11 13:37:01,737 [WARN] ModelIntegratedComponent:63 - No mode defined for component null
2024-02-11 13:37:01,737 [WARN] ModelIntegratedComponent:63 - No mode defined for component null
2024-02-11 13:37:01,737 [WARN] ModelIntegratedComponent:63 - No mode defined for component null
2024-02-11 13:37:01,737 [WARN] ModelIntegratedComponent:63 - No mode defined for component null
2024-02-11 13:37:01,737 [WARN] ModelIntegratedComponent:63 - No mode defined for component null
2024-02-11 13:37:01,737 [WARN] ModelIntegratedComponent:63 - No mode defined for component null
2024-02-11 13:37:01,737 [WARN] ModelIntegratedComponent:63 - No mode defined for component null
2024-02-11 13:37:01,737 [WARN] ModelIntegratedComponent:63 - No mode defined for component null
2024-02-11 13:37:01,737 [WARN] ModelIntegratedComponent:63 - No mode defined for component null
2024-02-11 13:37:01,737 [WARN] ModelIntegratedComponent:63 - No mode defined for component null
2024-02-11 13:37:01,737 [WARN] ModelIntegratedComponent:63 - No mode defined for component null
2024-02-11 13:37:01,737 [WARN] ModelIntegratedComponent:63 - No mode defined for component null
2024-02-11 13:37:01,737 [WARN] ModelIntegratedComponent:63 - No mode defined for component null
2024-02-11 13:37:01,737 [WARN] ModelIntegratedComponent:63 - No mode defined for component null
2024-02-11 13:37:01,737 [WARN] ModelIntegratedComponent:63 - No mode defined for component null
2024-02-11 13:37:01,737 [WARN] ModelIntegratedComponent:63 - No mode defined for component null
2024-02-11 13:37:01,737 [WARN] ModelIntegratedComponent:63 - No mode defined for component null
2024-02-11 13:37:01,737 [WARN] ModelIntegratedComponent:63 - No mode defined for component null
2024-02-11 13:37:01,737 [WARN] ModelIntegratedComponent:63 - No mode defined for component null
2024-02-11 13:37:01,737 [WARN] ModelIntegratedComponent:63 - No mode defined for component null
2024-02-11 13:37:01,883 [INFO] ThirdPartyModel:298 - Start build external matchings
2024-02-11 13:37:02,152 [INFO] ThirdPartyModel:316 - End build external matchings
2024-02-11 13:37:02,161 [INFO] ImportTextPane:194 - (OptionalMessage_ERROR) IP (RCC) : Invalid parameter (48MHZClocksFreq_Value)
2024-02-11 13:37:02,162 [INFO] ImportTextPane:194 - (OptionalMessage_ERROR) IP (RCC) : Invalid parameter (EthernetFreq_Value)
2024-02-11 13:37:02,163 [INFO] ImportTextPane:194 - (OptionalMessage_ERROR) IP (RCC) : Parameter (FLatency) has Id (AdvancedSettings) currently not set
2024-02-11 13:37:02,164 [INFO] ImportTextPane:194 - (OptionalMessage_ERROR) IP (RCC) : Invalid parameter (FamilyName)
2024-02-11 13:37:02,164 [INFO] ImportTextPane:194 - (OptionalMessage_ERROR) IP (RCC) : Invalid parameter (I2SClocksFreq_Value)
2024-02-11 13:37:02,165 [INFO] ImportTextPane:194 - (OptionalMessage_ERROR) IP (RCC) : Parameter (SDIOFreq_Value) has invalid value (168000000)
2024-02-11 13:37:02,165 [INFO] ImportTextPane:194 - (OptionalMessage_ERROR) IP (RCC) : Parameter (USBFreq_Value) has invalid value (168000000)
2024-02-11 13:37:02,166 [INFO] ImportTextPane:194 - (OptionalMessage_ERROR) IP (RCC) : Invalid parameter (VCOInputMFreq_Value)
2024-02-11 13:37:02,166 [INFO] ImportTextPane:194 - (OptionalMessage_ERROR) IP (RCC) : Invalid parameter (VcooutputI2S)
2024-02-11 13:37:02,505 [INFO] UtilMem:75 - End LoadConfig() Used Memory: 557923184 Bytes (912261120)
2024-02-11 13:37:02,609 [INFO] MicroXplorer:468 - Change Database Path : 
2024-02-11 13:37:02,610 [INFO] MicroXplorer:498 - Change Database Version : DB.6.0.100
2024-02-11 13:37:02,610 [WARN] ThirdParty:833 - waiting for thirdparty lock release [change project]
2024-02-11 13:37:02,610 [INFO] ThirdParty:835 - entering critical section [change project]
2024-02-11 13:37:02,610 [INFO] ThirdParty:1030 - CMSIS Pack Vendor :STMicroelectronics X-CUBE-ISPU 1.1.0
2024-02-11 13:37:02,610 [INFO] ThirdParty:1030 - CMSIS Pack Vendor :STMicroelectronics USBPD 4.1
2024-02-11 13:37:02,610 [INFO] ThirdParty:1030 - CMSIS Pack Vendor :STMicroelectronics X-CUBE-GNSS1 6.0.0
2024-02-11 13:37:02,610 [INFO] ThirdParty:1030 - CMSIS Pack Vendor :STMicroelectronics USB_HOST 2.0.0
2024-02-11 13:37:02,610 [INFO] ThirdParty:1030 - CMSIS Pack Vendor :STMicroelectronics X-CUBE-AZRTOS-F4 1.1.0
2024-02-11 13:37:02,610 [INFO] ThirdParty:1030 - CMSIS Pack Vendor :STMicroelectronics LIBJPEG 8.0.0
2024-02-11 13:37:02,610 [INFO] ThirdParty:1030 - CMSIS Pack Vendor :wolfSSL I-CUBE-wolfSSL 5.6.3
2024-02-11 13:37:02,610 [INFO] ThirdParty:1030 - CMSIS Pack Vendor :STMicroelectronics X-CUBE-SMBUS 2.1.0
2024-02-11 13:37:02,611 [INFO] ThirdParty:1030 - CMSIS Pack Vendor :STMicroelectronics USB_DEVICE 3.0.0
2024-02-11 13:37:02,611 [INFO] ThirdParty:1030 - CMSIS Pack Vendor :STMicroelectronics X-CUBE-AZRTOS-WB 2.0.0
2024-02-11 13:37:02,611 [INFO] ThirdParty:1030 - CMSIS Pack Vendor :STMicroelectronics X-CUBE-TOUCHGFX 4.23.0
2024-02-11 13:37:02,611 [INFO] ThirdParty:1030 - CMSIS Pack Vendor :STMicroelectronics X-CUBE-AZRTOS-F7 1.1.0
2024-02-11 13:37:02,611 [INFO] ThirdParty:1030 - CMSIS Pack Vendor :STMicroelectronics X-CUBE-AZRTOS-L5 2.0.0
2024-02-11 13:37:02,611 [INFO] ThirdParty:1030 - CMSIS Pack Vendor :STMicroelectronics USB_DEVICE 2.0.0
2024-02-11 13:37:02,611 [INFO] ThirdParty:1030 - CMSIS Pack Vendor :STMicroelectronics X-CUBE-EEPRMA1 4.2.0
2024-02-11 13:37:02,611 [INFO] ThirdParty:1030 - CMSIS Pack Vendor :ITTIA_DB I-CUBE-ITTIADB 8.8.0
2024-02-11 13:37:02,611 [INFO] ThirdParty:1030 - CMSIS Pack Vendor :STMicroelectronics FP-SNS-MOTENV1 4.3.2
2024-02-11 13:37:02,611 [INFO] ThirdParty:1030 - CMSIS Pack Vendor :STMicroelectronics X-CUBE-ALGOBUILD 1.3.0
2024-02-11 13:37:02,611 [INFO] ThirdParty:1030 - CMSIS Pack Vendor :STMicroelectronics FreeRTOS 0.0.1
2024-02-11 13:37:02,611 [INFO] ThirdParty:1030 - CMSIS Pack Vendor :STMicroelectronics X-CUBE-AZRTOS-G0 1.1.0
2024-02-11 13:37:02,611 [INFO] ThirdParty:1030 - CMSIS Pack Vendor :STMicroelectronics X-CUBE-BLEMGR 2.0.0
2024-02-11 13:37:02,611 [INFO] ThirdParty:1030 - CMSIS Pack Vendor :STMicroelectronics X-CUBE-NFC4 3.0.0
2024-02-11 13:37:02,611 [INFO] ThirdParty:1030 - CMSIS Pack Vendor :STMicroelectronics X-CUBE-SUBG2 5.0.0
2024-02-11 13:37:02,611 [INFO] ThirdParty:1030 - CMSIS Pack Vendor :STMicroelectronics STM32_WPAN 1.0.0
2024-02-11 13:37:02,611 [INFO] ThirdParty:1030 - CMSIS Pack Vendor :STMicroelectronics lwIP 2.0.3
2024-02-11 13:37:02,611 [INFO] ThirdParty:1030 - CMSIS Pack Vendor :STMicroelectronics FP-SNS-FLIGHT1 5.0.2
2024-02-11 13:37:02,611 [INFO] ThirdParty:1030 - CMSIS Pack Vendor :STMicroelectronics USB_HOST 1.0.0
2024-02-11 13:37:02,611 [INFO] ThirdParty:1030 - CMSIS Pack Vendor :STMicroelectronics X-CUBE-TOF1 3.3.1
2024-02-11 13:37:02,611 [INFO] ThirdParty:1030 - CMSIS Pack Vendor :STMicroelectronics X-CUBE-AZRTOS-G4 2.0.0
2024-02-11 13:37:02,611 [INFO] ThirdParty:1030 - CMSIS Pack Vendor :STMicroelectronics PDM2PCM 3.1.0
2024-02-11 13:37:02,611 [INFO] ThirdParty:1030 - CMSIS Pack Vendor :STMicroelectronics X-CUBE-AZRTOS-H7 3.1.0
2024-02-11 13:37:02,611 [INFO] ThirdParty:1030 - CMSIS Pack Vendor :Infineon AIROC-Wi-Fi-Bluetooth-STM32 1.5.1
2024-02-11 13:37:02,611 [INFO] ThirdParty:1030 - CMSIS Pack Vendor :STMicroelectronics X-CUBE-BLEMGR 3.0.0
2024-02-11 13:37:02,611 [INFO] ThirdParty:1030 - CMSIS Pack Vendor :STMicroelectronics PDM2PCM 3.3.0
2024-02-11 13:37:02,611 [INFO] ThirdParty:1030 - CMSIS Pack Vendor :STMicroelectronics X-CUBE-DISPLAY 3.0.0
2024-02-11 13:37:02,611 [INFO] ThirdParty:1030 - CMSIS Pack Vendor :STMicroelectronics FP-SNS-MOTENVWB1 1.3.0
2024-02-11 13:37:02,611 [INFO] ThirdParty:1030 - CMSIS Pack Vendor :STMicroelectronics FP-SNS-MOTENVWB1 1.3.1
2024-02-11 13:37:02,611 [INFO] ThirdParty:1030 - CMSIS Pack Vendor :STMicroelectronics X-CUBE-BLE1 7.0.0
2024-02-11 13:37:02,611 [INFO] ThirdParty:1030 - CMSIS Pack Vendor :STMicroelectronics FP-ATR-SIGFOX1 3.2.0
2024-02-11 13:37:02,611 [INFO] ThirdParty:1030 - CMSIS Pack Vendor :STMicroelectronics X-CUBE-ISPU 2.0.0
2024-02-11 13:37:02,611 [INFO] ThirdParty:1030 - CMSIS Pack Vendor :STMicroelectronics X-CUBE-EEPRMA1 5.1.0
2024-02-11 13:37:02,611 [INFO] ThirdParty:1030 - CMSIS Pack Vendor :STMicroelectronics HAL Drivers 0.0.0
2024-02-11 13:37:02,611 [INFO] ThirdParty:1030 - CMSIS Pack Vendor :STMicroelectronics MBEDTLS 2.16.2
2024-02-11 13:37:02,611 [INFO] ThirdParty:1030 - CMSIS Pack Vendor :emotas I-CUBE-CANOPEN 1.3.0
2024-02-11 13:37:02,611 [INFO] ThirdParty:1030 - CMSIS Pack Vendor :STMicroelectronics X-CUBE-MEMS1 10.0.0
2024-02-11 13:37:02,611 [INFO] ThirdParty:1030 - CMSIS Pack Vendor :STMicroelectronics X-CUBE-FREERTOS 1.1.0
2024-02-11 13:37:02,611 [INFO] ThirdParty:1030 - CMSIS Pack Vendor :STMicroelectronics X-CUBE-NFC7 1.0.1
2024-02-11 13:37:02,611 [INFO] ThirdParty:1030 - CMSIS Pack Vendor :STMicroelectronics MBEDTLS 2.14.1
2024-02-11 13:37:02,611 [INFO] ThirdParty:1030 - CMSIS Pack Vendor :STMicroelectronics X-CUBE-TOUCHGFX 4.22.1
2024-02-11 13:37:02,611 [INFO] ThirdParty:1030 - CMSIS Pack Vendor :STMicroelectronics X-CUBE-NFC6 3.0.0
2024-02-11 13:37:02,611 [INFO] ThirdParty:1030 - CMSIS Pack Vendor :STMicroelectronics X-CUBE-EEPRMA1 4.1.0
2024-02-11 13:37:02,611 [INFO] ThirdParty:1030 - CMSIS Pack Vendor :portGmbH I-Cube-SoM-uGOAL 1.1.0
2024-02-11 13:37:02,611 [INFO] ThirdParty:1030 - CMSIS Pack Vendor :STMicroelectronics X-CUBE-ALS 1.0.1
2024-02-11 13:37:02,611 [INFO] ThirdParty:1030 - CMSIS Pack Vendor :STMicroelectronics ThreadX 1.0.0
2024-02-11 13:37:02,611 [INFO] ThirdParty:1030 - CMSIS Pack Vendor :STMicroelectronics FP-SNS-SMARTAG2 1.2.0
2024-02-11 13:37:02,611 [INFO] ThirdParty:1030 - CMSIS Pack Vendor :STMicroelectronics X-CUBE-AZRTOS-WL 2.0.0
2024-02-11 13:37:02,611 [INFO] ThirdParty:1030 - CMSIS Pack Vendor :SEGGER I-CUBE-embOS 1.3.1
2024-02-11 13:37:02,611 [INFO] ThirdParty:1030 - CMSIS Pack Vendor :STMicroelectronics USB_DEVICE 1.0.0
2024-02-11 13:37:02,611 [INFO] ThirdParty:1030 - CMSIS Pack Vendor :STMicroelectronics X-CUBE-AI 8.1.0
2024-02-11 13:37:02,611 [INFO] ThirdParty:1030 - CMSIS Pack Vendor :STMicroelectronics X-CUBE-AZRTOS-L4 2.0.0
2024-02-11 13:37:02,611 [INFO] ThirdParty:1030 - CMSIS Pack Vendor :STMicroelectronics ThreadX 0.0.2
2024-02-11 13:37:02,611 [INFO] ThirdParty:1030 - CMSIS Pack Vendor :WES I-CUBE-Cesium 1.3.0
2024-02-11 13:37:02,611 [INFO] ThirdParty:1030 - CMSIS Pack Vendor :STMicroelectronics FP-ATR-ASTRA1 2.0.0
2024-02-11 13:37:02,611 [INFO] ThirdParty:1030 - CMSIS Pack Vendor :STMicroelectronics lwIP 2.1.2
2024-02-11 13:37:02,611 [INFO] ThirdParty:1030 - CMSIS Pack Vendor :STMicroelectronics X-CUBE-SFXS2LP1 4.0.0
2024-02-11 13:37:02,611 [INFO] ThirdParty:1030 - CMSIS Pack Vendor :STMicroelectronics X-CUBE-BLE2 3.3.0
2024-02-11 13:37:02,611 [INFO] ThirdParty:1030 - CMSIS Pack Vendor :STMicroelectronics X-CUBE-TOF1 3.4.0
2024-02-11 13:37:02,611 [INFO] ThirdParty:1030 - CMSIS Pack Vendor :STMicroelectronics X-CUBE-AZRTOS-H7 3.2.0
2024-02-11 13:37:02,611 [INFO] ThirdParty:1030 - CMSIS Pack Vendor :STMicroelectronics PDM2PCM 3.2.0
2024-02-11 13:37:02,611 [INFO] ThirdParty:841 - exiting critical section [change project]
2024-02-11 13:37:02,946 [INFO] PinOutPanel:1499 - setPackage(No Configuration,No Configuration)
2024-02-11 13:37:02,948 [INFO] PinOutPanel:1499 - setPackage(STM32F446RETx,LQFP64)
2024-02-11 13:37:03,554 [INFO] UtilMem:75 - Before build in PCC Used Memory: 496357864 Bytes (912261120)
2024-02-11 13:37:04,867 [INFO] UtilMem:75 - After build in PCC Used Memory: 710529080 Bytes (912261120)
2024-02-11 13:37:04,893 [INFO] IPUIPlugin:80 - create IPUIPlugin
2024-02-11 13:37:04,894 [INFO] IPUIPlugin:80 - create IPUIPlugin
2024-02-11 13:37:04,894 [INFO] IPUIPlugin:80 - create IPUIPlugin
2024-02-11 13:37:04,894 [INFO] IPUIPlugin:80 - create IPUIPlugin
2024-02-11 13:37:04,894 [INFO] IPUIPlugin:80 - create IPUIPlugin
2024-02-11 13:37:04,894 [INFO] IPUIPlugin:80 - create IPUIPlugin
2024-02-11 13:37:04,894 [INFO] IPUIPlugin:80 - create IPUIPlugin
2024-02-11 13:37:04,894 [INFO] IPUIPlugin:80 - create IPUIPlugin
2024-02-11 13:37:04,894 [INFO] IPUIPlugin:80 - create IPUIPlugin
2024-02-11 13:37:04,894 [INFO] IPUIPlugin:80 - create IPUIPlugin
2024-02-11 13:37:04,894 [INFO] IPUIPlugin:80 - create IPUIPlugin
2024-02-11 13:37:04,894 [INFO] IPUIPlugin:80 - create IPUIPlugin
2024-02-11 13:37:04,894 [INFO] IPUIPlugin:80 - create IPUIPlugin
2024-02-11 13:37:04,896 [INFO] IPUIPlugin:80 - create IPUIPlugin
2024-02-11 13:37:04,896 [INFO] IPUIPlugin:80 - create IPUIPlugin
2024-02-11 13:37:04,896 [INFO] IPUIPlugin:80 - create IPUIPlugin
2024-02-11 13:37:04,896 [INFO] IPUIPlugin:80 - create IPUIPlugin
2024-02-11 13:37:04,896 [INFO] IPUIPlugin:80 - create IPUIPlugin
2024-02-11 13:37:04,896 [INFO] IPUIPlugin:80 - create IPUIPlugin
2024-02-11 13:37:04,896 [INFO] IPUIPlugin:80 - create IPUIPlugin
2024-02-11 13:37:04,896 [INFO] IPUIPlugin:80 - create IPUIPlugin
2024-02-11 13:37:04,896 [INFO] IPUIPlugin:80 - create IPUIPlugin
2024-02-11 13:37:04,896 [INFO] IPUIPlugin:80 - create IPUIPlugin
2024-02-11 13:37:04,896 [INFO] IPUIPlugin:80 - create IPUIPlugin
2024-02-11 13:37:04,896 [INFO] IPUIPlugin:80 - create IPUIPlugin
2024-02-11 13:37:04,896 [INFO] IPUIPlugin:80 - create IPUIPlugin
2024-02-11 13:37:04,897 [INFO] IPUIPlugin:80 - create IPUIPlugin
2024-02-11 13:37:04,897 [INFO] IPUIPlugin:80 - create IPUIPlugin
2024-02-11 13:37:04,897 [INFO] IPUIPlugin:80 - create IPUIPlugin
2024-02-11 13:37:04,897 [INFO] IPUIPlugin:80 - create IPUIPlugin
2024-02-11 13:37:04,897 [INFO] IPUIPlugin:80 - create IPUIPlugin
2024-02-11 13:37:04,897 [INFO] IPUIPlugin:80 - create IPUIPlugin
2024-02-11 13:37:04,897 [INFO] IPUIPlugin:80 - create IPUIPlugin
2024-02-11 13:37:04,897 [INFO] IPUIPlugin:80 - create IPUIPlugin
2024-02-11 13:37:04,897 [INFO] IPUIPlugin:80 - create IPUIPlugin
2024-02-11 13:37:04,897 [INFO] IPUIPlugin:80 - create IPUIPlugin
2024-02-11 13:37:04,897 [INFO] IPUIPlugin:80 - create IPUIPlugin
2024-02-11 13:37:04,898 [INFO] IPUIPlugin:80 - create IPUIPlugin
2024-02-11 13:37:04,898 [INFO] IPUIPlugin:80 - create IPUIPlugin
2024-02-11 13:37:04,898 [INFO] IPUIPlugin:80 - create IPUIPlugin
2024-02-11 13:37:04,898 [INFO] IPUIPlugin:80 - create IPUIPlugin
2024-02-11 13:37:04,898 [INFO] IPUIPlugin:80 - create IPUIPlugin
2024-02-11 13:37:04,898 [INFO] IPUIPlugin:80 - create IPUIPlugin
2024-02-11 13:37:04,898 [INFO] IPUIPlugin:80 - create IPUIPlugin
2024-02-11 13:37:04,898 [INFO] IPUIPlugin:80 - create IPUIPlugin
2024-02-11 13:37:04,898 [INFO] IPUIPlugin:80 - create IPUIPlugin
2024-02-11 13:37:04,898 [INFO] IPUIPlugin:80 - create IPUIPlugin
2024-02-11 13:37:04,899 [INFO] IPUIPlugin:80 - create IPUIPlugin
2024-02-11 13:37:04,899 [INFO] IPUIPlugin:80 - create IPUIPlugin
2024-02-11 13:37:04,899 [INFO] IPUIPlugin:80 - create IPUIPlugin
2024-02-11 13:37:04,899 [INFO] IPUIPlugin:80 - create IPUIPlugin
2024-02-11 13:37:04,900 [INFO] IPUIPlugin:80 - create IPUIPlugin
2024-02-11 13:37:04,900 [INFO] IPUIPlugin:80 - create IPUIPlugin
2024-02-11 13:37:04,900 [INFO] IPUIPlugin:80 - create IPUIPlugin
2024-02-11 13:37:04,900 [INFO] IPUIPlugin:80 - create IPUIPlugin
2024-02-11 13:37:04,900 [INFO] IPUIPlugin:80 - create IPUIPlugin
2024-02-11 13:37:04,900 [INFO] IPUIPlugin:80 - create IPUIPlugin
2024-02-11 13:37:04,901 [INFO] IPUIPlugin:80 - create IPUIPlugin
2024-02-11 13:37:04,902 [INFO] IPUIPlugin:80 - create IPUIPlugin
2024-02-11 13:37:04,902 [INFO] IPUIPlugin:80 - create IPUIPlugin
2024-02-11 13:37:05,099 [INFO] ApiDbMcu:508 - Load IP Config File for PDM2PCM
2024-02-11 13:37:05,301 [INFO] CADModel:165 - CPN selected for project levelSTM32F446RET6
2024-02-11 13:37:05,301 [INFO] CADModel:114 - Register for checkConnection events
2024-02-11 13:37:05,350 [INFO] OpenFileManager:343 - Restore cursor
2024-02-11 13:37:07,014 [INFO] UtilMem:75 - End SaveConfig() Used Memory: 563755112 Bytes (912261120)
2024-02-11 13:37:07,090 [INFO] UtilMem:75 - End SaveConfig() Used Memory: 585530656 Bytes (912261120)
2024-02-11 13:37:07,424 [INFO] BlockDiagram:2759 - set Specific Code input for plugin: SYS
2024-02-11 13:37:07,424 [INFO] BlockDiagram:2759 - set Specific Code input for plugin: RCC
2024-02-11 13:37:07,424 [INFO] BlockDiagram:2759 - set Specific Code input for plugin: NVIC
2024-02-11 13:37:07,424 [INFO] BlockDiagram:2759 - set Specific Code input for plugin: USART
2024-02-11 13:37:07,424 [INFO] BlockDiagram:2759 - set Specific Code input for plugin: GPIO
2024-02-11 13:37:07,425 [INFO] CodeGenerator:807 - code generatio: config db path: C:\ST\STM32CubeIDE_1.14.0\STM32CubeIDE\plugins\com.st.stm32cube.common.mx_6.10.0.202311202037\\db\
2024-02-11 13:37:07,761 [INFO] CodeEngine:255 - oldGeneratedFile, C:\Users\mizun\Documents\GitHub\2024_Oidengiken\cubeIDE\try2\try3\MXTmpFiles\license.tmp_save
2024-02-11 13:37:08,150 [INFO] CodeEngine:279 - Generated code: C:\Users\mizun\Documents\GitHub\2024_Oidengiken\cubeIDE\try2\try3\MXTmpFiles\license.tmp
2024-02-11 13:37:08,228 [INFO] CodeEngine:255 - oldGeneratedFile, C:\Users\mizun\Documents\GitHub\2024_Oidengiken\cubeIDE\try2\try3\MXTmpFiles\gpio.tmp_save
2024-02-11 13:37:08,381 [INFO] CodeEngine:279 - Generated code: C:\Users\mizun\Documents\GitHub\2024_Oidengiken\cubeIDE\try2\try3\MXTmpFiles\gpio.tmp
2024-02-11 13:37:08,505 [INFO] CodeEngine:255 - oldGeneratedFile, C:\Users\mizun\Documents\GitHub\2024_Oidengiken\cubeIDE\try2\try3\Core\Src\stm32f4xx_it.c_save
2024-02-11 13:37:08,740 [INFO] CodeEngine:279 - Generated code: C:\Users\mizun\Documents\GitHub\2024_Oidengiken\cubeIDE\try2\try3\Core\Src\stm32f4xx_it.c
2024-02-11 13:37:08,762 [INFO] CodeEngine:255 - oldGeneratedFile, C:\Users\mizun\Documents\GitHub\2024_Oidengiken\cubeIDE\try2\try3\Core\Inc\stm32f4xx_it.h_save
2024-02-11 13:37:08,880 [INFO] CodeEngine:279 - Generated code: C:\Users\mizun\Documents\GitHub\2024_Oidengiken\cubeIDE\try2\try3\Core\Inc\stm32f4xx_it.h
2024-02-11 13:37:08,904 [INFO] CodeEngine:255 - oldGeneratedFile, C:\Users\mizun\Documents\GitHub\2024_Oidengiken\cubeIDE\try2\try3\Core\Src\stm32f4xx_hal_msp.c_save
2024-02-11 13:37:09,064 [INFO] CodeEngine:279 - Generated code: C:\Users\mizun\Documents\GitHub\2024_Oidengiken\cubeIDE\try2\try3\Core\Src\stm32f4xx_hal_msp.c
2024-02-11 13:37:09,076 [INFO] CodeEngine:255 - oldGeneratedFile, C:\Users\mizun\Documents\GitHub\2024_Oidengiken\cubeIDE\try2\try3\MXTmpFiles\system.tmp_save
2024-02-11 13:37:09,149 [INFO] CodeEngine:279 - Generated code: C:\Users\mizun\Documents\GitHub\2024_Oidengiken\cubeIDE\try2\try3\MXTmpFiles\system.tmp
2024-02-11 13:37:09,167 [INFO] CodeEngine:311 - oldGeneratedFile, C:\Users\mizun\Documents\GitHub\2024_Oidengiken\cubeIDE\try2\try3\Core\Inc\stm32f4xx_hal_conf.h_save
2024-02-11 13:37:09,291 [INFO] CodeEngine:335 - Generated code: C:\Users\mizun\Documents\GitHub\2024_Oidengiken\cubeIDE\try2\try3\Core\Inc\stm32f4xx_hal_conf.h
2024-02-11 13:37:09,325 [WARN] IPConfigManager:2946 - Warning: the RefConfig PLL2P_FOR_MCO is not available in your config.xml file
2024-02-11 13:37:09,346 [INFO] CodeEngine:255 - oldGeneratedFile, C:\Users\mizun\Documents\GitHub\2024_Oidengiken\cubeIDE\try2\try3\Core\Inc\main.h_save
2024-02-11 13:37:09,456 [INFO] CodeEngine:279 - Generated code: C:\Users\mizun\Documents\GitHub\2024_Oidengiken\cubeIDE\try2\try3\Core\Inc\main.h
2024-02-11 13:37:09,468 [INFO] CodeEngine:255 - oldGeneratedFile, C:\Users\mizun\Documents\GitHub\2024_Oidengiken\cubeIDE\try2\try3\Core\Src\main.c_save
2024-02-11 13:37:09,617 [INFO] CodeEngine:279 - Generated code: C:\Users\mizun\Documents\GitHub\2024_Oidengiken\cubeIDE\try2\try3\Core\Src\main.c
2024-02-11 13:37:10,108 [INFO] ProjectBuilder:3076 - Time for Copy HAL[1] : 193mS.
2024-02-11 13:37:10,113 [INFO] ProjectBuilder:4485 - Project Generator version: 4.2.0-B44
2024-02-11 13:37:10,302 [INFO] ConfigFileManager:1495 - The Die is : DIE421
2024-02-11 13:37:10,320 [INFO] ApiDbMcu:508 - Load IP Config File for FATFS
2024-02-11 13:37:10,336 [INFO] ApiDbMcu:508 - Load IP Config File for FREERTOS
2024-02-11 13:37:10,347 [INFO] ApiDbMcu:508 - Load IP Config File for LIBJPEG
2024-02-11 13:37:10,365 [INFO] ApiDbMcu:508 - Load IP Config File for MBEDTLS
2024-02-11 13:37:10,383 [INFO] ApiDbMcu:508 - Load IP Config File for USB_DEVICE
2024-02-11 13:37:10,395 [INFO] ApiDbMcu:508 - Load IP Config File for USB_HOST
2024-02-11 13:37:11,249 [INFO] LogOutputStream:77 - [STDOUT_REDIRECT] 
2024-02-11 13:37:14,108 [INFO] ProjectBuilder:4747 - Time for Generating toolchain IDE Files: 3994mS.
2024-02-11 13:37:14,108 [INFO] ProjectBuilder:2947 - Time for Copy CMSIS : 0mS.
2024-02-11 13:37:14,111 [INFO] ProjectBuilder:2947 - Time for Copy CMSIS : 0mS.
2024-02-11 13:37:14,930 [INFO] McuFinderGlobals:76 - Set McuFinderConnectedMode to true
2024-02-11 13:37:14,934 [INFO] ApiDb:448 - Save user favorites file C:\Users\mizun/.stm32cubeide/favorites.mcus.txt: 2 item(s)
2024-02-11 13:37:14,934 [INFO] ApiDb:452 - User favorites MCUs=[STM32F303C8T6, STM32F446RET6]
2024-02-11 13:37:14,937 [INFO] ApiDb:448 - Save user favorites file C:\Users\mizun/.stm32cubeide/favorites.boards.txt: 3 item(s)
2024-02-11 13:37:14,937 [INFO] ApiDb:452 - User favorites Boards=[NUCLEO-F303K8, NUCLEO-F446RE, NUCLEO-L412RB-P]
2024-02-11 14:03:46,873 [ERROR] LogOutputStream:75 - [STDERR_REDIRECT] 
2024-02-11 14:03:54,098 [INFO] Activator:176 - 


2024-02-11 14:03:54,099 [INFO] Activator:177 - !SESSION log4j initialized
2024-02-11 14:03:57,628 [INFO] LogOutputStream:77 - [STDOUT_REDIRECT] 
2024-02-11 14:03:58,574 [INFO] ApplicationProperties:184 - Using Application install path: C:\ST\STM32CubeIDE_1.14.0\STM32CubeIDE\plugins\com.st.stm32cube.common.mx_6.10.0.202311202037
2024-02-11 14:03:58,590 [INFO] DbMcusXml:78 - Set database path to: C:\ST\STM32CubeIDE_1.14.0\STM32CubeIDE\plugins\com.st.stm32cube.common.mx_6.10.0.202311202037\\db\/mcu/
2024-02-11 14:03:58,590 [INFO] ApiDb:274 - Set plugin database path to: C:\ST\STM32CubeIDE_1.14.0\STM32CubeIDE\plugins\com.st.stm32cube.common.mx_6.10.0.202311202037\\db\/plugins/boardmanager/
2024-02-11 14:03:58,590 [WARN] ApiDb:259 - Overriding images path with different value:  => C:\ST\STM32CubeIDE_1.14.0\STM32CubeIDE\plugins\com.st.stm32cube.common.mx_6.10.0.202311202037\\db\/plugins/mcufinder/images/
2024-02-11 14:03:58,595 [INFO] ApiDb:250 - Set database path to: C:\Users\mizun\.stmcufinder\plugins\mcufinder//mcu/
2024-02-11 14:03:58,596 [INFO] DbMcusAds:125 - Set database path to: C:\Users\mizun\.stmcufinder\plugins\mcufinder//mcu/
2024-02-11 14:03:58,599 [INFO] CrossReferenceDbSqlite:203 - Set database path to: C:\Users\mizun\.stmcufinder\plugins\mcufinder//mcu/cs/
2024-02-11 14:03:58,719 [INFO] RulesReader:64 - Compatibility file has been processed (297 Rules)
2024-02-11 14:03:58,807 [INFO] DbMcusXml:78 - Set database path to: C:\ST\STM32CubeIDE_1.14.0\STM32CubeIDE\plugins\com.st.stm32cube.common.mx_6.10.0.202311202037\\db\/mcu/
2024-02-11 14:03:58,808 [INFO] ApiDb:274 - Set plugin database path to: C:\ST\STM32CubeIDE_1.14.0\STM32CubeIDE\plugins\com.st.stm32cube.common.mx_6.10.0.202311202037\\db\/plugins/boardmanager/
2024-02-11 14:03:58,808 [INFO] ApiDb:261 - Set plugin images path to: C:\ST\STM32CubeIDE_1.14.0\STM32CubeIDE\plugins\com.st.stm32cube.common.mx_6.10.0.202311202037\\db\/plugins/mcufinder/images/
2024-02-11 14:03:58,808 [WARN] DbFile:41 - Overriding database path with different value: C:\Users\mizun\.stmcufinder\plugins\mcufinder/ => C:\Users\mizun\.stmcufinder\plugins\mcufinder
2024-02-11 14:03:58,808 [INFO] ApiDb:250 - Set database path to: C:\Users\mizun\.stmcufinder\plugins\mcufinder//mcu/
2024-02-11 14:03:58,808 [WARN] DbFile:41 - Overriding database path with different value: C:\Users\mizun\.stmcufinder\plugins\mcufinder/ => C:\Users\mizun\.stmcufinder\plugins\mcufinder
2024-02-11 14:03:58,809 [INFO] DbMcusAds:125 - Set database path to: C:\Users\mizun\.stmcufinder\plugins\mcufinder//mcu/
2024-02-11 14:03:58,809 [WARN] DbFile:41 - Overriding database path with different value: C:\Users\mizun\.stmcufinder\plugins\mcufinder/ => C:\Users\mizun\.stmcufinder\plugins\mcufinder
2024-02-11 14:03:58,809 [WARN] DbFile:41 - Overriding database path with different value: C:\Users\mizun\.stmcufinder\plugins\mcufinder/ => C:\Users\mizun\.stmcufinder\plugins\mcufinder
2024-02-11 14:03:58,809 [INFO] CrossReferenceDbSqlite:203 - Set database path to: C:\Users\mizun\.stmcufinder\plugins\mcufinder//mcu/cs/
2024-02-11 14:03:58,861 [INFO] MainPanel:264 - HeapMemory: 268435456
2024-02-11 14:03:58,910 [INFO] DbMcusXml:78 - Set database path to: C:\ST\STM32CubeIDE_1.14.0\STM32CubeIDE\plugins\com.st.stm32cube.common.mx_6.10.0.202311202037\\db\/mcu/
2024-02-11 14:03:58,911 [INFO] ApiDb:274 - Set plugin database path to: C:\ST\STM32CubeIDE_1.14.0\STM32CubeIDE\plugins\com.st.stm32cube.common.mx_6.10.0.202311202037\\db\/plugins/boardmanager/
2024-02-11 14:03:58,911 [INFO] ApiDb:261 - Set plugin images path to: C:\ST\STM32CubeIDE_1.14.0\STM32CubeIDE\plugins\com.st.stm32cube.common.mx_6.10.0.202311202037\\db\/plugins/mcufinder/images/
2024-02-11 14:03:58,911 [WARN] DbFile:41 - Overriding database path with different value: C:\Users\mizun\.stmcufinder\plugins\mcufinder/ => C:\Users\mizun\.stmcufinder\plugins\mcufinder
2024-02-11 14:03:58,911 [INFO] ApiDb:250 - Set database path to: C:\Users\mizun\.stmcufinder\plugins\mcufinder//mcu/
2024-02-11 14:03:58,911 [WARN] DbFile:41 - Overriding database path with different value: C:\Users\mizun\.stmcufinder\plugins\mcufinder/ => C:\Users\mizun\.stmcufinder\plugins\mcufinder
2024-02-11 14:03:58,911 [INFO] DbMcusAds:125 - Set database path to: C:\Users\mizun\.stmcufinder\plugins\mcufinder//mcu/
2024-02-11 14:03:58,911 [WARN] DbFile:41 - Overriding database path with different value: C:\Users\mizun\.stmcufinder\plugins\mcufinder/ => C:\Users\mizun\.stmcufinder\plugins\mcufinder
2024-02-11 14:03:58,911 [WARN] DbFile:41 - Overriding database path with different value: C:\Users\mizun\.stmcufinder\plugins\mcufinder/ => C:\Users\mizun\.stmcufinder\plugins\mcufinder
2024-02-11 14:03:58,911 [INFO] CrossReferenceDbSqlite:203 - Set database path to: C:\Users\mizun\.stmcufinder\plugins\mcufinder//mcu/cs/
2024-02-11 14:03:58,923 [INFO] ApplicationProperties:184 - Using Application install path: C:\ST\STM32CubeIDE_1.14.0\STM32CubeIDE\plugins\com.st.stm32cube.common.mx_6.10.0.202311202037
2024-02-11 14:03:58,925 [INFO] PluginManage:196 - Search for loadable plugins [exclusion list=, ]
2024-02-11 14:03:58,926 [INFO] PluginManage:310 - Check plugin analytics
2024-02-11 14:03:59,111 [INFO] AnalyticsPlugin:253 - Accepted Software Licenses: 
2024-02-11 14:03:59,112 [INFO] AnalyticsPlugin:255 - Accepted CMSIS Pack Licenses: 
2024-02-11 14:03:59,112 [INFO] AnalyticsPlugin:257 - Accepted Firmware Licenses: 
2024-02-11 14:03:59,114 [INFO] PluginManage:359 - Loaded plugin analytics (category:tool,tabindex:-1)
2024-02-11 14:03:59,114 [INFO] PluginManage:310 - Check plugin cadmodel
2024-02-11 14:03:59,118 [INFO] CADModel:105 - Init CAD model plugin
2024-02-11 14:03:59,118 [INFO] PluginManage:359 - Loaded plugin cadmodel (category:power,tabindex:5)
2024-02-11 14:03:59,119 [INFO] PluginManage:310 - Check plugin clock
2024-02-11 14:03:59,126 [INFO] PluginManage:359 - Loaded plugin clock (category:base,tabindex:2)
2024-02-11 14:03:59,126 [INFO] PluginManage:310 - Check plugin ddr
2024-02-11 14:03:59,129 [INFO] PluginManage:359 - Loaded plugin ddr (category:tool,tabindex:6)
2024-02-11 14:03:59,130 [INFO] PluginManage:310 - Check plugin filemanager
2024-02-11 14:03:59,274 [INFO] PluginManage:359 - Loaded plugin filemanager (category:base,tabindex:10)
2024-02-11 14:03:59,274 [INFO] PluginManage:310 - Check plugin ipmanager
2024-02-11 14:03:59,281 [INFO] PluginManage:359 - Loaded plugin ipmanager (category:base,tabindex:5)
2024-02-11 14:03:59,281 [INFO] PluginManage:310 - Check plugin lpbam
2024-02-11 14:03:59,291 [INFO] PluginManage:359 - Loaded plugin lpbam (category:base,tabindex:0)
2024-02-11 14:03:59,291 [INFO] PluginManage:310 - Check plugin memorymap
2024-02-11 14:03:59,303 [INFO] PluginManage:359 - Loaded plugin memorymap (category:base,tabindex:4)
2024-02-11 14:03:59,303 [INFO] PluginManage:310 - Check plugin pinoutandconfiguration
2024-02-11 14:03:59,308 [INFO] PluginManage:359 - Loaded plugin pinoutandconfiguration (category:base,tabindex:1)
2024-02-11 14:03:59,308 [INFO] PluginManage:310 - Check plugin pinoutconfig
2024-02-11 14:03:59,398 [WARN] SupportedApi:132 - Cannot load RTOS API schema: s4s-elt-must-match.1: The content of 'definitions' must match (annotation?, (simpleType | complexType)?, (unique | key | keyref)*)). A problem was found starting at: attribute.
2024-02-11 14:03:59,527 [INFO] PluginManage:359 - Loaded plugin pinoutconfig (category:base,tabindex:0)
2024-02-11 14:03:59,527 [INFO] PluginManage:310 - Check plugin power
2024-02-11 14:03:59,534 [INFO] PluginManage:359 - Loaded plugin power (category:power,tabindex:4)
2024-02-11 14:03:59,534 [INFO] PluginManage:310 - Check plugin projectmanager
2024-02-11 14:03:59,545 [INFO] PluginManage:359 - Loaded plugin projectmanager (category:projectmanager,tabindex:3)
2024-02-11 14:03:59,546 [INFO] PluginManage:310 - Check plugin thirdparty
2024-02-11 14:03:59,643 [INFO] PluginManage:359 - Loaded plugin thirdparty (category:base,tabindex:-1)
2024-02-11 14:03:59,643 [WARN] IntegrityCheckThread:84 - waiting for thirdparty lock release [integrity check]
2024-02-11 14:03:59,643 [INFO] PluginManage:310 - Check plugin tools
2024-02-11 14:03:59,643 [INFO] IntegrityCheckThread:86 - entering critical section [integrity check]
2024-02-11 14:03:59,644 [INFO] ThirdPartyUpdaterWithRetryManager:70 - Updater plugin not ready yet. [1/15]
2024-02-11 14:03:59,645 [INFO] PluginManage:359 - Loaded plugin tools (category:base,tabindex:7)
2024-02-11 14:03:59,645 [INFO] PluginManage:310 - Check plugin tutovideos
2024-02-11 14:03:59,778 [INFO] PluginManage:359 - Loaded plugin tutovideos (category:base,tabindex:-1)
2024-02-11 14:03:59,778 [INFO] PluginManage:310 - Check plugin updater
2024-02-11 14:03:59,788 [INFO] PluginManage:359 - Loaded plugin updater (category:base,tabindex:12)
2024-02-11 14:03:59,788 [INFO] PluginManage:310 - Check plugin userauth
2024-02-11 14:03:59,792 [INFO] UserAuth:114 - Init User Auth plugin
2024-02-11 14:03:59,792 [INFO] PluginManage:359 - Loaded plugin userauth (category:base,tabindex:14)
2024-02-11 14:03:59,793 [INFO] PluginManage:283 - PluginManage : Loaded plugins [17]
2024-02-11 14:03:59,954 [INFO] PinOutPanel:1499 - setPackage(No Configuration,No Configuration)
2024-02-11 14:04:00,014 [INFO] CADModel:165 - CPN selected for project level
2024-02-11 14:04:00,014 [INFO] CADModel:114 - Register for checkConnection events
2024-02-11 14:04:00,033 [INFO] IPUIPlugin:80 - create IPUIPlugin
2024-02-11 14:04:00,033 [INFO] PluginManager:220 - loadIPPluginJar : add adc
2024-02-11 14:04:00,036 [INFO] IPUIPlugin:80 - create IPUIPlugin
2024-02-11 14:04:00,036 [INFO] PluginManager:220 - loadIPPluginJar : add aes
2024-02-11 14:04:00,039 [INFO] IPUIPlugin:80 - create IPUIPlugin
2024-02-11 14:04:00,039 [INFO] PluginManager:220 - loadIPPluginJar : add can
2024-02-11 14:04:00,041 [INFO] IPUIPlugin:80 - create IPUIPlugin
2024-02-11 14:04:00,041 [INFO] PluginManager:220 - loadIPPluginJar : add comp
2024-02-11 14:04:00,043 [INFO] IPUIPlugin:80 - create IPUIPlugin
2024-02-11 14:04:00,043 [INFO] PluginManager:220 - loadIPPluginJar : add cryp
2024-02-11 14:04:00,044 [INFO] IPUIPlugin:80 - create IPUIPlugin
2024-02-11 14:04:00,045 [INFO] PluginManager:220 - loadIPPluginJar : add dfsdm
2024-02-11 14:04:00,049 [INFO] IPUIPlugin:80 - create IPUIPlugin
2024-02-11 14:04:00,049 [INFO] PluginManager:220 - loadIPPluginJar : add dma
2024-02-11 14:04:00,051 [INFO] IPUIPlugin:80 - create IPUIPlugin
2024-02-11 14:04:00,051 [INFO] PluginManager:220 - loadIPPluginJar : add dma3
2024-02-11 14:04:00,052 [INFO] IPUIPlugin:80 - create IPUIPlugin
2024-02-11 14:04:00,052 [INFO] PluginManager:220 - loadIPPluginJar : add fatfs
2024-02-11 14:04:00,056 [INFO] IPUIPlugin:80 - create IPUIPlugin
2024-02-11 14:04:00,057 [INFO] PluginManager:220 - loadIPPluginJar : add fmc
2024-02-11 14:04:00,062 [INFO] IPUIPlugin:80 - create IPUIPlugin
2024-02-11 14:04:00,062 [INFO] PluginManager:220 - loadIPPluginJar : add freertos
2024-02-11 14:04:00,064 [INFO] IPUIPlugin:80 - create IPUIPlugin
2024-02-11 14:04:00,064 [INFO] PluginManager:220 - loadIPPluginJar : add genericplugin
2024-02-11 14:04:00,065 [INFO] IPUIPlugin:80 - create IPUIPlugin
2024-02-11 14:04:00,066 [INFO] PluginManager:220 - loadIPPluginJar : add gfxmmu
2024-02-11 14:04:00,071 [INFO] IPUIPlugin:80 - create IPUIPlugin
2024-02-11 14:04:00,071 [INFO] PluginManager:220 - loadIPPluginJar : add gic
2024-02-11 14:04:00,075 [INFO] IPUIPlugin:80 - create IPUIPlugin
2024-02-11 14:04:00,075 [INFO] PluginManager:220 - loadIPPluginJar : add gpio
2024-02-11 14:04:00,077 [INFO] IPUIPlugin:80 - create IPUIPlugin
2024-02-11 14:04:00,077 [INFO] PluginManager:220 - loadIPPluginJar : add gtzc
2024-02-11 14:04:00,078 [INFO] IPUIPlugin:80 - create IPUIPlugin
2024-02-11 14:04:00,078 [INFO] PluginManager:220 - loadIPPluginJar : add hash
2024-02-11 14:04:00,080 [INFO] IPUIPlugin:80 - create IPUIPlugin
2024-02-11 14:04:00,080 [INFO] PluginManager:220 - loadIPPluginJar : add i2c
2024-02-11 14:04:00,082 [INFO] IPUIPlugin:80 - create IPUIPlugin
2024-02-11 14:04:00,083 [INFO] PluginManager:220 - loadIPPluginJar : add i2s
2024-02-11 14:04:00,085 [INFO] IPUIPlugin:80 - create IPUIPlugin
2024-02-11 14:04:00,085 [INFO] PluginManager:220 - loadIPPluginJar : add i3c
2024-02-11 14:04:00,088 [INFO] IPUIPlugin:80 - create IPUIPlugin
2024-02-11 14:04:00,088 [INFO] PluginManager:220 - loadIPPluginJar : add ipddr
2024-02-11 14:04:00,094 [INFO] IPUIPlugin:80 - create IPUIPlugin
2024-02-11 14:04:00,094 [INFO] PluginManager:220 - loadIPPluginJar : add linkedlist
2024-02-11 14:04:00,096 [INFO] IPUIPlugin:80 - create IPUIPlugin
2024-02-11 14:04:00,096 [INFO] PluginManager:220 - loadIPPluginJar : add lorawan
2024-02-11 14:04:00,097 [INFO] IPUIPlugin:80 - create IPUIPlugin
2024-02-11 14:04:00,098 [INFO] PluginManager:220 - loadIPPluginJar : add ltdc
2024-02-11 14:04:00,103 [INFO] IPUIPlugin:80 - create IPUIPlugin
2024-02-11 14:04:00,103 [INFO] PluginManager:220 - loadIPPluginJar : add mdma
2024-02-11 14:04:00,106 [INFO] IPUIPlugin:80 - create IPUIPlugin
2024-02-11 14:04:00,106 [INFO] PluginManager:220 - loadIPPluginJar : add nvic
2024-02-11 14:04:00,110 [INFO] IPUIPlugin:80 - create IPUIPlugin
2024-02-11 14:04:00,110 [INFO] PluginManager:220 - loadIPPluginJar : add opamp
2024-02-11 14:04:00,112 [INFO] IPUIPlugin:80 - create IPUIPlugin
2024-02-11 14:04:00,112 [INFO] PluginManager:220 - loadIPPluginJar : add openamp
2024-02-11 14:04:00,114 [INFO] IPUIPlugin:80 - create IPUIPlugin
2024-02-11 14:04:00,114 [INFO] PluginManager:220 - loadIPPluginJar : add pdm2pcm
2024-02-11 14:04:00,118 [INFO] IPUIPlugin:80 - create IPUIPlugin
2024-02-11 14:04:00,120 [INFO] PluginManager:220 - loadIPPluginJar : add plateformsettings
2024-02-11 14:04:00,121 [INFO] IPUIPlugin:80 - create IPUIPlugin
2024-02-11 14:04:00,121 [INFO] PluginManager:220 - loadIPPluginJar : add quadspi
2024-02-11 14:04:00,123 [INFO] IPUIPlugin:80 - create IPUIPlugin
2024-02-11 14:04:00,123 [INFO] PluginManager:220 - loadIPPluginJar : add resmgrutility
2024-02-11 14:04:00,125 [INFO] IPUIPlugin:80 - create IPUIPlugin
2024-02-11 14:04:00,125 [INFO] PluginManager:220 - loadIPPluginJar : add sai
2024-02-11 14:04:00,126 [INFO] IPUIPlugin:80 - create IPUIPlugin
2024-02-11 14:04:00,126 [INFO] PluginManager:220 - loadIPPluginJar : add spi
2024-02-11 14:04:00,130 [INFO] IPUIPlugin:80 - create IPUIPlugin
2024-02-11 14:04:00,130 [INFO] PluginManager:220 - loadIPPluginJar : add stm32_wpan
2024-02-11 14:04:00,131 [INFO] IPUIPlugin:80 - create IPUIPlugin
2024-02-11 14:04:00,131 [INFO] PluginManager:220 - loadIPPluginJar : add tim
2024-02-11 14:04:00,132 [INFO] IPUIPlugin:80 - create IPUIPlugin
2024-02-11 14:04:00,132 [INFO] PluginManager:220 - loadIPPluginJar : add touchsensing
2024-02-11 14:04:00,134 [INFO] IPUIPlugin:80 - create IPUIPlugin
2024-02-11 14:04:00,134 [INFO] PluginManager:220 - loadIPPluginJar : add tracer_emb
2024-02-11 14:04:00,136 [INFO] IPUIPlugin:80 - create IPUIPlugin
2024-02-11 14:04:00,136 [INFO] PluginManager:220 - loadIPPluginJar : add ts
2024-02-11 14:04:00,136 [INFO] IPUIPlugin:80 - create IPUIPlugin
2024-02-11 14:04:00,136 [INFO] PluginManager:220 - loadIPPluginJar : add tsc
2024-02-11 14:04:00,138 [INFO] IPUIPlugin:80 - create IPUIPlugin
2024-02-11 14:04:00,138 [INFO] PluginManager:220 - loadIPPluginJar : add ucpd
2024-02-11 14:04:00,140 [INFO] IPUIPlugin:80 - create IPUIPlugin
2024-02-11 14:04:00,140 [INFO] PluginManager:220 - loadIPPluginJar : add usart
2024-02-11 14:04:00,142 [INFO] IPUIPlugin:80 - create IPUIPlugin
2024-02-11 14:04:00,142 [INFO] PluginManager:220 - loadIPPluginJar : add usbx
2024-02-11 14:04:00,258 [INFO] CADModel:165 - CPN selected for project level
2024-02-11 14:04:00,258 [INFO] CADModel:114 - Register for checkConnection events
2024-02-11 14:04:00,258 [FATAL] Updater:308 - Updater called before beeing initialized
2024-02-11 14:04:00,258 [ERROR] CADModel:125 - Updater not yet initialized, retry later 
2024-02-11 14:04:00,370 [INFO] CADModel:165 - CPN selected for project level
2024-02-11 14:04:00,370 [INFO] CADModel:114 - Register for checkConnection events
2024-02-11 14:04:00,371 [FATAL] Updater:308 - Updater called before beeing initialized
2024-02-11 14:04:00,371 [ERROR] CADModel:125 - Updater not yet initialized, retry later 
2024-02-11 14:04:00,373 [FATAL] Updater:308 - Updater called before beeing initialized
2024-02-11 14:04:00,454 [FATAL] Updater:308 - Updater called before beeing initialized
2024-02-11 14:04:00,458 [INFO] DbMcusAds:53 - JSON generation date=Wed Nov 29 19:52:27 JST 2023 (1701255147200)
2024-02-11 14:04:00,458 [FATAL] Updater:308 - Updater called before beeing initialized
2024-02-11 14:04:00,484 [WARN] DetailPanel:346 - Failed to get advertising image, set to default
2024-02-11 14:04:00,552 [FATAL] Updater:308 - Updater called before beeing initialized
2024-02-11 14:04:00,554 [FATAL] Updater:308 - Updater called before beeing initialized
2024-02-11 14:04:00,554 [FATAL] Updater:308 - Updater called before beeing initialized
2024-02-11 14:04:00,554 [WARN] DetailPanel:346 - Failed to get advertising image, set to default
2024-02-11 14:04:00,555 [FATAL] Updater:308 - Updater called before beeing initialized
2024-02-11 14:04:00,593 [ERROR] Updater:1120 - MainUpdater not yet initialized. External WinMGr cannot be set.
2024-02-11 14:04:00,594 [INFO] Updater:1056 - Updater Version found : 6.10.0
2024-02-11 14:04:00,611 [INFO] ApplicationProperties:184 - Using Application install path: C:\ST\STM32CubeIDE_1.14.0\STM32CubeIDE\plugins\com.st.stm32cube.common.mx_6.10.0.202311202037
2024-02-11 14:04:00,823 [INFO] MainUpdater:2873 - connection check result : 10
2024-02-11 14:04:00,823 [INFO] MainUpdater:290 - Updater Check For Update Now.
2024-02-11 14:04:00,824 [INFO] MicroXplorer:498 - Change Database Version : DB.6.0.100
2024-02-11 14:04:00,831 [INFO] McuFinderGlobals:63 - Set McuFinder mode to 2 (CubeIDE integrated)
2024-02-11 14:04:00,840 [INFO] UserAuth:404 - Internet connection configuration mode: 1
2024-02-11 14:04:00,878 [INFO] JxBrowserEngine:152 - Initiate JxBrowser Engine with user profile folder
2024-02-11 14:04:00,986 [INFO] CheckServerUpdateThread:120 - End of CheckServer Thread
2024-02-11 14:04:01,375 [INFO] WebApp:161 - Instantiating new browser for Auth
2024-02-11 14:04:01,774 [INFO] WebApp:780 - Register for checkConnection events
2024-02-11 14:04:01,774 [INFO] WebApp:414 - Apply proxy settings
2024-02-11 14:04:01,774 [INFO] WebApp:499 - Chromium requires no authentication
2024-02-11 14:04:01,780 [INFO] WebApp:442 - Direct internet connection detected
2024-02-11 14:04:01,888 [INFO] WebApp:192 - Starting web application
2024-02-11 14:04:01,888 [INFO] WebApp:544 - Web application path used C:\ST\STM32CubeIDE_1.14.0\STM32CubeIDE\plugins\com.st.stm32cube.common.mx_6.10.0.202311202037\db\plugins\mcufinder\reactClient1\index.html
2024-02-11 14:04:02,754 [WARN] PackLoader:240 - Cannot read IP mode file for STMicroelectronics.X-CUBE-SMBUS.2.1.0
2024-02-11 14:04:02,761 [WARN] PackLoader:240 - Cannot read IP mode file for STMicroelectronics.X-CUBE-TOUCHGFX.4.23.0
2024-02-11 14:04:02,786 [WARN] PackLoader:240 - Cannot read IP mode file for STMicroelectronics.X-CUBE-AZRTOS-F7.1.1.0
2024-02-11 14:04:02,794 [WARN] PackLoader:240 - Cannot read IP mode file for STMicroelectronics.FP-SNS-MOTENV1.4.3.2
2024-02-11 14:04:02,801 [WARN] PackLoader:240 - Cannot read IP mode file for STMicroelectronics.FP-SNS-FLIGHT1.5.0.2
2024-02-11 14:04:02,808 [WARN] PackLoader:240 - Cannot read IP mode file for STMicroelectronics.X-CUBE-DISPLAY.3.0.0
2024-02-11 14:04:02,824 [WARN] PackLoader:240 - Cannot read IP mode file for STMicroelectronics.X-CUBE-BLE1.7.0.0
2024-02-11 14:04:02,828 [WARN] PackLoader:240 - Cannot read IP mode file for emotas.I-CUBE-CANOPEN.1.3.0
2024-02-11 14:04:02,830 [WARN] PackLoader:240 - Cannot read IP mode file for STMicroelectronics.X-CUBE-TOUCHGFX.4.22.1
2024-02-11 14:04:02,835 [WARN] PackLoader:240 - Cannot read IP mode file for STMicroelectronics.FP-SNS-SMARTAG2.1.2.0
2024-02-11 14:04:02,847 [INFO] LogOutputStream:77 - [STDOUT_REDIRECT] 1 : Invalid condition id : UX_CORESTACK_Condition cause : null
2024-02-11 14:04:02,848 [INFO] LogOutputStream:77 - [STDOUT_REDIRECT] 1 : Invalid condition id : UX_CORESTACK_Condition cause : null
2024-02-11 14:04:02,849 [INFO] LogOutputStream:77 - [STDOUT_REDIRECT] 1 : Invalid condition id : UX_CORESTACK_Condition cause : null
2024-02-11 14:04:02,851 [INFO] LogOutputStream:77 - [STDOUT_REDIRECT] 1 : Invalid condition id : UX_CORESTACK_Condition cause : null
2024-02-11 14:04:02,852 [INFO] LogOutputStream:77 - [STDOUT_REDIRECT] 1 : Invalid condition id : UX_CORESTACK_Condition cause : null
2024-02-11 14:04:02,854 [WARN] PackLoader:240 - Cannot read IP mode file for STMicroelectronics.X-CUBE-AZRTOS-WL.2.0.0
2024-02-11 14:04:02,867 [WARN] PackLoader:240 - Cannot read IP mode file for WES.I-CUBE-Cesium.1.3.0
2024-02-11 14:04:02,871 [WARN] PackLoader:240 - Cannot read IP mode file for STMicroelectronics.X-CUBE-BLE2.3.3.0
2024-02-11 14:04:02,877 [WARN] PackLoader:240 - Cannot read IP mode file for STMicroelectronics.X-CUBE-ALGOBUILD.1.3.0
2024-02-11 14:04:02,893 [WARN] PackLoader:240 - Cannot read IP mode file for STMicroelectronics.X-CUBE-AZRTOS-G0.1.1.0
2024-02-11 14:04:02,900 [WARN] PackLoader:240 - Cannot read IP mode file for STMicroelectronics.X-CUBE-NFC4.3.0.0
2024-02-11 14:04:02,906 [WARN] PackLoader:240 - Cannot read IP mode file for STMicroelectronics.X-CUBE-BLEMGR.3.0.0
2024-02-11 14:04:02,910 [WARN] PackLoader:240 - Cannot read IP mode file for STMicroelectronics.FP-ATR-SIGFOX1.3.2.0
2024-02-11 14:04:02,915 [WARN] PackLoader:240 - Cannot read IP mode file for STMicroelectronics.X-CUBE-EEPRMA1.5.1.0
2024-02-11 14:04:02,944 [WARN] PackLoader:240 - Cannot read IP mode file for SEGGER.I-CUBE-embOS.1.3.1
2024-02-11 14:04:02,969 [WARN] PackLoader:240 - Cannot read IP mode file for STMicroelectronics.X-CUBE-GNSS1.6.0.0
2024-02-11 14:04:02,980 [WARN] PackLoader:240 - Cannot read IP mode file for STMicroelectronics.X-CUBE-AZRTOS-F4.1.1.0
2024-02-11 14:04:02,986 [WARN] PackLoader:240 - Cannot read IP mode file for wolfSSL.I-CUBE-wolfSSL.5.6.3
2024-02-11 14:04:03,001 [WARN] PackLoader:240 - Cannot read IP mode file for STMicroelectronics.X-CUBE-AZRTOS-L5.2.0.0
2024-02-11 14:04:03,007 [WARN] PackLoader:240 - Cannot read IP mode file for STMicroelectronics.X-CUBE-EEPRMA1.4.2.0
2024-02-11 14:04:03,013 [WARN] PackLoader:240 - Cannot read IP mode file for ITTIA_DB.I-CUBE-ITTIADB.8.8.0
2024-02-11 14:04:03,019 [WARN] PackLoader:240 - Cannot read IP mode file for STMicroelectronics.X-CUBE-BLEMGR.2.0.0
2024-02-11 14:04:03,036 [WARN] ConditionMgr:438 - getConditionDescription Invalid condition id : UX DEVICE CLASS RTOS Condition cause : null
2024-02-11 14:04:03,036 [WARN] ConditionMgr:438 - getConditionDescription Invalid condition id : UX DEVICE CLASS RTOS Condition cause : null
2024-02-11 14:04:03,038 [WARN] PackLoader:240 - Cannot read IP mode file for STMicroelectronics.X-CUBE-AZRTOS-H7.3.1.0
2024-02-11 14:04:03,039 [WARN] ConditionMgr:1039 - genDependencies : Invalid condition id : UX DEVICE CLASS RTOS Condition cause : null
2024-02-11 14:04:03,039 [WARN] ConditionMgr:1039 - genDependencies : Invalid condition id : UX DEVICE CLASS RTOS Condition cause : null
2024-02-11 14:04:03,039 [WARN] ConditionMgr:1039 - genDependencies : Invalid condition id : UX DEVICE CLASS RTOS Condition cause : null
2024-02-11 14:04:03,039 [WARN] ConditionMgr:1039 - genDependencies : Invalid condition id : UX DEVICE CLASS RTOS Condition cause : null
2024-02-11 14:04:03,039 [WARN] ConditionMgr:1039 - genDependencies : Invalid condition id : UX DEVICE CLASS RTOS Condition cause : null
2024-02-11 14:04:03,045 [WARN] PackLoader:240 - Cannot read IP mode file for STMicroelectronics.X-CUBE-NFC7.1.0.1
2024-02-11 14:04:03,052 [WARN] PackLoader:240 - Cannot read IP mode file for STMicroelectronics.X-CUBE-NFC6.3.0.0
2024-02-11 14:04:03,058 [WARN] PackLoader:240 - Cannot read IP mode file for STMicroelectronics.X-CUBE-EEPRMA1.4.1.0
2024-02-11 14:04:03,063 [WARN] PackLoader:240 - Cannot read IP mode file for STMicroelectronics.X-CUBE-AI.8.1.0
2024-02-11 14:04:03,078 [WARN] ConditionMgr:438 - getConditionDescription Invalid condition id : LAN8742 Phy interface Condition cause : null
2024-02-11 14:04:03,080 [WARN] PackLoader:240 - Cannot read IP mode file for STMicroelectronics.X-CUBE-AZRTOS-L4.2.0.0
2024-02-11 14:04:03,081 [WARN] ConditionMgr:1039 - genDependencies : Invalid condition id : LAN8742 Phy interface Condition cause : null
2024-02-11 14:04:03,081 [WARN] ConditionMgr:1039 - genDependencies : Invalid condition id : LAN8742 Phy interface Condition cause : null
2024-02-11 14:04:03,081 [WARN] ConditionMgr:1039 - genDependencies : Invalid condition id : LAN8742 Phy interface Condition cause : null
2024-02-11 14:04:03,089 [WARN] PackLoader:240 - Cannot read IP mode file for STMicroelectronics.X-CUBE-SFXS2LP1.4.0.0
2024-02-11 14:04:03,094 [WARN] PackLoader:240 - Cannot read IP mode file for STMicroelectronics.X-CUBE-ISPU.1.1.0
2024-02-11 14:04:03,103 [WARN] ConditionMgr:438 - getConditionDescription Invalid condition id : UX DEVICE CLASS RTOS Condition cause : null
2024-02-11 14:04:03,103 [WARN] ConditionMgr:438 - getConditionDescription Invalid condition id : UX DEVICE CLASS RTOS Condition cause : null
2024-02-11 14:04:03,105 [WARN] PackLoader:240 - Cannot read IP mode file for STMicroelectronics.X-CUBE-AZRTOS-WB.2.0.0
2024-02-11 14:04:03,105 [WARN] ConditionMgr:1039 - genDependencies : Invalid condition id : UX DEVICE CLASS RTOS Condition cause : null
2024-02-11 14:04:03,105 [WARN] ConditionMgr:1039 - genDependencies : Invalid condition id : UX DEVICE CLASS RTOS Condition cause : null
2024-02-11 14:04:03,105 [WARN] ConditionMgr:1039 - genDependencies : Invalid condition id : UX DEVICE CLASS RTOS Condition cause : null
2024-02-11 14:04:03,106 [WARN] ConditionMgr:1039 - genDependencies : Invalid condition id : UX DEVICE CLASS RTOS Condition cause : null
2024-02-11 14:04:03,106 [WARN] ConditionMgr:1039 - genDependencies : Invalid condition id : UX DEVICE CLASS RTOS Condition cause : null
2024-02-11 14:04:03,112 [WARN] PackLoader:240 - Cannot read IP mode file for STMicroelectronics.X-CUBE-SUBG2.5.0.0
2024-02-11 14:04:03,123 [WARN] PackLoader:240 - Cannot read IP mode file for STMicroelectronics.X-CUBE-TOF1.3.3.1
2024-02-11 14:04:03,146 [WARN] PackLoader:240 - Cannot read IP mode file for STMicroelectronics.X-CUBE-AZRTOS-G4.2.0.0
2024-02-11 14:04:03,158 [WARN] PackLoader:240 - Cannot read IP mode file for Infineon.AIROC-Wi-Fi-Bluetooth-STM32.1.5.1
2024-02-11 14:04:03,168 [WARN] PackLoader:240 - Cannot read IP mode file for STMicroelectronics.FP-SNS-MOTENVWB1.1.3.0
2024-02-11 14:04:03,172 [WARN] PackLoader:240 - Cannot read IP mode file for STMicroelectronics.FP-SNS-MOTENVWB1.1.3.1
2024-02-11 14:04:03,176 [WARN] PackLoader:240 - Cannot read IP mode file for STMicroelectronics.X-CUBE-ISPU.2.0.0
2024-02-11 14:04:03,201 [WARN] PackLoader:240 - Cannot read IP mode file for STMicroelectronics.X-CUBE-MEMS1.10.0.0
2024-02-11 14:04:03,276 [WARN] PackLoader:240 - Cannot read IP mode file for STMicroelectronics.X-CUBE-FREERTOS.1.1.0
2024-02-11 14:04:03,281 [WARN] PackLoader:240 - Cannot read IP mode file for portGmbH.I-Cube-SoM-uGOAL.1.1.0
2024-02-11 14:04:03,286 [WARN] PackLoader:240 - Cannot read IP mode file for STMicroelectronics.X-CUBE-ALS.1.0.1
2024-02-11 14:04:03,290 [WARN] PackLoader:240 - Cannot read IP mode file for STMicroelectronics.FP-ATR-ASTRA1.2.0.0
2024-02-11 14:04:03,298 [WARN] PackLoader:240 - Cannot read IP mode file for STMicroelectronics.X-CUBE-TOF1.3.4.0
2024-02-11 14:04:03,323 [WARN] PackLoader:240 - Cannot read IP mode file for STMicroelectronics.X-CUBE-AZRTOS-H7.3.2.0
2024-02-11 14:04:03,326 [INFO] ThirdParty:978 - Integrity check success = true
2024-02-11 14:04:03,326 [INFO] IntegrityCheckThread:100 - exiting critical section [integrity check]
2024-02-11 14:04:03,326 [INFO] IntegrityCheckThread:103 - End integrity checks thread
2024-02-11 14:04:11,759 [ERROR] LogOutputStream:75 - [STDERR_REDIRECT] 
2024-02-11 14:04:18,021 [INFO] Activator:176 - 


2024-02-11 14:04:18,023 [INFO] Activator:177 - !SESSION log4j initialized
2024-02-11 14:04:22,000 [INFO] LogOutputStream:77 - [STDOUT_REDIRECT] 
2024-02-11 14:04:37,102 [INFO] ApplicationProperties:184 - Using Application install path: C:\ST\STM32CubeIDE_1.14.0\STM32CubeIDE\plugins\com.st.stm32cube.common.mx_6.10.0.202311202037
2024-02-11 14:04:37,151 [INFO] DbMcusXml:78 - Set database path to: C:\ST\STM32CubeIDE_1.14.0\STM32CubeIDE\plugins\com.st.stm32cube.common.mx_6.10.0.202311202037\\db\/mcu/
2024-02-11 14:04:37,152 [INFO] ApiDb:274 - Set plugin database path to: C:\ST\STM32CubeIDE_1.14.0\STM32CubeIDE\plugins\com.st.stm32cube.common.mx_6.10.0.202311202037\\db\/plugins/boardmanager/
2024-02-11 14:04:37,152 [WARN] ApiDb:259 - Overriding images path with different value:  => C:\ST\STM32CubeIDE_1.14.0\STM32CubeIDE\plugins\com.st.stm32cube.common.mx_6.10.0.202311202037\\db\/plugins/mcufinder/images/
2024-02-11 14:04:37,161 [INFO] ApiDb:250 - Set database path to: C:\Users\mizun\.stmcufinder\plugins\mcufinder//mcu/
2024-02-11 14:04:37,163 [INFO] DbMcusAds:125 - Set database path to: C:\Users\mizun\.stmcufinder\plugins\mcufinder//mcu/
2024-02-11 14:04:37,171 [INFO] CrossReferenceDbSqlite:203 - Set database path to: C:\Users\mizun\.stmcufinder\plugins\mcufinder//mcu/cs/
2024-02-11 14:04:37,448 [INFO] RulesReader:64 - Compatibility file has been processed (297 Rules)
2024-02-11 14:04:37,587 [INFO] DbMcusXml:78 - Set database path to: C:\ST\STM32CubeIDE_1.14.0\STM32CubeIDE\plugins\com.st.stm32cube.common.mx_6.10.0.202311202037\\db\/mcu/
2024-02-11 14:04:37,587 [INFO] ApiDb:274 - Set plugin database path to: C:\ST\STM32CubeIDE_1.14.0\STM32CubeIDE\plugins\com.st.stm32cube.common.mx_6.10.0.202311202037\\db\/plugins/boardmanager/
2024-02-11 14:04:37,587 [INFO] ApiDb:261 - Set plugin images path to: C:\ST\STM32CubeIDE_1.14.0\STM32CubeIDE\plugins\com.st.stm32cube.common.mx_6.10.0.202311202037\\db\/plugins/mcufinder/images/
2024-02-11 14:04:37,587 [WARN] DbFile:41 - Overriding database path with different value: C:\Users\mizun\.stmcufinder\plugins\mcufinder/ => C:\Users\mizun\.stmcufinder\plugins\mcufinder
2024-02-11 14:04:37,587 [INFO] ApiDb:250 - Set database path to: C:\Users\mizun\.stmcufinder\plugins\mcufinder//mcu/
2024-02-11 14:04:37,587 [WARN] DbFile:41 - Overriding database path with different value: C:\Users\mizun\.stmcufinder\plugins\mcufinder/ => C:\Users\mizun\.stmcufinder\plugins\mcufinder
2024-02-11 14:04:37,589 [INFO] DbMcusAds:125 - Set database path to: C:\Users\mizun\.stmcufinder\plugins\mcufinder//mcu/
2024-02-11 14:04:37,589 [WARN] DbFile:41 - Overriding database path with different value: C:\Users\mizun\.stmcufinder\plugins\mcufinder/ => C:\Users\mizun\.stmcufinder\plugins\mcufinder
2024-02-11 14:04:37,589 [WARN] DbFile:41 - Overriding database path with different value: C:\Users\mizun\.stmcufinder\plugins\mcufinder/ => C:\Users\mizun\.stmcufinder\plugins\mcufinder
2024-02-11 14:04:37,589 [INFO] CrossReferenceDbSqlite:203 - Set database path to: C:\Users\mizun\.stmcufinder\plugins\mcufinder//mcu/cs/
2024-02-11 14:04:37,712 [INFO] MainPanel:264 - HeapMemory: 437256192
2024-02-11 14:04:37,786 [INFO] DbMcusXml:78 - Set database path to: C:\ST\STM32CubeIDE_1.14.0\STM32CubeIDE\plugins\com.st.stm32cube.common.mx_6.10.0.202311202037\\db\/mcu/
2024-02-11 14:04:37,786 [INFO] ApiDb:274 - Set plugin database path to: C:\ST\STM32CubeIDE_1.14.0\STM32CubeIDE\plugins\com.st.stm32cube.common.mx_6.10.0.202311202037\\db\/plugins/boardmanager/
2024-02-11 14:04:37,786 [INFO] ApiDb:261 - Set plugin images path to: C:\ST\STM32CubeIDE_1.14.0\STM32CubeIDE\plugins\com.st.stm32cube.common.mx_6.10.0.202311202037\\db\/plugins/mcufinder/images/
2024-02-11 14:04:37,787 [WARN] DbFile:41 - Overriding database path with different value: C:\Users\mizun\.stmcufinder\plugins\mcufinder/ => C:\Users\mizun\.stmcufinder\plugins\mcufinder
2024-02-11 14:04:37,787 [INFO] ApiDb:250 - Set database path to: C:\Users\mizun\.stmcufinder\plugins\mcufinder//mcu/
2024-02-11 14:04:37,787 [WARN] DbFile:41 - Overriding database path with different value: C:\Users\mizun\.stmcufinder\plugins\mcufinder/ => C:\Users\mizun\.stmcufinder\plugins\mcufinder
2024-02-11 14:04:37,787 [INFO] DbMcusAds:125 - Set database path to: C:\Users\mizun\.stmcufinder\plugins\mcufinder//mcu/
2024-02-11 14:04:37,787 [WARN] DbFile:41 - Overriding database path with different value: C:\Users\mizun\.stmcufinder\plugins\mcufinder/ => C:\Users\mizun\.stmcufinder\plugins\mcufinder
2024-02-11 14:04:37,787 [WARN] DbFile:41 - Overriding database path with different value: C:\Users\mizun\.stmcufinder\plugins\mcufinder/ => C:\Users\mizun\.stmcufinder\plugins\mcufinder
2024-02-11 14:04:37,787 [INFO] CrossReferenceDbSqlite:203 - Set database path to: C:\Users\mizun\.stmcufinder\plugins\mcufinder//mcu/cs/
2024-02-11 14:04:37,804 [INFO] ApplicationProperties:184 - Using Application install path: C:\ST\STM32CubeIDE_1.14.0\STM32CubeIDE\plugins\com.st.stm32cube.common.mx_6.10.0.202311202037
2024-02-11 14:04:37,805 [INFO] PluginManage:196 - Search for loadable plugins [exclusion list=, ]
2024-02-11 14:04:37,806 [INFO] PluginManage:310 - Check plugin analytics
2024-02-11 14:04:38,160 [INFO] AnalyticsPlugin:253 - Accepted Software Licenses: 
2024-02-11 14:04:38,160 [INFO] AnalyticsPlugin:255 - Accepted CMSIS Pack Licenses: 
2024-02-11 14:04:38,160 [INFO] AnalyticsPlugin:257 - Accepted Firmware Licenses: 
2024-02-11 14:04:38,164 [INFO] PluginManage:359 - Loaded plugin analytics (category:tool,tabindex:-1)
2024-02-11 14:04:38,165 [INFO] PluginManage:310 - Check plugin cadmodel
2024-02-11 14:04:38,173 [INFO] CADModel:105 - Init CAD model plugin
2024-02-11 14:04:38,173 [INFO] PluginManage:359 - Loaded plugin cadmodel (category:power,tabindex:5)
2024-02-11 14:04:38,173 [INFO] PluginManage:310 - Check plugin clock
2024-02-11 14:04:38,192 [INFO] PluginManage:359 - Loaded plugin clock (category:base,tabindex:2)
2024-02-11 14:04:38,192 [INFO] PluginManage:310 - Check plugin ddr
2024-02-11 14:04:38,198 [INFO] PluginManage:359 - Loaded plugin ddr (category:tool,tabindex:6)
2024-02-11 14:04:38,198 [INFO] PluginManage:310 - Check plugin filemanager
2024-02-11 14:04:38,446 [INFO] PluginManage:359 - Loaded plugin filemanager (category:base,tabindex:10)
2024-02-11 14:04:38,446 [INFO] PluginManage:310 - Check plugin ipmanager
2024-02-11 14:04:38,455 [INFO] PluginManage:359 - Loaded plugin ipmanager (category:base,tabindex:5)
2024-02-11 14:04:38,455 [INFO] PluginManage:310 - Check plugin lpbam
2024-02-11 14:04:38,462 [INFO] PluginManage:359 - Loaded plugin lpbam (category:base,tabindex:0)
2024-02-11 14:04:38,462 [INFO] PluginManage:310 - Check plugin memorymap
2024-02-11 14:04:38,472 [INFO] PluginManage:359 - Loaded plugin memorymap (category:base,tabindex:4)
2024-02-11 14:04:38,472 [INFO] PluginManage:310 - Check plugin pinoutandconfiguration
2024-02-11 14:04:38,479 [INFO] PluginManage:359 - Loaded plugin pinoutandconfiguration (category:base,tabindex:1)
2024-02-11 14:04:38,479 [INFO] PluginManage:310 - Check plugin pinoutconfig
2024-02-11 14:04:38,602 [WARN] SupportedApi:132 - Cannot load RTOS API schema: s4s-elt-must-match.1: The content of 'definitions' must match (annotation?, (simpleType | complexType)?, (unique | key | keyref)*)). A problem was found starting at: attribute.
2024-02-11 14:04:38,765 [INFO] PluginManage:359 - Loaded plugin pinoutconfig (category:base,tabindex:0)
2024-02-11 14:04:38,765 [INFO] PluginManage:310 - Check plugin power
2024-02-11 14:04:38,773 [INFO] PluginManage:359 - Loaded plugin power (category:power,tabindex:4)
2024-02-11 14:04:38,773 [INFO] PluginManage:310 - Check plugin projectmanager
2024-02-11 14:04:38,797 [INFO] PluginManage:359 - Loaded plugin projectmanager (category:projectmanager,tabindex:3)
2024-02-11 14:04:38,797 [INFO] PluginManage:310 - Check plugin thirdparty
2024-02-11 14:04:38,980 [WARN] IntegrityCheckThread:84 - waiting for thirdparty lock release [integrity check]
2024-02-11 14:04:38,980 [INFO] IntegrityCheckThread:86 - entering critical section [integrity check]
2024-02-11 14:04:38,981 [INFO] ThirdPartyUpdaterWithRetryManager:70 - Updater plugin not ready yet. [1/15]
2024-02-11 14:04:38,981 [INFO] PluginManage:359 - Loaded plugin thirdparty (category:base,tabindex:-1)
2024-02-11 14:04:38,981 [INFO] PluginManage:310 - Check plugin tools
2024-02-11 14:04:38,986 [INFO] PluginManage:359 - Loaded plugin tools (category:base,tabindex:7)
2024-02-11 14:04:38,986 [INFO] PluginManage:310 - Check plugin tutovideos
2024-02-11 14:04:39,308 [INFO] PluginManage:359 - Loaded plugin tutovideos (category:base,tabindex:-1)
2024-02-11 14:04:39,308 [INFO] PluginManage:310 - Check plugin updater
2024-02-11 14:04:39,323 [INFO] PluginManage:359 - Loaded plugin updater (category:base,tabindex:12)
2024-02-11 14:04:39,323 [INFO] PluginManage:310 - Check plugin userauth
2024-02-11 14:04:39,331 [INFO] UserAuth:114 - Init User Auth plugin
2024-02-11 14:04:39,331 [INFO] PluginManage:359 - Loaded plugin userauth (category:base,tabindex:14)
2024-02-11 14:04:39,346 [INFO] PluginManage:283 - PluginManage : Loaded plugins [17]
2024-02-11 14:04:39,554 [INFO] PinOutPanel:1499 - setPackage(No Configuration,No Configuration)
2024-02-11 14:04:39,616 [INFO] CADModel:165 - CPN selected for project level
2024-02-11 14:04:39,616 [INFO] CADModel:114 - Register for checkConnection events
2024-02-11 14:04:39,630 [INFO] IPUIPlugin:80 - create IPUIPlugin
2024-02-11 14:04:39,630 [INFO] PluginManager:220 - loadIPPluginJar : add adc
2024-02-11 14:04:39,632 [INFO] IPUIPlugin:80 - create IPUIPlugin
2024-02-11 14:04:39,632 [INFO] PluginManager:220 - loadIPPluginJar : add aes
2024-02-11 14:04:39,634 [INFO] IPUIPlugin:80 - create IPUIPlugin
2024-02-11 14:04:39,634 [INFO] PluginManager:220 - loadIPPluginJar : add can
2024-02-11 14:04:39,635 [INFO] IPUIPlugin:80 - create IPUIPlugin
2024-02-11 14:04:39,635 [INFO] PluginManager:220 - loadIPPluginJar : add comp
2024-02-11 14:04:39,637 [INFO] IPUIPlugin:80 - create IPUIPlugin
2024-02-11 14:04:39,637 [INFO] PluginManager:220 - loadIPPluginJar : add cryp
2024-02-11 14:04:39,639 [INFO] IPUIPlugin:80 - create IPUIPlugin
2024-02-11 14:04:39,639 [INFO] PluginManager:220 - loadIPPluginJar : add dfsdm
2024-02-11 14:04:39,644 [INFO] IPUIPlugin:80 - create IPUIPlugin
2024-02-11 14:04:39,644 [INFO] PluginManager:220 - loadIPPluginJar : add dma
2024-02-11 14:04:39,646 [INFO] IPUIPlugin:80 - create IPUIPlugin
2024-02-11 14:04:39,646 [INFO] PluginManager:220 - loadIPPluginJar : add dma3
2024-02-11 14:04:39,647 [INFO] IPUIPlugin:80 - create IPUIPlugin
2024-02-11 14:04:39,647 [INFO] PluginManager:220 - loadIPPluginJar : add fatfs
2024-02-11 14:04:39,649 [INFO] IPUIPlugin:80 - create IPUIPlugin
2024-02-11 14:04:39,649 [INFO] PluginManager:220 - loadIPPluginJar : add fmc
2024-02-11 14:04:39,654 [INFO] IPUIPlugin:80 - create IPUIPlugin
2024-02-11 14:04:39,654 [INFO] PluginManager:220 - loadIPPluginJar : add freertos
2024-02-11 14:04:39,656 [INFO] IPUIPlugin:80 - create IPUIPlugin
2024-02-11 14:04:39,656 [INFO] PluginManager:220 - loadIPPluginJar : add genericplugin
2024-02-11 14:04:39,657 [INFO] IPUIPlugin:80 - create IPUIPlugin
2024-02-11 14:04:39,658 [INFO] PluginManager:220 - loadIPPluginJar : add gfxmmu
2024-02-11 14:04:39,661 [INFO] IPUIPlugin:80 - create IPUIPlugin
2024-02-11 14:04:39,661 [INFO] PluginManager:220 - loadIPPluginJar : add gic
2024-02-11 14:04:39,663 [INFO] IPUIPlugin:80 - create IPUIPlugin
2024-02-11 14:04:39,663 [INFO] PluginManager:220 - loadIPPluginJar : add gpio
2024-02-11 14:04:39,665 [INFO] IPUIPlugin:80 - create IPUIPlugin
2024-02-11 14:04:39,665 [INFO] PluginManager:220 - loadIPPluginJar : add gtzc
2024-02-11 14:04:39,666 [INFO] IPUIPlugin:80 - create IPUIPlugin
2024-02-11 14:04:39,666 [INFO] PluginManager:220 - loadIPPluginJar : add hash
2024-02-11 14:04:39,668 [INFO] IPUIPlugin:80 - create IPUIPlugin
2024-02-11 14:04:39,668 [INFO] PluginManager:220 - loadIPPluginJar : add i2c
2024-02-11 14:04:39,670 [INFO] IPUIPlugin:80 - create IPUIPlugin
2024-02-11 14:04:39,670 [INFO] PluginManager:220 - loadIPPluginJar : add i2s
2024-02-11 14:04:39,673 [INFO] IPUIPlugin:80 - create IPUIPlugin
2024-02-11 14:04:39,673 [INFO] PluginManager:220 - loadIPPluginJar : add i3c
2024-02-11 14:04:39,675 [INFO] IPUIPlugin:80 - create IPUIPlugin
2024-02-11 14:04:39,675 [INFO] PluginManager:220 - loadIPPluginJar : add ipddr
2024-02-11 14:04:39,680 [INFO] IPUIPlugin:80 - create IPUIPlugin
2024-02-11 14:04:39,680 [INFO] PluginManager:220 - loadIPPluginJar : add linkedlist
2024-02-11 14:04:39,681 [INFO] IPUIPlugin:80 - create IPUIPlugin
2024-02-11 14:04:39,682 [INFO] PluginManager:220 - loadIPPluginJar : add lorawan
2024-02-11 14:04:39,683 [INFO] IPUIPlugin:80 - create IPUIPlugin
2024-02-11 14:04:39,683 [INFO] PluginManager:220 - loadIPPluginJar : add ltdc
2024-02-11 14:04:39,687 [INFO] IPUIPlugin:80 - create IPUIPlugin
2024-02-11 14:04:39,688 [INFO] PluginManager:220 - loadIPPluginJar : add mdma
2024-02-11 14:04:39,691 [INFO] IPUIPlugin:80 - create IPUIPlugin
2024-02-11 14:04:39,691 [INFO] PluginManager:220 - loadIPPluginJar : add nvic
2024-02-11 14:04:39,693 [INFO] IPUIPlugin:80 - create IPUIPlugin
2024-02-11 14:04:39,693 [INFO] PluginManager:220 - loadIPPluginJar : add opamp
2024-02-11 14:04:39,695 [INFO] IPUIPlugin:80 - create IPUIPlugin
2024-02-11 14:04:39,695 [INFO] PluginManager:220 - loadIPPluginJar : add openamp
2024-02-11 14:04:39,697 [INFO] IPUIPlugin:80 - create IPUIPlugin
2024-02-11 14:04:39,697 [INFO] PluginManager:220 - loadIPPluginJar : add pdm2pcm
2024-02-11 14:04:39,700 [INFO] IPUIPlugin:80 - create IPUIPlugin
2024-02-11 14:04:39,703 [INFO] PluginManager:220 - loadIPPluginJar : add plateformsettings
2024-02-11 14:04:39,705 [INFO] IPUIPlugin:80 - create IPUIPlugin
2024-02-11 14:04:39,705 [INFO] PluginManager:220 - loadIPPluginJar : add quadspi
2024-02-11 14:04:39,706 [INFO] IPUIPlugin:80 - create IPUIPlugin
2024-02-11 14:04:39,706 [INFO] PluginManager:220 - loadIPPluginJar : add resmgrutility
2024-02-11 14:04:39,709 [INFO] IPUIPlugin:80 - create IPUIPlugin
2024-02-11 14:04:39,709 [INFO] PluginManager:220 - loadIPPluginJar : add sai
2024-02-11 14:04:39,710 [INFO] IPUIPlugin:80 - create IPUIPlugin
2024-02-11 14:04:39,710 [INFO] PluginManager:220 - loadIPPluginJar : add spi
2024-02-11 14:04:39,713 [INFO] IPUIPlugin:80 - create IPUIPlugin
2024-02-11 14:04:39,713 [INFO] PluginManager:220 - loadIPPluginJar : add stm32_wpan
2024-02-11 14:04:39,714 [INFO] IPUIPlugin:80 - create IPUIPlugin
2024-02-11 14:04:39,714 [INFO] PluginManager:220 - loadIPPluginJar : add tim
2024-02-11 14:04:39,716 [INFO] IPUIPlugin:80 - create IPUIPlugin
2024-02-11 14:04:39,716 [INFO] PluginManager:220 - loadIPPluginJar : add touchsensing
2024-02-11 14:04:39,717 [INFO] IPUIPlugin:80 - create IPUIPlugin
2024-02-11 14:04:39,717 [INFO] PluginManager:220 - loadIPPluginJar : add tracer_emb
2024-02-11 14:04:39,718 [INFO] IPUIPlugin:80 - create IPUIPlugin
2024-02-11 14:04:39,718 [INFO] PluginManager:220 - loadIPPluginJar : add ts
2024-02-11 14:04:39,719 [INFO] IPUIPlugin:80 - create IPUIPlugin
2024-02-11 14:04:39,719 [INFO] PluginManager:220 - loadIPPluginJar : add tsc
2024-02-11 14:04:39,720 [INFO] IPUIPlugin:80 - create IPUIPlugin
2024-02-11 14:04:39,721 [INFO] PluginManager:220 - loadIPPluginJar : add ucpd
2024-02-11 14:04:39,722 [INFO] IPUIPlugin:80 - create IPUIPlugin
2024-02-11 14:04:39,722 [INFO] PluginManager:220 - loadIPPluginJar : add usart
2024-02-11 14:04:39,724 [INFO] IPUIPlugin:80 - create IPUIPlugin
2024-02-11 14:04:39,724 [INFO] PluginManager:220 - loadIPPluginJar : add usbx
2024-02-11 14:04:39,835 [INFO] CADModel:165 - CPN selected for project level
2024-02-11 14:04:39,835 [INFO] CADModel:114 - Register for checkConnection events
2024-02-11 14:04:39,835 [FATAL] Updater:308 - Updater called before beeing initialized
2024-02-11 14:04:39,835 [ERROR] CADModel:125 - Updater not yet initialized, retry later 
2024-02-11 14:04:39,945 [INFO] CADModel:165 - CPN selected for project level
2024-02-11 14:04:39,945 [INFO] CADModel:114 - Register for checkConnection events
2024-02-11 14:04:39,945 [FATAL] Updater:308 - Updater called before beeing initialized
2024-02-11 14:04:39,946 [ERROR] CADModel:125 - Updater not yet initialized, retry later 
2024-02-11 14:04:39,948 [FATAL] Updater:308 - Updater called before beeing initialized
2024-02-11 14:04:40,037 [FATAL] Updater:308 - Updater called before beeing initialized
2024-02-11 14:04:40,043 [INFO] DbMcusAds:53 - JSON generation date=Wed Nov 29 19:52:27 JST 2023 (1701255147200)
2024-02-11 14:04:40,043 [FATAL] Updater:308 - Updater called before beeing initialized
2024-02-11 14:04:40,072 [WARN] DetailPanel:346 - Failed to get advertising image, set to default
2024-02-11 14:04:40,137 [FATAL] Updater:308 - Updater called before beeing initialized
2024-02-11 14:04:40,138 [FATAL] Updater:308 - Updater called before beeing initialized
2024-02-11 14:04:40,138 [FATAL] Updater:308 - Updater called before beeing initialized
2024-02-11 14:04:40,138 [WARN] DetailPanel:346 - Failed to get advertising image, set to default
2024-02-11 14:04:40,139 [FATAL] Updater:308 - Updater called before beeing initialized
2024-02-11 14:04:40,173 [ERROR] Updater:1120 - MainUpdater not yet initialized. External WinMGr cannot be set.
2024-02-11 14:04:40,174 [INFO] Updater:1056 - Updater Version found : 6.10.0
2024-02-11 14:04:40,187 [INFO] ApplicationProperties:184 - Using Application install path: C:\ST\STM32CubeIDE_1.14.0\STM32CubeIDE\plugins\com.st.stm32cube.common.mx_6.10.0.202311202037
2024-02-11 14:04:40,426 [INFO] MainUpdater:2873 - connection check result : 10
2024-02-11 14:04:40,427 [INFO] MainUpdater:290 - Updater Check For Update Now.
2024-02-11 14:04:40,427 [INFO] MicroXplorer:498 - Change Database Version : DB.6.0.100
2024-02-11 14:04:40,432 [INFO] McuFinderGlobals:63 - Set McuFinder mode to 2 (CubeIDE integrated)
2024-02-11 14:04:40,442 [INFO] UserAuth:404 - Internet connection configuration mode: 1
2024-02-11 14:04:40,479 [INFO] JxBrowserEngine:152 - Initiate JxBrowser Engine with user profile folder
2024-02-11 14:04:40,589 [INFO] CheckServerUpdateThread:120 - End of CheckServer Thread
2024-02-11 14:04:40,979 [INFO] WebApp:161 - Instantiating new browser for Auth
2024-02-11 14:04:41,361 [INFO] WebApp:780 - Register for checkConnection events
2024-02-11 14:04:41,361 [INFO] WebApp:414 - Apply proxy settings
2024-02-11 14:04:41,361 [INFO] WebApp:499 - Chromium requires no authentication
2024-02-11 14:04:41,366 [INFO] WebApp:442 - Direct internet connection detected
2024-02-11 14:04:41,466 [INFO] WebApp:192 - Starting web application
2024-02-11 14:04:41,467 [INFO] WebApp:544 - Web application path used C:\ST\STM32CubeIDE_1.14.0\STM32CubeIDE\plugins\com.st.stm32cube.common.mx_6.10.0.202311202037\db\plugins\mcufinder\reactClient1\index.html
2024-02-11 14:04:42,088 [WARN] PackLoader:240 - Cannot read IP mode file for STMicroelectronics.X-CUBE-SMBUS.2.1.0
2024-02-11 14:04:42,095 [WARN] PackLoader:240 - Cannot read IP mode file for STMicroelectronics.X-CUBE-TOUCHGFX.4.23.0
2024-02-11 14:04:42,116 [WARN] PackLoader:240 - Cannot read IP mode file for STMicroelectronics.X-CUBE-AZRTOS-F7.1.1.0
2024-02-11 14:04:42,124 [WARN] PackLoader:240 - Cannot read IP mode file for STMicroelectronics.FP-SNS-MOTENV1.4.3.2
2024-02-11 14:04:42,130 [WARN] PackLoader:240 - Cannot read IP mode file for STMicroelectronics.FP-SNS-FLIGHT1.5.0.2
2024-02-11 14:04:42,139 [WARN] PackLoader:240 - Cannot read IP mode file for STMicroelectronics.X-CUBE-DISPLAY.3.0.0
2024-02-11 14:04:42,155 [WARN] PackLoader:240 - Cannot read IP mode file for STMicroelectronics.X-CUBE-BLE1.7.0.0
2024-02-11 14:04:42,160 [WARN] PackLoader:240 - Cannot read IP mode file for emotas.I-CUBE-CANOPEN.1.3.0
2024-02-11 14:04:42,163 [WARN] PackLoader:240 - Cannot read IP mode file for STMicroelectronics.X-CUBE-TOUCHGFX.4.22.1
2024-02-11 14:04:42,166 [WARN] PackLoader:240 - Cannot read IP mode file for STMicroelectronics.FP-SNS-SMARTAG2.1.2.0
2024-02-11 14:04:42,178 [INFO] LogOutputStream:77 - [STDOUT_REDIRECT] 1 : Invalid condition id : UX_CORESTACK_Condition cause : null
2024-02-11 14:04:42,179 [INFO] LogOutputStream:77 - [STDOUT_REDIRECT] 1 : Invalid condition id : UX_CORESTACK_Condition cause : null
2024-02-11 14:04:42,180 [INFO] LogOutputStream:77 - [STDOUT_REDIRECT] 1 : Invalid condition id : UX_CORESTACK_Condition cause : null
2024-02-11 14:04:42,182 [INFO] LogOutputStream:77 - [STDOUT_REDIRECT] 1 : Invalid condition id : UX_CORESTACK_Condition cause : null
2024-02-11 14:04:42,183 [INFO] LogOutputStream:77 - [STDOUT_REDIRECT] 1 : Invalid condition id : UX_CORESTACK_Condition cause : null
2024-02-11 14:04:42,185 [WARN] PackLoader:240 - Cannot read IP mode file for STMicroelectronics.X-CUBE-AZRTOS-WL.2.0.0
2024-02-11 14:04:42,196 [WARN] PackLoader:240 - Cannot read IP mode file for WES.I-CUBE-Cesium.1.3.0
2024-02-11 14:04:42,201 [WARN] PackLoader:240 - Cannot read IP mode file for STMicroelectronics.X-CUBE-BLE2.3.3.0
2024-02-11 14:04:42,206 [WARN] PackLoader:240 - Cannot read IP mode file for STMicroelectronics.X-CUBE-ALGOBUILD.1.3.0
2024-02-11 14:04:42,221 [WARN] PackLoader:240 - Cannot read IP mode file for STMicroelectronics.X-CUBE-AZRTOS-G0.1.1.0
2024-02-11 14:04:42,226 [WARN] PackLoader:240 - Cannot read IP mode file for STMicroelectronics.X-CUBE-NFC4.3.0.0
2024-02-11 14:04:42,233 [WARN] PackLoader:240 - Cannot read IP mode file for STMicroelectronics.X-CUBE-BLEMGR.3.0.0
2024-02-11 14:04:42,238 [WARN] PackLoader:240 - Cannot read IP mode file for STMicroelectronics.FP-ATR-SIGFOX1.3.2.0
2024-02-11 14:04:42,242 [WARN] PackLoader:240 - Cannot read IP mode file for STMicroelectronics.X-CUBE-EEPRMA1.5.1.0
2024-02-11 14:04:42,262 [WARN] PackLoader:240 - Cannot read IP mode file for SEGGER.I-CUBE-embOS.1.3.1
2024-02-11 14:04:42,284 [WARN] PackLoader:240 - Cannot read IP mode file for STMicroelectronics.X-CUBE-GNSS1.6.0.0
2024-02-11 14:04:42,293 [WARN] PackLoader:240 - Cannot read IP mode file for STMicroelectronics.X-CUBE-AZRTOS-F4.1.1.0
2024-02-11 14:04:42,298 [WARN] PackLoader:240 - Cannot read IP mode file for wolfSSL.I-CUBE-wolfSSL.5.6.3
2024-02-11 14:04:42,307 [WARN] PackLoader:240 - Cannot read IP mode file for STMicroelectronics.X-CUBE-AZRTOS-L5.2.0.0
2024-02-11 14:04:42,311 [WARN] PackLoader:240 - Cannot read IP mode file for STMicroelectronics.X-CUBE-EEPRMA1.4.2.0
2024-02-11 14:04:42,316 [WARN] PackLoader:240 - Cannot read IP mode file for ITTIA_DB.I-CUBE-ITTIADB.8.8.0
2024-02-11 14:04:42,321 [WARN] PackLoader:240 - Cannot read IP mode file for STMicroelectronics.X-CUBE-BLEMGR.2.0.0
2024-02-11 14:04:42,340 [WARN] ConditionMgr:438 - getConditionDescription Invalid condition id : UX DEVICE CLASS RTOS Condition cause : null
2024-02-11 14:04:42,341 [WARN] ConditionMgr:438 - getConditionDescription Invalid condition id : UX DEVICE CLASS RTOS Condition cause : null
2024-02-11 14:04:42,342 [WARN] PackLoader:240 - Cannot read IP mode file for STMicroelectronics.X-CUBE-AZRTOS-H7.3.1.0
2024-02-11 14:04:42,343 [WARN] ConditionMgr:1039 - genDependencies : Invalid condition id : UX DEVICE CLASS RTOS Condition cause : null
2024-02-11 14:04:42,343 [WARN] ConditionMgr:1039 - genDependencies : Invalid condition id : UX DEVICE CLASS RTOS Condition cause : null
2024-02-11 14:04:42,344 [WARN] ConditionMgr:1039 - genDependencies : Invalid condition id : UX DEVICE CLASS RTOS Condition cause : null
2024-02-11 14:04:42,344 [WARN] ConditionMgr:1039 - genDependencies : Invalid condition id : UX DEVICE CLASS RTOS Condition cause : null
2024-02-11 14:04:42,344 [WARN] ConditionMgr:1039 - genDependencies : Invalid condition id : UX DEVICE CLASS RTOS Condition cause : null
2024-02-11 14:04:42,350 [WARN] PackLoader:240 - Cannot read IP mode file for STMicroelectronics.X-CUBE-NFC7.1.0.1
2024-02-11 14:04:42,358 [WARN] PackLoader:240 - Cannot read IP mode file for STMicroelectronics.X-CUBE-NFC6.3.0.0
2024-02-11 14:04:42,362 [WARN] PackLoader:240 - Cannot read IP mode file for STMicroelectronics.X-CUBE-EEPRMA1.4.1.0
2024-02-11 14:04:42,366 [WARN] PackLoader:240 - Cannot read IP mode file for STMicroelectronics.X-CUBE-AI.8.1.0
2024-02-11 14:04:42,377 [WARN] ConditionMgr:438 - getConditionDescription Invalid condition id : LAN8742 Phy interface Condition cause : null
2024-02-11 14:04:42,377 [WARN] PackLoader:240 - Cannot read IP mode file for STMicroelectronics.X-CUBE-AZRTOS-L4.2.0.0
2024-02-11 14:04:42,379 [WARN] ConditionMgr:1039 - genDependencies : Invalid condition id : LAN8742 Phy interface Condition cause : null
2024-02-11 14:04:42,379 [WARN] ConditionMgr:1039 - genDependencies : Invalid condition id : LAN8742 Phy interface Condition cause : null
2024-02-11 14:04:42,379 [WARN] ConditionMgr:1039 - genDependencies : Invalid condition id : LAN8742 Phy interface Condition cause : null
2024-02-11 14:04:42,387 [WARN] PackLoader:240 - Cannot read IP mode file for STMicroelectronics.X-CUBE-SFXS2LP1.4.0.0
2024-02-11 14:04:42,391 [WARN] PackLoader:240 - Cannot read IP mode file for STMicroelectronics.X-CUBE-ISPU.1.1.0
2024-02-11 14:04:42,398 [WARN] ConditionMgr:438 - getConditionDescription Invalid condition id : UX DEVICE CLASS RTOS Condition cause : null
2024-02-11 14:04:42,398 [WARN] ConditionMgr:438 - getConditionDescription Invalid condition id : UX DEVICE CLASS RTOS Condition cause : null
2024-02-11 14:04:42,399 [WARN] PackLoader:240 - Cannot read IP mode file for STMicroelectronics.X-CUBE-AZRTOS-WB.2.0.0
2024-02-11 14:04:42,400 [WARN] ConditionMgr:1039 - genDependencies : Invalid condition id : UX DEVICE CLASS RTOS Condition cause : null
2024-02-11 14:04:42,400 [WARN] ConditionMgr:1039 - genDependencies : Invalid condition id : UX DEVICE CLASS RTOS Condition cause : null
2024-02-11 14:04:42,400 [WARN] ConditionMgr:1039 - genDependencies : Invalid condition id : UX DEVICE CLASS RTOS Condition cause : null
2024-02-11 14:04:42,400 [WARN] ConditionMgr:1039 - genDependencies : Invalid condition id : UX DEVICE CLASS RTOS Condition cause : null
2024-02-11 14:04:42,400 [WARN] ConditionMgr:1039 - genDependencies : Invalid condition id : UX DEVICE CLASS RTOS Condition cause : null
2024-02-11 14:04:42,406 [WARN] PackLoader:240 - Cannot read IP mode file for STMicroelectronics.X-CUBE-SUBG2.5.0.0
2024-02-11 14:04:42,415 [WARN] PackLoader:240 - Cannot read IP mode file for STMicroelectronics.X-CUBE-TOF1.3.3.1
2024-02-11 14:04:42,428 [WARN] PackLoader:240 - Cannot read IP mode file for STMicroelectronics.X-CUBE-AZRTOS-G4.2.0.0
2024-02-11 14:04:42,439 [WARN] PackLoader:240 - Cannot read IP mode file for Infineon.AIROC-Wi-Fi-Bluetooth-STM32.1.5.1
2024-02-11 14:04:42,444 [WARN] PackLoader:240 - Cannot read IP mode file for STMicroelectronics.FP-SNS-MOTENVWB1.1.3.0
2024-02-11 14:04:42,446 [WARN] PackLoader:240 - Cannot read IP mode file for STMicroelectronics.FP-SNS-MOTENVWB1.1.3.1
2024-02-11 14:04:42,450 [WARN] PackLoader:240 - Cannot read IP mode file for STMicroelectronics.X-CUBE-ISPU.2.0.0
2024-02-11 14:04:42,469 [WARN] PackLoader:240 - Cannot read IP mode file for STMicroelectronics.X-CUBE-MEMS1.10.0.0
2024-02-11 14:04:42,531 [WARN] PackLoader:240 - Cannot read IP mode file for STMicroelectronics.X-CUBE-FREERTOS.1.1.0
2024-02-11 14:04:42,535 [WARN] PackLoader:240 - Cannot read IP mode file for portGmbH.I-Cube-SoM-uGOAL.1.1.0
2024-02-11 14:04:42,538 [WARN] PackLoader:240 - Cannot read IP mode file for STMicroelectronics.X-CUBE-ALS.1.0.1
2024-02-11 14:04:42,541 [WARN] PackLoader:240 - Cannot read IP mode file for STMicroelectronics.FP-ATR-ASTRA1.2.0.0
2024-02-11 14:04:42,547 [WARN] PackLoader:240 - Cannot read IP mode file for STMicroelectronics.X-CUBE-TOF1.3.4.0
2024-02-11 14:04:42,565 [WARN] PackLoader:240 - Cannot read IP mode file for STMicroelectronics.X-CUBE-AZRTOS-H7.3.2.0
2024-02-11 14:04:42,568 [INFO] ThirdParty:978 - Integrity check success = true
2024-02-11 14:04:42,568 [INFO] IntegrityCheckThread:100 - exiting critical section [integrity check]
2024-02-11 14:04:42,568 [INFO] IntegrityCheckThread:103 - End integrity checks thread
2024-02-11 14:05:02,009 [ERROR] LogOutputStream:75 - [STDERR_REDIRECT] SLF4J: Failed to load class "org.slf4j.impl.StaticLoggerBinder".
2024-02-11 14:05:02,010 [ERROR] LogOutputStream:75 - [STDERR_REDIRECT] SLF4J: Defaulting to no-operation (NOP) logger implementation
2024-02-11 14:05:02,010 [ERROR] LogOutputStream:75 - [STDERR_REDIRECT] SLF4J: See http://www.slf4j.org/codes.html#StaticLoggerBinder for further details.
2024-02-11 14:13:07,262 [ERROR] LogOutputStream:75 - [STDERR_REDIRECT] 
