2024-01-29 15:31:16,596 [INFO] Activator:176 - 


2024-01-29 15:31:16,601 [INFO] Activator:177 - !SESSION log4j initialized
2024-01-29 15:31:21,288 [INFO] LogOutputStream:77 - [STDOUT_REDIRECT] 
2024-01-29 15:31:22,578 [INFO] ApplicationProperties:184 - Using Application install path: C:\ST\STM32CubeIDE_1.14.0\STM32CubeIDE\plugins\com.st.stm32cube.common.mx_6.10.0.202311202037
2024-01-29 15:31:22,596 [INFO] DbMcusXml:78 - Set database path to: C:\ST\STM32CubeIDE_1.14.0\STM32CubeIDE\plugins\com.st.stm32cube.common.mx_6.10.0.202311202037\\db\/mcu/
2024-01-29 15:31:22,596 [INFO] ApiDb:274 - Set plugin database path to: C:\ST\STM32CubeIDE_1.14.0\STM32CubeIDE\plugins\com.st.stm32cube.common.mx_6.10.0.202311202037\\db\/plugins/boardmanager/
2024-01-29 15:31:22,598 [WARN] ApiDb:259 - Overriding images path with different value:  => C:\ST\STM32CubeIDE_1.14.0\STM32CubeIDE\plugins\com.st.stm32cube.common.mx_6.10.0.202311202037\\db\/plugins/mcufinder/images/
2024-01-29 15:31:22,608 [INFO] ApiDb:250 - Set database path to: C:\Users\mizun\.stmcufinder\plugins\mcufinder//mcu/
2024-01-29 15:31:22,609 [INFO] DbMcusAds:125 - Set database path to: C:\Users\mizun\.stmcufinder\plugins\mcufinder//mcu/
2024-01-29 15:31:22,610 [INFO] CrossReferenceDbSqlite:203 - Set database path to: C:\Users\mizun\.stmcufinder\plugins\mcufinder//mcu/cs/
2024-01-29 15:31:22,682 [INFO] RulesReader:64 - Compatibility file has been processed (297 Rules)
2024-01-29 15:31:22,749 [INFO] DbMcusXml:78 - Set database path to: C:\ST\STM32CubeIDE_1.14.0\STM32CubeIDE\plugins\com.st.stm32cube.common.mx_6.10.0.202311202037\\db\/mcu/
2024-01-29 15:31:22,749 [INFO] ApiDb:274 - Set plugin database path to: C:\ST\STM32CubeIDE_1.14.0\STM32CubeIDE\plugins\com.st.stm32cube.common.mx_6.10.0.202311202037\\db\/plugins/boardmanager/
2024-01-29 15:31:22,749 [INFO] ApiDb:261 - Set plugin images path to: C:\ST\STM32CubeIDE_1.14.0\STM32CubeIDE\plugins\com.st.stm32cube.common.mx_6.10.0.202311202037\\db\/plugins/mcufinder/images/
2024-01-29 15:31:22,749 [WARN] DbFile:41 - Overriding database path with different value: C:\Users\mizun\.stmcufinder\plugins\mcufinder/ => C:\Users\mizun\.stmcufinder\plugins\mcufinder
2024-01-29 15:31:22,749 [INFO] ApiDb:250 - Set database path to: C:\Users\mizun\.stmcufinder\plugins\mcufinder//mcu/
2024-01-29 15:31:22,749 [WARN] DbFile:41 - Overriding database path with different value: C:\Users\mizun\.stmcufinder\plugins\mcufinder/ => C:\Users\mizun\.stmcufinder\plugins\mcufinder
2024-01-29 15:31:22,749 [INFO] DbMcusAds:125 - Set database path to: C:\Users\mizun\.stmcufinder\plugins\mcufinder//mcu/
2024-01-29 15:31:22,749 [WARN] DbFile:41 - Overriding database path with different value: C:\Users\mizun\.stmcufinder\plugins\mcufinder/ => C:\Users\mizun\.stmcufinder\plugins\mcufinder
2024-01-29 15:31:22,749 [WARN] DbFile:41 - Overriding database path with different value: C:\Users\mizun\.stmcufinder\plugins\mcufinder/ => C:\Users\mizun\.stmcufinder\plugins\mcufinder
2024-01-29 15:31:22,749 [INFO] CrossReferenceDbSqlite:203 - Set database path to: C:\Users\mizun\.stmcufinder\plugins\mcufinder//mcu/cs/
2024-01-29 15:31:22,820 [INFO] MainPanel:264 - HeapMemory: 268435456
2024-01-29 15:31:22,899 [INFO] DbMcusXml:78 - Set database path to: C:\ST\STM32CubeIDE_1.14.0\STM32CubeIDE\plugins\com.st.stm32cube.common.mx_6.10.0.202311202037\\db\/mcu/
2024-01-29 15:31:22,899 [INFO] ApiDb:274 - Set plugin database path to: C:\ST\STM32CubeIDE_1.14.0\STM32CubeIDE\plugins\com.st.stm32cube.common.mx_6.10.0.202311202037\\db\/plugins/boardmanager/
2024-01-29 15:31:22,899 [INFO] ApiDb:261 - Set plugin images path to: C:\ST\STM32CubeIDE_1.14.0\STM32CubeIDE\plugins\com.st.stm32cube.common.mx_6.10.0.202311202037\\db\/plugins/mcufinder/images/
2024-01-29 15:31:22,899 [WARN] DbFile:41 - Overriding database path with different value: C:\Users\mizun\.stmcufinder\plugins\mcufinder/ => C:\Users\mizun\.stmcufinder\plugins\mcufinder
2024-01-29 15:31:22,899 [INFO] ApiDb:250 - Set database path to: C:\Users\mizun\.stmcufinder\plugins\mcufinder//mcu/
2024-01-29 15:31:22,900 [WARN] DbFile:41 - Overriding database path with different value: C:\Users\mizun\.stmcufinder\plugins\mcufinder/ => C:\Users\mizun\.stmcufinder\plugins\mcufinder
2024-01-29 15:31:22,900 [INFO] DbMcusAds:125 - Set database path to: C:\Users\mizun\.stmcufinder\plugins\mcufinder//mcu/
2024-01-29 15:31:22,900 [WARN] DbFile:41 - Overriding database path with different value: C:\Users\mizun\.stmcufinder\plugins\mcufinder/ => C:\Users\mizun\.stmcufinder\plugins\mcufinder
2024-01-29 15:31:22,900 [WARN] DbFile:41 - Overriding database path with different value: C:\Users\mizun\.stmcufinder\plugins\mcufinder/ => C:\Users\mizun\.stmcufinder\plugins\mcufinder
2024-01-29 15:31:22,900 [INFO] CrossReferenceDbSqlite:203 - Set database path to: C:\Users\mizun\.stmcufinder\plugins\mcufinder//mcu/cs/
2024-01-29 15:31:22,915 [INFO] ApplicationProperties:184 - Using Application install path: C:\ST\STM32CubeIDE_1.14.0\STM32CubeIDE\plugins\com.st.stm32cube.common.mx_6.10.0.202311202037
2024-01-29 15:31:22,917 [INFO] PluginManage:196 - Search for loadable plugins [exclusion list=, ]
2024-01-29 15:31:22,918 [INFO] PluginManage:310 - Check plugin analytics
2024-01-29 15:31:23,055 [INFO] AnalyticsPlugin:253 - Accepted Software Licenses: 
2024-01-29 15:31:23,055 [INFO] AnalyticsPlugin:255 - Accepted CMSIS Pack Licenses: 
2024-01-29 15:31:23,055 [INFO] AnalyticsPlugin:257 - Accepted Firmware Licenses: 
2024-01-29 15:31:23,057 [INFO] PluginManage:359 - Loaded plugin analytics (category:tool,tabindex:-1)
2024-01-29 15:31:23,057 [INFO] PluginManage:310 - Check plugin cadmodel
2024-01-29 15:31:23,069 [INFO] CADModel:105 - Init CAD model plugin
2024-01-29 15:31:23,070 [INFO] PluginManage:359 - Loaded plugin cadmodel (category:power,tabindex:5)
2024-01-29 15:31:23,070 [INFO] PluginManage:310 - Check plugin clock
2024-01-29 15:31:23,090 [INFO] PluginManage:359 - Loaded plugin clock (category:base,tabindex:2)
2024-01-29 15:31:23,090 [INFO] PluginManage:310 - Check plugin ddr
2024-01-29 15:31:23,092 [INFO] PluginManage:359 - Loaded plugin ddr (category:tool,tabindex:6)
2024-01-29 15:31:23,092 [INFO] PluginManage:310 - Check plugin filemanager
2024-01-29 15:31:23,221 [INFO] PluginManage:359 - Loaded plugin filemanager (category:base,tabindex:10)
2024-01-29 15:31:23,221 [INFO] PluginManage:310 - Check plugin ipmanager
2024-01-29 15:31:23,228 [INFO] PluginManage:359 - Loaded plugin ipmanager (category:base,tabindex:5)
2024-01-29 15:31:23,228 [INFO] PluginManage:310 - Check plugin lpbam
2024-01-29 15:31:23,243 [INFO] PluginManage:359 - Loaded plugin lpbam (category:base,tabindex:0)
2024-01-29 15:31:23,243 [INFO] PluginManage:310 - Check plugin memorymap
2024-01-29 15:31:23,266 [INFO] PluginManage:359 - Loaded plugin memorymap (category:base,tabindex:4)
2024-01-29 15:31:23,266 [INFO] PluginManage:310 - Check plugin pinoutandconfiguration
2024-01-29 15:31:23,279 [INFO] PluginManage:359 - Loaded plugin pinoutandconfiguration (category:base,tabindex:1)
2024-01-29 15:31:23,279 [INFO] PluginManage:310 - Check plugin pinoutconfig
2024-01-29 15:31:23,351 [WARN] SupportedApi:132 - Cannot load RTOS API schema: s4s-elt-must-match.1: The content of 'definitions' must match (annotation?, (simpleType | complexType)?, (unique | key | keyref)*)). A problem was found starting at: attribute.
2024-01-29 15:31:23,449 [INFO] PluginManage:359 - Loaded plugin pinoutconfig (category:base,tabindex:0)
2024-01-29 15:31:23,449 [INFO] PluginManage:310 - Check plugin power
2024-01-29 15:31:23,467 [INFO] PluginManage:359 - Loaded plugin power (category:power,tabindex:4)
2024-01-29 15:31:23,467 [INFO] PluginManage:310 - Check plugin projectmanager
2024-01-29 15:31:23,481 [INFO] PluginManage:359 - Loaded plugin projectmanager (category:projectmanager,tabindex:3)
2024-01-29 15:31:23,481 [INFO] PluginManage:310 - Check plugin thirdparty
2024-01-29 15:31:23,675 [INFO] PluginManage:359 - Loaded plugin thirdparty (category:base,tabindex:-1)
2024-01-29 15:31:23,675 [WARN] IntegrityCheckThread:84 - waiting for thirdparty lock release [integrity check]
2024-01-29 15:31:23,675 [INFO] PluginManage:310 - Check plugin tools
2024-01-29 15:31:23,675 [INFO] IntegrityCheckThread:86 - entering critical section [integrity check]
2024-01-29 15:31:23,676 [INFO] ThirdPartyUpdaterWithRetryManager:70 - Updater plugin not ready yet. [1/15]
2024-01-29 15:31:23,697 [INFO] PluginManage:359 - Loaded plugin tools (category:base,tabindex:7)
2024-01-29 15:31:23,697 [INFO] PluginManage:310 - Check plugin tutovideos
2024-01-29 15:31:23,838 [INFO] PluginManage:359 - Loaded plugin tutovideos (category:base,tabindex:-1)
2024-01-29 15:31:23,838 [INFO] PluginManage:310 - Check plugin updater
2024-01-29 15:31:23,849 [INFO] PluginManage:359 - Loaded plugin updater (category:base,tabindex:12)
2024-01-29 15:31:23,849 [INFO] PluginManage:310 - Check plugin userauth
2024-01-29 15:31:23,853 [INFO] UserAuth:114 - Init User Auth plugin
2024-01-29 15:31:23,853 [INFO] PluginManage:359 - Loaded plugin userauth (category:base,tabindex:14)
2024-01-29 15:31:23,853 [INFO] PluginManage:283 - PluginManage : Loaded plugins [17]
2024-01-29 15:31:24,065 [INFO] PinOutPanel:1499 - setPackage(No Configuration,No Configuration)
2024-01-29 15:31:24,126 [INFO] CADModel:165 - CPN selected for project level
2024-01-29 15:31:24,126 [INFO] CADModel:114 - Register for checkConnection events
2024-01-29 15:31:24,150 [INFO] IPUIPlugin:80 - create IPUIPlugin
2024-01-29 15:31:24,150 [INFO] PluginManager:220 - loadIPPluginJar : add adc
2024-01-29 15:31:24,174 [INFO] IPUIPlugin:80 - create IPUIPlugin
2024-01-29 15:31:24,174 [INFO] PluginManager:220 - loadIPPluginJar : add aes
2024-01-29 15:31:24,201 [INFO] IPUIPlugin:80 - create IPUIPlugin
2024-01-29 15:31:24,201 [INFO] PluginManager:220 - loadIPPluginJar : add can
2024-01-29 15:31:24,218 [INFO] IPUIPlugin:80 - create IPUIPlugin
2024-01-29 15:31:24,218 [INFO] PluginManager:220 - loadIPPluginJar : add comp
2024-01-29 15:31:24,242 [INFO] IPUIPlugin:80 - create IPUIPlugin
2024-01-29 15:31:24,242 [INFO] PluginManager:220 - loadIPPluginJar : add cryp
2024-01-29 15:31:24,271 [INFO] IPUIPlugin:80 - create IPUIPlugin
2024-01-29 15:31:24,271 [INFO] PluginManager:220 - loadIPPluginJar : add dfsdm
2024-01-29 15:31:24,288 [INFO] IPUIPlugin:80 - create IPUIPlugin
2024-01-29 15:31:24,288 [INFO] PluginManager:220 - loadIPPluginJar : add dma
2024-01-29 15:31:24,335 [INFO] IPUIPlugin:80 - create IPUIPlugin
2024-01-29 15:31:24,335 [INFO] PluginManager:220 - loadIPPluginJar : add dma3
2024-01-29 15:31:24,354 [INFO] IPUIPlugin:80 - create IPUIPlugin
2024-01-29 15:31:24,354 [INFO] PluginManager:220 - loadIPPluginJar : add fatfs
2024-01-29 15:31:24,401 [INFO] IPUIPlugin:80 - create IPUIPlugin
2024-01-29 15:31:24,401 [INFO] PluginManager:220 - loadIPPluginJar : add fmc
2024-01-29 15:31:24,414 [INFO] IPUIPlugin:80 - create IPUIPlugin
2024-01-29 15:31:24,414 [INFO] PluginManager:220 - loadIPPluginJar : add freertos
2024-01-29 15:31:24,433 [INFO] IPUIPlugin:80 - create IPUIPlugin
2024-01-29 15:31:24,433 [INFO] PluginManager:220 - loadIPPluginJar : add genericplugin
2024-01-29 15:31:24,519 [INFO] IPUIPlugin:80 - create IPUIPlugin
2024-01-29 15:31:24,519 [INFO] PluginManager:220 - loadIPPluginJar : add gfxmmu
2024-01-29 15:31:24,624 [INFO] IPUIPlugin:80 - create IPUIPlugin
2024-01-29 15:31:24,624 [INFO] PluginManager:220 - loadIPPluginJar : add gic
2024-01-29 15:31:24,635 [INFO] IPUIPlugin:80 - create IPUIPlugin
2024-01-29 15:31:24,635 [INFO] PluginManager:220 - loadIPPluginJar : add gpio
2024-01-29 15:31:24,696 [INFO] IPUIPlugin:80 - create IPUIPlugin
2024-01-29 15:31:24,696 [INFO] PluginManager:220 - loadIPPluginJar : add gtzc
2024-01-29 15:31:24,723 [INFO] IPUIPlugin:80 - create IPUIPlugin
2024-01-29 15:31:24,723 [INFO] PluginManager:220 - loadIPPluginJar : add hash
2024-01-29 15:31:24,759 [INFO] IPUIPlugin:80 - create IPUIPlugin
2024-01-29 15:31:24,759 [INFO] PluginManager:220 - loadIPPluginJar : add i2c
2024-01-29 15:31:24,785 [INFO] IPUIPlugin:80 - create IPUIPlugin
2024-01-29 15:31:24,785 [INFO] PluginManager:220 - loadIPPluginJar : add i2s
2024-01-29 15:31:24,819 [INFO] IPUIPlugin:80 - create IPUIPlugin
2024-01-29 15:31:24,819 [INFO] PluginManager:220 - loadIPPluginJar : add i3c
2024-01-29 15:31:24,911 [INFO] IPUIPlugin:80 - create IPUIPlugin
2024-01-29 15:31:24,911 [INFO] PluginManager:220 - loadIPPluginJar : add ipddr
2024-01-29 15:31:24,987 [INFO] IPUIPlugin:80 - create IPUIPlugin
2024-01-29 15:31:24,987 [INFO] PluginManager:220 - loadIPPluginJar : add linkedlist
2024-01-29 15:31:25,025 [INFO] IPUIPlugin:80 - create IPUIPlugin
2024-01-29 15:31:25,025 [INFO] PluginManager:220 - loadIPPluginJar : add lorawan
2024-01-29 15:31:25,055 [INFO] IPUIPlugin:80 - create IPUIPlugin
2024-01-29 15:31:25,055 [INFO] PluginManager:220 - loadIPPluginJar : add ltdc
2024-01-29 15:31:25,070 [INFO] IPUIPlugin:80 - create IPUIPlugin
2024-01-29 15:31:25,070 [INFO] PluginManager:220 - loadIPPluginJar : add mdma
2024-01-29 15:31:25,079 [INFO] IPUIPlugin:80 - create IPUIPlugin
2024-01-29 15:31:25,079 [INFO] PluginManager:220 - loadIPPluginJar : add nvic
2024-01-29 15:31:25,103 [INFO] IPUIPlugin:80 - create IPUIPlugin
2024-01-29 15:31:25,103 [INFO] PluginManager:220 - loadIPPluginJar : add opamp
2024-01-29 15:31:25,144 [INFO] IPUIPlugin:80 - create IPUIPlugin
2024-01-29 15:31:25,144 [INFO] PluginManager:220 - loadIPPluginJar : add openamp
2024-01-29 15:31:25,182 [INFO] IPUIPlugin:80 - create IPUIPlugin
2024-01-29 15:31:25,182 [INFO] PluginManager:220 - loadIPPluginJar : add pdm2pcm
2024-01-29 15:31:25,194 [INFO] IPUIPlugin:80 - create IPUIPlugin
2024-01-29 15:31:25,196 [INFO] PluginManager:220 - loadIPPluginJar : add plateformsettings
2024-01-29 15:31:25,214 [INFO] IPUIPlugin:80 - create IPUIPlugin
2024-01-29 15:31:25,214 [INFO] PluginManager:220 - loadIPPluginJar : add quadspi
2024-01-29 15:31:25,224 [INFO] IPUIPlugin:80 - create IPUIPlugin
2024-01-29 15:31:25,224 [INFO] PluginManager:220 - loadIPPluginJar : add resmgrutility
2024-01-29 15:31:25,259 [INFO] IPUIPlugin:80 - create IPUIPlugin
2024-01-29 15:31:25,259 [INFO] PluginManager:220 - loadIPPluginJar : add sai
2024-01-29 15:31:25,290 [INFO] IPUIPlugin:80 - create IPUIPlugin
2024-01-29 15:31:25,290 [INFO] PluginManager:220 - loadIPPluginJar : add spi
2024-01-29 15:31:25,347 [INFO] IPUIPlugin:80 - create IPUIPlugin
2024-01-29 15:31:25,347 [INFO] PluginManager:220 - loadIPPluginJar : add stm32_wpan
2024-01-29 15:31:25,362 [INFO] IPUIPlugin:80 - create IPUIPlugin
2024-01-29 15:31:25,362 [INFO] PluginManager:220 - loadIPPluginJar : add tim
2024-01-29 15:31:25,405 [INFO] IPUIPlugin:80 - create IPUIPlugin
2024-01-29 15:31:25,405 [INFO] PluginManager:220 - loadIPPluginJar : add touchsensing
2024-01-29 15:31:25,422 [INFO] IPUIPlugin:80 - create IPUIPlugin
2024-01-29 15:31:25,423 [INFO] PluginManager:220 - loadIPPluginJar : add tracer_emb
2024-01-29 15:31:25,440 [INFO] IPUIPlugin:80 - create IPUIPlugin
2024-01-29 15:31:25,440 [INFO] PluginManager:220 - loadIPPluginJar : add ts
2024-01-29 15:31:25,453 [INFO] IPUIPlugin:80 - create IPUIPlugin
2024-01-29 15:31:25,454 [INFO] PluginManager:220 - loadIPPluginJar : add tsc
2024-01-29 15:31:25,468 [INFO] IPUIPlugin:80 - create IPUIPlugin
2024-01-29 15:31:25,468 [INFO] PluginManager:220 - loadIPPluginJar : add ucpd
2024-01-29 15:31:25,503 [INFO] IPUIPlugin:80 - create IPUIPlugin
2024-01-29 15:31:25,503 [INFO] PluginManager:220 - loadIPPluginJar : add usart
2024-01-29 15:31:25,538 [INFO] IPUIPlugin:80 - create IPUIPlugin
2024-01-29 15:31:25,539 [INFO] PluginManager:220 - loadIPPluginJar : add usbx
2024-01-29 15:31:25,651 [INFO] CADModel:165 - CPN selected for project level
2024-01-29 15:31:25,652 [INFO] CADModel:114 - Register for checkConnection events
2024-01-29 15:31:25,652 [FATAL] Updater:308 - Updater called before beeing initialized
2024-01-29 15:31:25,652 [ERROR] CADModel:125 - Updater not yet initialized, retry later 
2024-01-29 15:31:25,777 [INFO] CADModel:165 - CPN selected for project level
2024-01-29 15:31:25,777 [INFO] CADModel:114 - Register for checkConnection events
2024-01-29 15:31:25,778 [FATAL] Updater:308 - Updater called before beeing initialized
2024-01-29 15:31:25,778 [ERROR] CADModel:125 - Updater not yet initialized, retry later 
2024-01-29 15:31:25,780 [FATAL] Updater:308 - Updater called before beeing initialized
2024-01-29 15:31:25,854 [FATAL] Updater:308 - Updater called before beeing initialized
2024-01-29 15:31:25,857 [INFO] DbMcusAds:53 - JSON generation date=Wed Nov 29 19:52:27 JST 2023 (1701255147200)
2024-01-29 15:31:25,857 [FATAL] Updater:308 - Updater called before beeing initialized
2024-01-29 15:31:25,913 [WARN] DetailPanel:346 - Failed to get advertising image, set to default
2024-01-29 15:31:25,970 [FATAL] Updater:308 - Updater called before beeing initialized
2024-01-29 15:31:25,972 [FATAL] Updater:308 - Updater called before beeing initialized
2024-01-29 15:31:25,972 [FATAL] Updater:308 - Updater called before beeing initialized
2024-01-29 15:31:25,972 [WARN] DetailPanel:346 - Failed to get advertising image, set to default
2024-01-29 15:31:25,972 [FATAL] Updater:308 - Updater called before beeing initialized
2024-01-29 15:31:26,013 [ERROR] Updater:1120 - MainUpdater not yet initialized. External WinMGr cannot be set.
2024-01-29 15:31:26,020 [INFO] Updater:1056 - Updater Version found : 6.10.0
2024-01-29 15:31:26,036 [INFO] ApplicationProperties:184 - Using Application install path: C:\ST\STM32CubeIDE_1.14.0\STM32CubeIDE\plugins\com.st.stm32cube.common.mx_6.10.0.202311202037
2024-01-29 15:31:26,495 [INFO] MainUpdater:2873 - connection check result : 10
2024-01-29 15:31:26,495 [INFO] MainUpdater:290 - Updater Check For Update Now.
2024-01-29 15:31:26,495 [INFO] MicroXplorer:498 - Change Database Version : DB.6.0.100
2024-01-29 15:31:26,517 [INFO] McuFinderGlobals:63 - Set McuFinder mode to 2 (CubeIDE integrated)
2024-01-29 15:31:26,531 [INFO] UserAuth:404 - Internet connection configuration mode: 1
2024-01-29 15:31:26,557 [INFO] JxBrowserEngine:152 - Initiate JxBrowser Engine with user profile folder
2024-01-29 15:31:26,670 [INFO] CheckServerUpdateThread:120 - End of CheckServer Thread
2024-01-29 15:31:26,815 [WARN] PackLoader:240 - Cannot read IP mode file for STMicroelectronics.X-CUBE-SMBUS.2.1.0
2024-01-29 15:31:26,828 [WARN] PackLoader:240 - Cannot read IP mode file for STMicroelectronics.X-CUBE-TOUCHGFX.4.23.0
2024-01-29 15:31:26,855 [WARN] PackLoader:240 - Cannot read IP mode file for STMicroelectronics.X-CUBE-AZRTOS-F7.1.1.0
2024-01-29 15:31:26,868 [WARN] PackLoader:240 - Cannot read IP mode file for STMicroelectronics.FP-SNS-MOTENV1.4.3.2
2024-01-29 15:31:26,879 [WARN] PackLoader:240 - Cannot read IP mode file for STMicroelectronics.FP-SNS-FLIGHT1.5.0.2
2024-01-29 15:31:26,891 [WARN] PackLoader:240 - Cannot read IP mode file for STMicroelectronics.X-CUBE-DISPLAY.3.0.0
2024-01-29 15:31:26,910 [WARN] PackLoader:240 - Cannot read IP mode file for STMicroelectronics.X-CUBE-BLE1.7.0.0
2024-01-29 15:31:26,919 [WARN] PackLoader:240 - Cannot read IP mode file for emotas.I-CUBE-CANOPEN.1.3.0
2024-01-29 15:31:26,930 [WARN] PackLoader:240 - Cannot read IP mode file for STMicroelectronics.X-CUBE-TOUCHGFX.4.22.1
2024-01-29 15:31:26,938 [WARN] PackLoader:240 - Cannot read IP mode file for STMicroelectronics.FP-SNS-SMARTAG2.1.2.0
2024-01-29 15:31:26,950 [INFO] LogOutputStream:77 - [STDOUT_REDIRECT] 1 : Invalid condition id : UX_CORESTACK_Condition cause : null
2024-01-29 15:31:26,950 [INFO] LogOutputStream:77 - [STDOUT_REDIRECT] 1 : Invalid condition id : UX_CORESTACK_Condition cause : null
2024-01-29 15:31:26,951 [INFO] LogOutputStream:77 - [STDOUT_REDIRECT] 1 : Invalid condition id : UX_CORESTACK_Condition cause : null
2024-01-29 15:31:26,952 [INFO] LogOutputStream:77 - [STDOUT_REDIRECT] 1 : Invalid condition id : UX_CORESTACK_Condition cause : null
2024-01-29 15:31:26,953 [INFO] LogOutputStream:77 - [STDOUT_REDIRECT] 1 : Invalid condition id : UX_CORESTACK_Condition cause : null
2024-01-29 15:31:26,954 [WARN] PackLoader:240 - Cannot read IP mode file for STMicroelectronics.X-CUBE-AZRTOS-WL.2.0.0
2024-01-29 15:31:26,964 [WARN] PackLoader:240 - Cannot read IP mode file for WES.I-CUBE-Cesium.1.3.0
2024-01-29 15:31:26,972 [WARN] PackLoader:240 - Cannot read IP mode file for STMicroelectronics.X-CUBE-BLE2.3.3.0
2024-01-29 15:31:26,981 [WARN] PackLoader:240 - Cannot read IP mode file for STMicroelectronics.X-CUBE-ALGOBUILD.1.3.0
2024-01-29 15:31:26,998 [WARN] PackLoader:240 - Cannot read IP mode file for STMicroelectronics.X-CUBE-AZRTOS-G0.1.1.0
2024-01-29 15:31:27,008 [WARN] PackLoader:240 - Cannot read IP mode file for STMicroelectronics.X-CUBE-NFC4.3.0.0
2024-01-29 15:31:27,019 [WARN] PackLoader:240 - Cannot read IP mode file for STMicroelectronics.X-CUBE-BLEMGR.3.0.0
2024-01-29 15:31:27,028 [WARN] PackLoader:240 - Cannot read IP mode file for STMicroelectronics.FP-ATR-SIGFOX1.3.2.0
2024-01-29 15:31:27,038 [WARN] PackLoader:240 - Cannot read IP mode file for STMicroelectronics.X-CUBE-EEPRMA1.5.1.0
2024-01-29 15:31:27,061 [WARN] PackLoader:240 - Cannot read IP mode file for SEGGER.I-CUBE-embOS.1.3.1
2024-01-29 15:31:27,091 [WARN] PackLoader:240 - Cannot read IP mode file for STMicroelectronics.X-CUBE-GNSS1.6.0.0
2024-01-29 15:31:27,111 [WARN] PackLoader:240 - Cannot read IP mode file for STMicroelectronics.X-CUBE-AZRTOS-F4.1.1.0
2024-01-29 15:31:27,121 [WARN] PackLoader:240 - Cannot read IP mode file for wolfSSL.I-CUBE-wolfSSL.5.6.3
2024-01-29 15:31:27,143 [WARN] PackLoader:240 - Cannot read IP mode file for STMicroelectronics.X-CUBE-AZRTOS-L5.2.0.0
2024-01-29 15:31:27,153 [WARN] PackLoader:240 - Cannot read IP mode file for STMicroelectronics.X-CUBE-EEPRMA1.4.2.0
2024-01-29 15:31:27,163 [WARN] PackLoader:240 - Cannot read IP mode file for ITTIA_DB.I-CUBE-ITTIADB.8.8.0
2024-01-29 15:31:27,174 [WARN] PackLoader:240 - Cannot read IP mode file for STMicroelectronics.X-CUBE-BLEMGR.2.0.0
2024-01-29 15:31:27,195 [WARN] ConditionMgr:438 - getConditionDescription Invalid condition id : UX DEVICE CLASS RTOS Condition cause : null
2024-01-29 15:31:27,195 [WARN] ConditionMgr:438 - getConditionDescription Invalid condition id : UX DEVICE CLASS RTOS Condition cause : null
2024-01-29 15:31:27,196 [WARN] PackLoader:240 - Cannot read IP mode file for STMicroelectronics.X-CUBE-AZRTOS-H7.3.1.0
2024-01-29 15:31:27,197 [WARN] ConditionMgr:1039 - genDependencies : Invalid condition id : UX DEVICE CLASS RTOS Condition cause : null
2024-01-29 15:31:27,197 [WARN] ConditionMgr:1039 - genDependencies : Invalid condition id : UX DEVICE CLASS RTOS Condition cause : null
2024-01-29 15:31:27,197 [WARN] ConditionMgr:1039 - genDependencies : Invalid condition id : UX DEVICE CLASS RTOS Condition cause : null
2024-01-29 15:31:27,198 [WARN] ConditionMgr:1039 - genDependencies : Invalid condition id : UX DEVICE CLASS RTOS Condition cause : null
2024-01-29 15:31:27,198 [WARN] ConditionMgr:1039 - genDependencies : Invalid condition id : UX DEVICE CLASS RTOS Condition cause : null
2024-01-29 15:31:27,210 [WARN] PackLoader:240 - Cannot read IP mode file for STMicroelectronics.X-CUBE-NFC7.1.0.1
2024-01-29 15:31:27,222 [WARN] PackLoader:240 - Cannot read IP mode file for STMicroelectronics.X-CUBE-NFC6.3.0.0
2024-01-29 15:31:27,234 [WARN] PackLoader:240 - Cannot read IP mode file for STMicroelectronics.X-CUBE-EEPRMA1.4.1.0
2024-01-29 15:31:27,245 [WARN] PackLoader:240 - Cannot read IP mode file for STMicroelectronics.X-CUBE-AI.8.1.0
2024-01-29 15:31:27,265 [WARN] ConditionMgr:438 - getConditionDescription Invalid condition id : LAN8742 Phy interface Condition cause : null
2024-01-29 15:31:27,266 [WARN] PackLoader:240 - Cannot read IP mode file for STMicroelectronics.X-CUBE-AZRTOS-L4.2.0.0
2024-01-29 15:31:27,267 [WARN] ConditionMgr:1039 - genDependencies : Invalid condition id : LAN8742 Phy interface Condition cause : null
2024-01-29 15:31:27,267 [WARN] ConditionMgr:1039 - genDependencies : Invalid condition id : LAN8742 Phy interface Condition cause : null
2024-01-29 15:31:27,267 [WARN] ConditionMgr:1039 - genDependencies : Invalid condition id : LAN8742 Phy interface Condition cause : null
2024-01-29 15:31:27,280 [WARN] PackLoader:240 - Cannot read IP mode file for STMicroelectronics.X-CUBE-SFXS2LP1.4.0.0
2024-01-29 15:31:27,291 [WARN] PackLoader:240 - Cannot read IP mode file for STMicroelectronics.X-CUBE-ISPU.1.1.0
2024-01-29 15:31:27,310 [WARN] ConditionMgr:438 - getConditionDescription Invalid condition id : UX DEVICE CLASS RTOS Condition cause : null
2024-01-29 15:31:27,310 [WARN] ConditionMgr:438 - getConditionDescription Invalid condition id : UX DEVICE CLASS RTOS Condition cause : null
2024-01-29 15:31:27,311 [WARN] PackLoader:240 - Cannot read IP mode file for STMicroelectronics.X-CUBE-AZRTOS-WB.2.0.0
2024-01-29 15:31:27,311 [WARN] ConditionMgr:1039 - genDependencies : Invalid condition id : UX DEVICE CLASS RTOS Condition cause : null
2024-01-29 15:31:27,311 [WARN] ConditionMgr:1039 - genDependencies : Invalid condition id : UX DEVICE CLASS RTOS Condition cause : null
2024-01-29 15:31:27,311 [WARN] ConditionMgr:1039 - genDependencies : Invalid condition id : UX DEVICE CLASS RTOS Condition cause : null
2024-01-29 15:31:27,311 [WARN] ConditionMgr:1039 - genDependencies : Invalid condition id : UX DEVICE CLASS RTOS Condition cause : null
2024-01-29 15:31:27,312 [WARN] ConditionMgr:1039 - genDependencies : Invalid condition id : UX DEVICE CLASS RTOS Condition cause : null
2024-01-29 15:31:27,326 [WARN] PackLoader:240 - Cannot read IP mode file for STMicroelectronics.X-CUBE-SUBG2.5.0.0
2024-01-29 15:31:27,342 [WARN] PackLoader:240 - Cannot read IP mode file for STMicroelectronics.X-CUBE-TOF1.3.3.1
2024-01-29 15:31:27,362 [WARN] PackLoader:240 - Cannot read IP mode file for STMicroelectronics.X-CUBE-AZRTOS-G4.2.0.0
2024-01-29 15:31:27,379 [WARN] PackLoader:240 - Cannot read IP mode file for Infineon.AIROC-Wi-Fi-Bluetooth-STM32.1.5.1
2024-01-29 15:31:27,393 [WARN] PackLoader:240 - Cannot read IP mode file for STMicroelectronics.FP-SNS-MOTENVWB1.1.3.0
2024-01-29 15:31:27,403 [WARN] PackLoader:240 - Cannot read IP mode file for STMicroelectronics.FP-SNS-MOTENVWB1.1.3.1
2024-01-29 15:31:27,414 [WARN] PackLoader:240 - Cannot read IP mode file for STMicroelectronics.X-CUBE-ISPU.2.0.0
2024-01-29 15:31:27,452 [WARN] PackLoader:240 - Cannot read IP mode file for STMicroelectronics.X-CUBE-MEMS1.10.0.0
2024-01-29 15:31:27,555 [WARN] PackLoader:240 - Cannot read IP mode file for STMicroelectronics.X-CUBE-FREERTOS.1.1.0
2024-01-29 15:31:27,568 [WARN] PackLoader:240 - Cannot read IP mode file for portGmbH.I-Cube-SoM-uGOAL.1.1.0
2024-01-29 15:31:27,581 [WARN] PackLoader:240 - Cannot read IP mode file for STMicroelectronics.X-CUBE-ALS.1.0.1
2024-01-29 15:31:27,589 [WARN] PackLoader:240 - Cannot read IP mode file for STMicroelectronics.FP-ATR-ASTRA1.2.0.0
2024-01-29 15:31:27,603 [WARN] PackLoader:240 - Cannot read IP mode file for STMicroelectronics.X-CUBE-TOF1.3.4.0
2024-01-29 15:31:27,631 [WARN] PackLoader:240 - Cannot read IP mode file for STMicroelectronics.X-CUBE-AZRTOS-H7.3.2.0
2024-01-29 15:31:27,633 [INFO] ThirdParty:978 - Integrity check success = true
2024-01-29 15:31:27,633 [INFO] IntegrityCheckThread:100 - exiting critical section [integrity check]
2024-01-29 15:31:27,633 [INFO] IntegrityCheckThread:103 - End integrity checks thread
2024-01-29 15:31:28,670 [INFO] WebApp:161 - Instantiating new browser for Auth
2024-01-29 15:31:29,253 [INFO] WebApp:780 - Register for checkConnection events
2024-01-29 15:31:29,253 [INFO] WebApp:414 - Apply proxy settings
2024-01-29 15:31:29,253 [INFO] WebApp:499 - Chromium requires no authentication
2024-01-29 15:31:29,263 [INFO] WebApp:442 - Direct internet connection detected
2024-01-29 15:31:29,442 [INFO] WebApp:192 - Starting web application
2024-01-29 15:31:29,442 [INFO] WebApp:544 - Web application path used C:\ST\STM32CubeIDE_1.14.0\STM32CubeIDE\plugins\com.st.stm32cube.common.mx_6.10.0.202311202037\db\plugins\mcufinder\reactClient1\index.html
2024-01-29 15:31:50,068 [ERROR] LogOutputStream:75 - [STDERR_REDIRECT] SLF4J: Failed to load class "org.slf4j.impl.StaticLoggerBinder".
2024-01-29 15:31:50,068 [ERROR] LogOutputStream:75 - [STDERR_REDIRECT] SLF4J: Defaulting to no-operation (NOP) logger implementation
2024-01-29 15:31:50,069 [ERROR] LogOutputStream:75 - [STDERR_REDIRECT] SLF4J: See http://www.slf4j.org/codes.html#StaticLoggerBinder for further details.
2024-01-29 15:32:53,829 [ERROR] LogOutputStream:75 - [STDERR_REDIRECT] 
2024-01-29 15:34:45,845 [INFO] Activator:176 - 


2024-01-29 15:34:45,847 [INFO] Activator:177 - !SESSION log4j initialized
2024-01-29 15:34:51,583 [INFO] LogOutputStream:77 - [STDOUT_REDIRECT] 
2024-01-29 15:34:54,189 [INFO] ApplicationProperties:184 - Using Application install path: C:\ST\STM32CubeIDE_1.14.0\STM32CubeIDE\plugins\com.st.stm32cube.common.mx_6.10.0.202311202037
2024-01-29 15:34:54,209 [INFO] DbMcusXml:78 - Set database path to: C:\ST\STM32CubeIDE_1.14.0\STM32CubeIDE\plugins\com.st.stm32cube.common.mx_6.10.0.202311202037\\db\/mcu/
2024-01-29 15:34:54,210 [INFO] ApiDb:274 - Set plugin database path to: C:\ST\STM32CubeIDE_1.14.0\STM32CubeIDE\plugins\com.st.stm32cube.common.mx_6.10.0.202311202037\\db\/plugins/boardmanager/
2024-01-29 15:34:54,210 [WARN] ApiDb:259 - Overriding images path with different value:  => C:\ST\STM32CubeIDE_1.14.0\STM32CubeIDE\plugins\com.st.stm32cube.common.mx_6.10.0.202311202037\\db\/plugins/mcufinder/images/
2024-01-29 15:34:54,224 [INFO] ApiDb:250 - Set database path to: C:\Users\mizun\.stmcufinder\plugins\mcufinder//mcu/
2024-01-29 15:34:54,226 [INFO] DbMcusAds:125 - Set database path to: C:\Users\mizun\.stmcufinder\plugins\mcufinder//mcu/
2024-01-29 15:34:54,227 [INFO] CrossReferenceDbSqlite:203 - Set database path to: C:\Users\mizun\.stmcufinder\plugins\mcufinder//mcu/cs/
2024-01-29 15:34:54,333 [INFO] RulesReader:64 - Compatibility file has been processed (297 Rules)
2024-01-29 15:34:54,430 [INFO] DbMcusXml:78 - Set database path to: C:\ST\STM32CubeIDE_1.14.0\STM32CubeIDE\plugins\com.st.stm32cube.common.mx_6.10.0.202311202037\\db\/mcu/
2024-01-29 15:34:54,430 [INFO] ApiDb:274 - Set plugin database path to: C:\ST\STM32CubeIDE_1.14.0\STM32CubeIDE\plugins\com.st.stm32cube.common.mx_6.10.0.202311202037\\db\/plugins/boardmanager/
2024-01-29 15:34:54,430 [INFO] ApiDb:261 - Set plugin images path to: C:\ST\STM32CubeIDE_1.14.0\STM32CubeIDE\plugins\com.st.stm32cube.common.mx_6.10.0.202311202037\\db\/plugins/mcufinder/images/
2024-01-29 15:34:54,430 [WARN] DbFile:41 - Overriding database path with different value: C:\Users\mizun\.stmcufinder\plugins\mcufinder/ => C:\Users\mizun\.stmcufinder\plugins\mcufinder
2024-01-29 15:34:54,431 [INFO] ApiDb:250 - Set database path to: C:\Users\mizun\.stmcufinder\plugins\mcufinder//mcu/
2024-01-29 15:34:54,431 [WARN] DbFile:41 - Overriding database path with different value: C:\Users\mizun\.stmcufinder\plugins\mcufinder/ => C:\Users\mizun\.stmcufinder\plugins\mcufinder
2024-01-29 15:34:54,431 [INFO] DbMcusAds:125 - Set database path to: C:\Users\mizun\.stmcufinder\plugins\mcufinder//mcu/
2024-01-29 15:34:54,431 [WARN] DbFile:41 - Overriding database path with different value: C:\Users\mizun\.stmcufinder\plugins\mcufinder/ => C:\Users\mizun\.stmcufinder\plugins\mcufinder
2024-01-29 15:34:54,431 [WARN] DbFile:41 - Overriding database path with different value: C:\Users\mizun\.stmcufinder\plugins\mcufinder/ => C:\Users\mizun\.stmcufinder\plugins\mcufinder
2024-01-29 15:34:54,431 [INFO] CrossReferenceDbSqlite:203 - Set database path to: C:\Users\mizun\.stmcufinder\plugins\mcufinder//mcu/cs/
2024-01-29 15:34:54,539 [INFO] MainPanel:264 - HeapMemory: 268435456
2024-01-29 15:34:54,651 [INFO] DbMcusXml:78 - Set database path to: C:\ST\STM32CubeIDE_1.14.0\STM32CubeIDE\plugins\com.st.stm32cube.common.mx_6.10.0.202311202037\\db\/mcu/
2024-01-29 15:34:54,653 [INFO] ApiDb:274 - Set plugin database path to: C:\ST\STM32CubeIDE_1.14.0\STM32CubeIDE\plugins\com.st.stm32cube.common.mx_6.10.0.202311202037\\db\/plugins/boardmanager/
2024-01-29 15:34:54,653 [INFO] ApiDb:261 - Set plugin images path to: C:\ST\STM32CubeIDE_1.14.0\STM32CubeIDE\plugins\com.st.stm32cube.common.mx_6.10.0.202311202037\\db\/plugins/mcufinder/images/
2024-01-29 15:34:54,653 [WARN] DbFile:41 - Overriding database path with different value: C:\Users\mizun\.stmcufinder\plugins\mcufinder/ => C:\Users\mizun\.stmcufinder\plugins\mcufinder
2024-01-29 15:34:54,653 [INFO] ApiDb:250 - Set database path to: C:\Users\mizun\.stmcufinder\plugins\mcufinder//mcu/
2024-01-29 15:34:54,653 [WARN] DbFile:41 - Overriding database path with different value: C:\Users\mizun\.stmcufinder\plugins\mcufinder/ => C:\Users\mizun\.stmcufinder\plugins\mcufinder
2024-01-29 15:34:54,653 [INFO] DbMcusAds:125 - Set database path to: C:\Users\mizun\.stmcufinder\plugins\mcufinder//mcu/
2024-01-29 15:34:54,653 [WARN] DbFile:41 - Overriding database path with different value: C:\Users\mizun\.stmcufinder\plugins\mcufinder/ => C:\Users\mizun\.stmcufinder\plugins\mcufinder
2024-01-29 15:34:54,653 [WARN] DbFile:41 - Overriding database path with different value: C:\Users\mizun\.stmcufinder\plugins\mcufinder/ => C:\Users\mizun\.stmcufinder\plugins\mcufinder
2024-01-29 15:34:54,653 [INFO] CrossReferenceDbSqlite:203 - Set database path to: C:\Users\mizun\.stmcufinder\plugins\mcufinder//mcu/cs/
2024-01-29 15:34:54,671 [INFO] ApplicationProperties:184 - Using Application install path: C:\ST\STM32CubeIDE_1.14.0\STM32CubeIDE\plugins\com.st.stm32cube.common.mx_6.10.0.202311202037
2024-01-29 15:34:54,675 [INFO] PluginManage:196 - Search for loadable plugins [exclusion list=, ]
2024-01-29 15:34:54,676 [INFO] PluginManage:310 - Check plugin analytics
2024-01-29 15:34:54,831 [INFO] AnalyticsPlugin:253 - Accepted Software Licenses: 
2024-01-29 15:34:54,831 [INFO] AnalyticsPlugin:255 - Accepted CMSIS Pack Licenses: 
2024-01-29 15:34:54,831 [INFO] AnalyticsPlugin:257 - Accepted Firmware Licenses: 
2024-01-29 15:34:54,835 [INFO] PluginManage:359 - Loaded plugin analytics (category:tool,tabindex:-1)
2024-01-29 15:34:54,835 [INFO] PluginManage:310 - Check plugin cadmodel
2024-01-29 15:34:54,848 [INFO] CADModel:105 - Init CAD model plugin
2024-01-29 15:34:54,849 [INFO] PluginManage:359 - Loaded plugin cadmodel (category:power,tabindex:5)
2024-01-29 15:34:54,849 [INFO] PluginManage:310 - Check plugin clock
2024-01-29 15:34:54,871 [INFO] PluginManage:359 - Loaded plugin clock (category:base,tabindex:2)
2024-01-29 15:34:54,871 [INFO] PluginManage:310 - Check plugin ddr
2024-01-29 15:34:54,874 [INFO] PluginManage:359 - Loaded plugin ddr (category:tool,tabindex:6)
2024-01-29 15:34:54,874 [INFO] PluginManage:310 - Check plugin filemanager
2024-01-29 15:34:55,031 [INFO] PluginManage:359 - Loaded plugin filemanager (category:base,tabindex:10)
2024-01-29 15:34:55,031 [INFO] PluginManage:310 - Check plugin ipmanager
2024-01-29 15:34:55,039 [INFO] PluginManage:359 - Loaded plugin ipmanager (category:base,tabindex:5)
2024-01-29 15:34:55,039 [INFO] PluginManage:310 - Check plugin lpbam
2024-01-29 15:34:55,058 [INFO] PluginManage:359 - Loaded plugin lpbam (category:base,tabindex:0)
2024-01-29 15:34:55,059 [INFO] PluginManage:310 - Check plugin memorymap
2024-01-29 15:34:55,083 [INFO] PluginManage:359 - Loaded plugin memorymap (category:base,tabindex:4)
2024-01-29 15:34:55,083 [INFO] PluginManage:310 - Check plugin pinoutandconfiguration
2024-01-29 15:34:55,099 [INFO] PluginManage:359 - Loaded plugin pinoutandconfiguration (category:base,tabindex:1)
2024-01-29 15:34:55,099 [INFO] PluginManage:310 - Check plugin pinoutconfig
2024-01-29 15:34:55,187 [WARN] SupportedApi:132 - Cannot load RTOS API schema: s4s-elt-must-match.1: The content of 'definitions' must match (annotation?, (simpleType | complexType)?, (unique | key | keyref)*)). A problem was found starting at: attribute.
2024-01-29 15:34:55,336 [INFO] PluginManage:359 - Loaded plugin pinoutconfig (category:base,tabindex:0)
2024-01-29 15:34:55,336 [INFO] PluginManage:310 - Check plugin power
2024-01-29 15:34:55,359 [INFO] PluginManage:359 - Loaded plugin power (category:power,tabindex:4)
2024-01-29 15:34:55,359 [INFO] PluginManage:310 - Check plugin projectmanager
2024-01-29 15:34:55,374 [INFO] PluginManage:359 - Loaded plugin projectmanager (category:projectmanager,tabindex:3)
2024-01-29 15:34:55,375 [INFO] PluginManage:310 - Check plugin thirdparty
2024-01-29 15:34:55,598 [INFO] PluginManage:359 - Loaded plugin thirdparty (category:base,tabindex:-1)
2024-01-29 15:34:55,598 [WARN] IntegrityCheckThread:84 - waiting for thirdparty lock release [integrity check]
2024-01-29 15:34:55,599 [INFO] IntegrityCheckThread:86 - entering critical section [integrity check]
2024-01-29 15:34:55,599 [INFO] PluginManage:310 - Check plugin tools
2024-01-29 15:34:55,599 [INFO] ThirdPartyUpdaterWithRetryManager:70 - Updater plugin not ready yet. [1/15]
2024-01-29 15:34:55,628 [INFO] PluginManage:359 - Loaded plugin tools (category:base,tabindex:7)
2024-01-29 15:34:55,628 [INFO] PluginManage:310 - Check plugin tutovideos
2024-01-29 15:34:55,815 [INFO] PluginManage:359 - Loaded plugin tutovideos (category:base,tabindex:-1)
2024-01-29 15:34:55,815 [INFO] PluginManage:310 - Check plugin updater
2024-01-29 15:34:55,828 [INFO] PluginManage:359 - Loaded plugin updater (category:base,tabindex:12)
2024-01-29 15:34:55,828 [INFO] PluginManage:310 - Check plugin userauth
2024-01-29 15:34:55,834 [INFO] UserAuth:114 - Init User Auth plugin
2024-01-29 15:34:55,834 [INFO] PluginManage:359 - Loaded plugin userauth (category:base,tabindex:14)
2024-01-29 15:34:55,835 [INFO] PluginManage:283 - PluginManage : Loaded plugins [17]
2024-01-29 15:34:56,080 [INFO] PinOutPanel:1499 - setPackage(No Configuration,No Configuration)
2024-01-29 15:34:56,200 [INFO] CADModel:165 - CPN selected for project level
2024-01-29 15:34:56,201 [INFO] CADModel:114 - Register for checkConnection events
2024-01-29 15:34:56,227 [INFO] IPUIPlugin:80 - create IPUIPlugin
2024-01-29 15:34:56,227 [INFO] PluginManager:220 - loadIPPluginJar : add adc
2024-01-29 15:34:56,251 [INFO] IPUIPlugin:80 - create IPUIPlugin
2024-01-29 15:34:56,252 [INFO] PluginManager:220 - loadIPPluginJar : add aes
2024-01-29 15:34:56,279 [INFO] IPUIPlugin:80 - create IPUIPlugin
2024-01-29 15:34:56,280 [INFO] PluginManager:220 - loadIPPluginJar : add can
2024-01-29 15:34:56,299 [INFO] IPUIPlugin:80 - create IPUIPlugin
2024-01-29 15:34:56,299 [INFO] PluginManager:220 - loadIPPluginJar : add comp
2024-01-29 15:34:56,324 [INFO] IPUIPlugin:80 - create IPUIPlugin
2024-01-29 15:34:56,325 [INFO] PluginManager:220 - loadIPPluginJar : add cryp
2024-01-29 15:34:56,347 [INFO] IPUIPlugin:80 - create IPUIPlugin
2024-01-29 15:34:56,347 [INFO] PluginManager:220 - loadIPPluginJar : add dfsdm
2024-01-29 15:34:56,360 [INFO] IPUIPlugin:80 - create IPUIPlugin
2024-01-29 15:34:56,361 [INFO] PluginManager:220 - loadIPPluginJar : add dma
2024-01-29 15:34:56,392 [INFO] IPUIPlugin:80 - create IPUIPlugin
2024-01-29 15:34:56,392 [INFO] PluginManager:220 - loadIPPluginJar : add dma3
2024-01-29 15:34:56,408 [INFO] IPUIPlugin:80 - create IPUIPlugin
2024-01-29 15:34:56,408 [INFO] PluginManager:220 - loadIPPluginJar : add fatfs
2024-01-29 15:34:56,447 [INFO] IPUIPlugin:80 - create IPUIPlugin
2024-01-29 15:34:56,447 [INFO] PluginManager:220 - loadIPPluginJar : add fmc
2024-01-29 15:34:56,459 [INFO] IPUIPlugin:80 - create IPUIPlugin
2024-01-29 15:34:56,460 [INFO] PluginManager:220 - loadIPPluginJar : add freertos
2024-01-29 15:34:56,477 [INFO] IPUIPlugin:80 - create IPUIPlugin
2024-01-29 15:34:56,477 [INFO] PluginManager:220 - loadIPPluginJar : add genericplugin
2024-01-29 15:34:56,544 [INFO] IPUIPlugin:80 - create IPUIPlugin
2024-01-29 15:34:56,545 [INFO] PluginManager:220 - loadIPPluginJar : add gfxmmu
2024-01-29 15:34:56,634 [INFO] IPUIPlugin:80 - create IPUIPlugin
2024-01-29 15:34:56,634 [INFO] PluginManager:220 - loadIPPluginJar : add gic
2024-01-29 15:34:56,644 [INFO] IPUIPlugin:80 - create IPUIPlugin
2024-01-29 15:34:56,644 [INFO] PluginManager:220 - loadIPPluginJar : add gpio
2024-01-29 15:34:56,707 [INFO] IPUIPlugin:80 - create IPUIPlugin
2024-01-29 15:34:56,707 [INFO] PluginManager:220 - loadIPPluginJar : add gtzc
2024-01-29 15:34:56,730 [INFO] IPUIPlugin:80 - create IPUIPlugin
2024-01-29 15:34:56,730 [INFO] PluginManager:220 - loadIPPluginJar : add hash
2024-01-29 15:34:56,763 [INFO] IPUIPlugin:80 - create IPUIPlugin
2024-01-29 15:34:56,763 [INFO] PluginManager:220 - loadIPPluginJar : add i2c
2024-01-29 15:34:56,786 [INFO] IPUIPlugin:80 - create IPUIPlugin
2024-01-29 15:34:56,787 [INFO] PluginManager:220 - loadIPPluginJar : add i2s
2024-01-29 15:34:56,820 [INFO] IPUIPlugin:80 - create IPUIPlugin
2024-01-29 15:34:56,820 [INFO] PluginManager:220 - loadIPPluginJar : add i3c
2024-01-29 15:34:56,885 [INFO] IPUIPlugin:80 - create IPUIPlugin
2024-01-29 15:34:56,885 [INFO] PluginManager:220 - loadIPPluginJar : add ipddr
2024-01-29 15:34:56,939 [INFO] IPUIPlugin:80 - create IPUIPlugin
2024-01-29 15:34:56,939 [INFO] PluginManager:220 - loadIPPluginJar : add linkedlist
2024-01-29 15:34:56,960 [INFO] IPUIPlugin:80 - create IPUIPlugin
2024-01-29 15:34:56,960 [INFO] PluginManager:220 - loadIPPluginJar : add lorawan
2024-01-29 15:34:56,982 [INFO] IPUIPlugin:80 - create IPUIPlugin
2024-01-29 15:34:56,982 [INFO] PluginManager:220 - loadIPPluginJar : add ltdc
2024-01-29 15:34:56,991 [INFO] IPUIPlugin:80 - create IPUIPlugin
2024-01-29 15:34:56,992 [INFO] PluginManager:220 - loadIPPluginJar : add mdma
2024-01-29 15:34:56,999 [INFO] IPUIPlugin:80 - create IPUIPlugin
2024-01-29 15:34:56,999 [INFO] PluginManager:220 - loadIPPluginJar : add nvic
2024-01-29 15:34:57,018 [INFO] IPUIPlugin:80 - create IPUIPlugin
2024-01-29 15:34:57,019 [INFO] PluginManager:220 - loadIPPluginJar : add opamp
2024-01-29 15:34:57,053 [INFO] IPUIPlugin:80 - create IPUIPlugin
2024-01-29 15:34:57,053 [INFO] PluginManager:220 - loadIPPluginJar : add openamp
2024-01-29 15:34:57,077 [INFO] IPUIPlugin:80 - create IPUIPlugin
2024-01-29 15:34:57,077 [INFO] PluginManager:220 - loadIPPluginJar : add pdm2pcm
2024-01-29 15:34:57,088 [INFO] IPUIPlugin:80 - create IPUIPlugin
2024-01-29 15:34:57,089 [INFO] PluginManager:220 - loadIPPluginJar : add plateformsettings
2024-01-29 15:34:57,101 [INFO] IPUIPlugin:80 - create IPUIPlugin
2024-01-29 15:34:57,101 [INFO] PluginManager:220 - loadIPPluginJar : add quadspi
2024-01-29 15:34:57,111 [INFO] IPUIPlugin:80 - create IPUIPlugin
2024-01-29 15:34:57,111 [INFO] PluginManager:220 - loadIPPluginJar : add resmgrutility
2024-01-29 15:34:57,138 [INFO] IPUIPlugin:80 - create IPUIPlugin
2024-01-29 15:34:57,138 [INFO] PluginManager:220 - loadIPPluginJar : add sai
2024-01-29 15:34:57,158 [INFO] IPUIPlugin:80 - create IPUIPlugin
2024-01-29 15:34:57,158 [INFO] PluginManager:220 - loadIPPluginJar : add spi
2024-01-29 15:34:57,195 [INFO] IPUIPlugin:80 - create IPUIPlugin
2024-01-29 15:34:57,195 [INFO] PluginManager:220 - loadIPPluginJar : add stm32_wpan
2024-01-29 15:34:57,209 [INFO] IPUIPlugin:80 - create IPUIPlugin
2024-01-29 15:34:57,209 [INFO] PluginManager:220 - loadIPPluginJar : add tim
2024-01-29 15:34:57,242 [INFO] IPUIPlugin:80 - create IPUIPlugin
2024-01-29 15:34:57,242 [INFO] PluginManager:220 - loadIPPluginJar : add touchsensing
2024-01-29 15:34:57,259 [INFO] IPUIPlugin:80 - create IPUIPlugin
2024-01-29 15:34:57,259 [INFO] PluginManager:220 - loadIPPluginJar : add tracer_emb
2024-01-29 15:34:57,290 [INFO] IPUIPlugin:80 - create IPUIPlugin
2024-01-29 15:34:57,290 [INFO] PluginManager:220 - loadIPPluginJar : add ts
2024-01-29 15:34:57,306 [INFO] IPUIPlugin:80 - create IPUIPlugin
2024-01-29 15:34:57,306 [INFO] PluginManager:220 - loadIPPluginJar : add tsc
2024-01-29 15:34:57,321 [INFO] IPUIPlugin:80 - create IPUIPlugin
2024-01-29 15:34:57,321 [INFO] PluginManager:220 - loadIPPluginJar : add ucpd
2024-01-29 15:34:57,348 [INFO] IPUIPlugin:80 - create IPUIPlugin
2024-01-29 15:34:57,348 [INFO] PluginManager:220 - loadIPPluginJar : add usart
2024-01-29 15:34:57,376 [INFO] IPUIPlugin:80 - create IPUIPlugin
2024-01-29 15:34:57,376 [INFO] PluginManager:220 - loadIPPluginJar : add usbx
2024-01-29 15:34:57,492 [INFO] CADModel:165 - CPN selected for project level
2024-01-29 15:34:57,492 [INFO] CADModel:114 - Register for checkConnection events
2024-01-29 15:34:57,493 [FATAL] Updater:308 - Updater called before beeing initialized
2024-01-29 15:34:57,493 [ERROR] CADModel:125 - Updater not yet initialized, retry later 
2024-01-29 15:34:57,604 [INFO] CADModel:165 - CPN selected for project level
2024-01-29 15:34:57,604 [INFO] CADModel:114 - Register for checkConnection events
2024-01-29 15:34:57,604 [FATAL] Updater:308 - Updater called before beeing initialized
2024-01-29 15:34:57,604 [ERROR] CADModel:125 - Updater not yet initialized, retry later 
2024-01-29 15:34:57,606 [FATAL] Updater:308 - Updater called before beeing initialized
2024-01-29 15:34:57,688 [FATAL] Updater:308 - Updater called before beeing initialized
2024-01-29 15:34:57,696 [INFO] DbMcusAds:53 - JSON generation date=Wed Nov 29 19:52:27 JST 2023 (1701255147200)
2024-01-29 15:34:57,697 [FATAL] Updater:308 - Updater called before beeing initialized
2024-01-29 15:34:57,764 [WARN] DetailPanel:346 - Failed to get advertising image, set to default
2024-01-29 15:34:57,823 [FATAL] Updater:308 - Updater called before beeing initialized
2024-01-29 15:34:57,825 [FATAL] Updater:308 - Updater called before beeing initialized
2024-01-29 15:34:57,825 [FATAL] Updater:308 - Updater called before beeing initialized
2024-01-29 15:34:57,825 [WARN] DetailPanel:346 - Failed to get advertising image, set to default
2024-01-29 15:34:57,826 [FATAL] Updater:308 - Updater called before beeing initialized
2024-01-29 15:34:57,868 [ERROR] Updater:1120 - MainUpdater not yet initialized. External WinMGr cannot be set.
2024-01-29 15:34:57,876 [INFO] Updater:1056 - Updater Version found : 6.10.0
2024-01-29 15:34:57,897 [INFO] ApplicationProperties:184 - Using Application install path: C:\ST\STM32CubeIDE_1.14.0\STM32CubeIDE\plugins\com.st.stm32cube.common.mx_6.10.0.202311202037
2024-01-29 15:34:58,192 [INFO] MainUpdater:2873 - connection check result : 10
2024-01-29 15:34:58,193 [INFO] MainUpdater:290 - Updater Check For Update Now.
2024-01-29 15:34:58,193 [INFO] MicroXplorer:498 - Change Database Version : DB.6.0.100
2024-01-29 15:34:58,206 [INFO] McuFinderGlobals:63 - Set McuFinder mode to 2 (CubeIDE integrated)
2024-01-29 15:34:58,217 [INFO] UserAuth:404 - Internet connection configuration mode: 1
2024-01-29 15:34:58,247 [INFO] JxBrowserEngine:152 - Initiate JxBrowser Engine with user profile folder
2024-01-29 15:34:58,361 [INFO] CheckServerUpdateThread:120 - End of CheckServer Thread
2024-01-29 15:34:58,799 [WARN] PackLoader:240 - Cannot read IP mode file for STMicroelectronics.X-CUBE-SMBUS.2.1.0
2024-01-29 15:34:58,816 [WARN] PackLoader:240 - Cannot read IP mode file for STMicroelectronics.X-CUBE-TOUCHGFX.4.23.0
2024-01-29 15:34:58,853 [WARN] PackLoader:240 - Cannot read IP mode file for STMicroelectronics.X-CUBE-AZRTOS-F7.1.1.0
2024-01-29 15:34:58,874 [WARN] PackLoader:240 - Cannot read IP mode file for STMicroelectronics.FP-SNS-MOTENV1.4.3.2
2024-01-29 15:34:58,891 [WARN] PackLoader:240 - Cannot read IP mode file for STMicroelectronics.FP-SNS-FLIGHT1.5.0.2
2024-01-29 15:34:58,912 [WARN] PackLoader:240 - Cannot read IP mode file for STMicroelectronics.X-CUBE-DISPLAY.3.0.0
2024-01-29 15:34:58,935 [WARN] PackLoader:240 - Cannot read IP mode file for STMicroelectronics.X-CUBE-BLE1.7.0.0
2024-01-29 15:34:58,949 [WARN] PackLoader:240 - Cannot read IP mode file for emotas.I-CUBE-CANOPEN.1.3.0
2024-01-29 15:34:58,963 [WARN] PackLoader:240 - Cannot read IP mode file for STMicroelectronics.X-CUBE-TOUCHGFX.4.22.1
2024-01-29 15:34:58,977 [WARN] PackLoader:240 - Cannot read IP mode file for STMicroelectronics.FP-SNS-SMARTAG2.1.2.0
2024-01-29 15:34:58,995 [INFO] LogOutputStream:77 - [STDOUT_REDIRECT] 1 : Invalid condition id : UX_CORESTACK_Condition cause : null
2024-01-29 15:34:58,995 [INFO] LogOutputStream:77 - [STDOUT_REDIRECT] 1 : Invalid condition id : UX_CORESTACK_Condition cause : null
2024-01-29 15:34:58,996 [INFO] LogOutputStream:77 - [STDOUT_REDIRECT] 1 : Invalid condition id : UX_CORESTACK_Condition cause : null
2024-01-29 15:34:58,997 [INFO] LogOutputStream:77 - [STDOUT_REDIRECT] 1 : Invalid condition id : UX_CORESTACK_Condition cause : null
2024-01-29 15:34:58,998 [INFO] LogOutputStream:77 - [STDOUT_REDIRECT] 1 : Invalid condition id : UX_CORESTACK_Condition cause : null
2024-01-29 15:34:59,000 [WARN] PackLoader:240 - Cannot read IP mode file for STMicroelectronics.X-CUBE-AZRTOS-WL.2.0.0
2024-01-29 15:34:59,014 [WARN] PackLoader:240 - Cannot read IP mode file for WES.I-CUBE-Cesium.1.3.0
2024-01-29 15:34:59,024 [WARN] PackLoader:240 - Cannot read IP mode file for STMicroelectronics.X-CUBE-BLE2.3.3.0
2024-01-29 15:34:59,034 [WARN] PackLoader:240 - Cannot read IP mode file for STMicroelectronics.X-CUBE-ALGOBUILD.1.3.0
2024-01-29 15:34:59,051 [WARN] PackLoader:240 - Cannot read IP mode file for STMicroelectronics.X-CUBE-AZRTOS-G0.1.1.0
2024-01-29 15:34:59,062 [WARN] PackLoader:240 - Cannot read IP mode file for STMicroelectronics.X-CUBE-NFC4.3.0.0
2024-01-29 15:34:59,075 [WARN] PackLoader:240 - Cannot read IP mode file for STMicroelectronics.X-CUBE-BLEMGR.3.0.0
2024-01-29 15:34:59,086 [WARN] PackLoader:240 - Cannot read IP mode file for STMicroelectronics.FP-ATR-SIGFOX1.3.2.0
2024-01-29 15:34:59,096 [WARN] PackLoader:240 - Cannot read IP mode file for STMicroelectronics.X-CUBE-EEPRMA1.5.1.0
2024-01-29 15:34:59,125 [WARN] PackLoader:240 - Cannot read IP mode file for SEGGER.I-CUBE-embOS.1.3.1
2024-01-29 15:34:59,171 [WARN] PackLoader:240 - Cannot read IP mode file for STMicroelectronics.X-CUBE-GNSS1.6.0.0
2024-01-29 15:34:59,197 [WARN] PackLoader:240 - Cannot read IP mode file for STMicroelectronics.X-CUBE-AZRTOS-F4.1.1.0
2024-01-29 15:34:59,210 [WARN] PackLoader:240 - Cannot read IP mode file for wolfSSL.I-CUBE-wolfSSL.5.6.3
2024-01-29 15:34:59,235 [WARN] PackLoader:240 - Cannot read IP mode file for STMicroelectronics.X-CUBE-AZRTOS-L5.2.0.0
2024-01-29 15:34:59,248 [WARN] PackLoader:240 - Cannot read IP mode file for STMicroelectronics.X-CUBE-EEPRMA1.4.2.0
2024-01-29 15:34:59,261 [WARN] PackLoader:240 - Cannot read IP mode file for ITTIA_DB.I-CUBE-ITTIADB.8.8.0
2024-01-29 15:34:59,275 [WARN] PackLoader:240 - Cannot read IP mode file for STMicroelectronics.X-CUBE-BLEMGR.2.0.0
2024-01-29 15:34:59,302 [WARN] ConditionMgr:438 - getConditionDescription Invalid condition id : UX DEVICE CLASS RTOS Condition cause : null
2024-01-29 15:34:59,302 [WARN] ConditionMgr:438 - getConditionDescription Invalid condition id : UX DEVICE CLASS RTOS Condition cause : null
2024-01-29 15:34:59,304 [WARN] PackLoader:240 - Cannot read IP mode file for STMicroelectronics.X-CUBE-AZRTOS-H7.3.1.0
2024-01-29 15:34:59,305 [WARN] ConditionMgr:1039 - genDependencies : Invalid condition id : UX DEVICE CLASS RTOS Condition cause : null
2024-01-29 15:34:59,305 [WARN] ConditionMgr:1039 - genDependencies : Invalid condition id : UX DEVICE CLASS RTOS Condition cause : null
2024-01-29 15:34:59,306 [WARN] ConditionMgr:1039 - genDependencies : Invalid condition id : UX DEVICE CLASS RTOS Condition cause : null
2024-01-29 15:34:59,306 [WARN] ConditionMgr:1039 - genDependencies : Invalid condition id : UX DEVICE CLASS RTOS Condition cause : null
2024-01-29 15:34:59,306 [WARN] ConditionMgr:1039 - genDependencies : Invalid condition id : UX DEVICE CLASS RTOS Condition cause : null
2024-01-29 15:34:59,322 [WARN] PackLoader:240 - Cannot read IP mode file for STMicroelectronics.X-CUBE-NFC7.1.0.1
2024-01-29 15:34:59,337 [WARN] PackLoader:240 - Cannot read IP mode file for STMicroelectronics.X-CUBE-NFC6.3.0.0
2024-01-29 15:34:59,351 [WARN] PackLoader:240 - Cannot read IP mode file for STMicroelectronics.X-CUBE-EEPRMA1.4.1.0
2024-01-29 15:34:59,364 [WARN] PackLoader:240 - Cannot read IP mode file for STMicroelectronics.X-CUBE-AI.8.1.0
2024-01-29 15:34:59,390 [WARN] ConditionMgr:438 - getConditionDescription Invalid condition id : LAN8742 Phy interface Condition cause : null
2024-01-29 15:34:59,391 [WARN] PackLoader:240 - Cannot read IP mode file for STMicroelectronics.X-CUBE-AZRTOS-L4.2.0.0
2024-01-29 15:34:59,391 [WARN] ConditionMgr:1039 - genDependencies : Invalid condition id : LAN8742 Phy interface Condition cause : null
2024-01-29 15:34:59,393 [WARN] ConditionMgr:1039 - genDependencies : Invalid condition id : LAN8742 Phy interface Condition cause : null
2024-01-29 15:34:59,393 [WARN] ConditionMgr:1039 - genDependencies : Invalid condition id : LAN8742 Phy interface Condition cause : null
2024-01-29 15:34:59,406 [WARN] PackLoader:240 - Cannot read IP mode file for STMicroelectronics.X-CUBE-SFXS2LP1.4.0.0
2024-01-29 15:34:59,418 [WARN] PackLoader:240 - Cannot read IP mode file for STMicroelectronics.X-CUBE-ISPU.1.1.0
2024-01-29 15:34:59,440 [WARN] ConditionMgr:438 - getConditionDescription Invalid condition id : UX DEVICE CLASS RTOS Condition cause : null
2024-01-29 15:34:59,440 [WARN] ConditionMgr:438 - getConditionDescription Invalid condition id : UX DEVICE CLASS RTOS Condition cause : null
2024-01-29 15:34:59,441 [WARN] PackLoader:240 - Cannot read IP mode file for STMicroelectronics.X-CUBE-AZRTOS-WB.2.0.0
2024-01-29 15:34:59,442 [WARN] ConditionMgr:1039 - genDependencies : Invalid condition id : UX DEVICE CLASS RTOS Condition cause : null
2024-01-29 15:34:59,442 [WARN] ConditionMgr:1039 - genDependencies : Invalid condition id : UX DEVICE CLASS RTOS Condition cause : null
2024-01-29 15:34:59,442 [WARN] ConditionMgr:1039 - genDependencies : Invalid condition id : UX DEVICE CLASS RTOS Condition cause : null
2024-01-29 15:34:59,443 [WARN] ConditionMgr:1039 - genDependencies : Invalid condition id : UX DEVICE CLASS RTOS Condition cause : null
2024-01-29 15:34:59,443 [WARN] ConditionMgr:1039 - genDependencies : Invalid condition id : UX DEVICE CLASS RTOS Condition cause : null
2024-01-29 15:34:59,467 [WARN] PackLoader:240 - Cannot read IP mode file for STMicroelectronics.X-CUBE-SUBG2.5.0.0
2024-01-29 15:34:59,492 [WARN] PackLoader:240 - Cannot read IP mode file for STMicroelectronics.X-CUBE-TOF1.3.3.1
2024-01-29 15:34:59,540 [WARN] PackLoader:240 - Cannot read IP mode file for STMicroelectronics.X-CUBE-AZRTOS-G4.2.0.0
2024-01-29 15:34:59,564 [WARN] PackLoader:240 - Cannot read IP mode file for Infineon.AIROC-Wi-Fi-Bluetooth-STM32.1.5.1
2024-01-29 15:34:59,578 [WARN] PackLoader:240 - Cannot read IP mode file for STMicroelectronics.FP-SNS-MOTENVWB1.1.3.0
2024-01-29 15:34:59,592 [WARN] PackLoader:240 - Cannot read IP mode file for STMicroelectronics.FP-SNS-MOTENVWB1.1.3.1
2024-01-29 15:34:59,605 [WARN] PackLoader:240 - Cannot read IP mode file for STMicroelectronics.X-CUBE-ISPU.2.0.0
2024-01-29 15:34:59,643 [WARN] PackLoader:240 - Cannot read IP mode file for STMicroelectronics.X-CUBE-MEMS1.10.0.0
2024-01-29 15:34:59,738 [WARN] PackLoader:240 - Cannot read IP mode file for STMicroelectronics.X-CUBE-FREERTOS.1.1.0
2024-01-29 15:34:59,752 [WARN] PackLoader:240 - Cannot read IP mode file for portGmbH.I-Cube-SoM-uGOAL.1.1.0
2024-01-29 15:34:59,767 [WARN] PackLoader:240 - Cannot read IP mode file for STMicroelectronics.X-CUBE-ALS.1.0.1
2024-01-29 15:34:59,779 [WARN] PackLoader:240 - Cannot read IP mode file for STMicroelectronics.FP-ATR-ASTRA1.2.0.0
2024-01-29 15:34:59,798 [WARN] PackLoader:240 - Cannot read IP mode file for STMicroelectronics.X-CUBE-TOF1.3.4.0
2024-01-29 15:34:59,831 [WARN] PackLoader:240 - Cannot read IP mode file for STMicroelectronics.X-CUBE-AZRTOS-H7.3.2.0
2024-01-29 15:34:59,834 [INFO] ThirdParty:978 - Integrity check success = true
2024-01-29 15:34:59,834 [INFO] IntegrityCheckThread:100 - exiting critical section [integrity check]
2024-01-29 15:34:59,834 [INFO] IntegrityCheckThread:103 - End integrity checks thread
2024-01-29 15:35:00,631 [INFO] WebApp:161 - Instantiating new browser for Auth
2024-01-29 15:35:01,206 [INFO] WebApp:780 - Register for checkConnection events
2024-01-29 15:35:01,206 [INFO] WebApp:414 - Apply proxy settings
2024-01-29 15:35:01,206 [INFO] WebApp:499 - Chromium requires no authentication
2024-01-29 15:35:01,213 [INFO] WebApp:442 - Direct internet connection detected
2024-01-29 15:35:01,355 [INFO] WebApp:192 - Starting web application
2024-01-29 15:35:01,355 [INFO] WebApp:544 - Web application path used C:\ST\STM32CubeIDE_1.14.0\STM32CubeIDE\plugins\com.st.stm32cube.common.mx_6.10.0.202311202037\db\plugins\mcufinder\reactClient1\index.html
2024-01-29 15:35:22,164 [ERROR] LogOutputStream:75 - [STDERR_REDIRECT] SLF4J: Failed to load class "org.slf4j.impl.StaticLoggerBinder".
2024-01-29 15:35:22,164 [ERROR] LogOutputStream:75 - [STDERR_REDIRECT] SLF4J: Defaulting to no-operation (NOP) logger implementation
2024-01-29 15:35:22,165 [ERROR] LogOutputStream:75 - [STDERR_REDIRECT] SLF4J: See http://www.slf4j.org/codes.html#StaticLoggerBinder for further details.
2024-01-29 15:37:55,047 [INFO] McuFinderGlobals:63 - Set McuFinder mode to 2 (CubeIDE integrated)
2024-01-29 15:37:55,064 [INFO] MainUpdater:2873 - connection check result : 10
2024-01-29 15:37:55,068 [INFO] MainUpdater:2873 - connection check result : 10
2024-01-29 15:37:55,204 [INFO] MicroXplorer:468 - Change Database Path : 
2024-01-29 15:37:55,205 [INFO] MicroXplorer:498 - Change Database Version : DB.6.0.100
2024-01-29 15:37:55,208 [WARN] ThirdParty:871 - waiting for thirdparty lock release [close project]
2024-01-29 15:37:55,208 [INFO] ThirdParty:873 - entering critical section [close project]
2024-01-29 15:37:55,218 [INFO] ThirdParty:883 - exiting critical section [close project]
2024-01-29 15:37:55,219 [INFO] PinOutPanel:1499 - setPackage(No Configuration,No Configuration)
2024-01-29 15:37:55,222 [INFO] UtilMem:75 - Begin LoadConfig() Used Memory: 623791512 Bytes (1003487232)
2024-01-29 15:37:55,222 [INFO] MicroXplorer:468 - Change Database Path : 
2024-01-29 15:37:55,222 [INFO] MicroXplorer:498 - Change Database Version : DB.6.0.100
2024-01-29 15:37:55,222 [INFO] OpenFileManager:312 - Change cursor
2024-01-29 15:37:55,254 [INFO] Mcu:2016 - Initializing MCU STM32F303K(6-8)Tx STM32F303K8Tx STM32F303K8T6
2024-01-29 15:37:56,052 [INFO] Context:659 - Trying to add GPIOservice into a context  which must be forbidden
2024-01-29 15:37:56,309 [INFO] RtosManager:555 - Registered RTOS mode: class=CMSIS, group=RTOS, mode=CMSIS_V1, owner=FREERTOS
2024-01-29 15:37:56,310 [INFO] RtosManager:555 - Registered RTOS mode: class=CMSIS, group=RTOS2, mode=CMSIS_V2, owner=FREERTOS
2024-01-29 15:37:56,310 [INFO] RtosManager:555 - Registered RTOS mode: class=RTOS, group=Core, mode=CMSIS_V1, owner=FREERTOS
2024-01-29 15:37:56,310 [INFO] RtosManager:555 - Registered RTOS mode: class=RTOS, group=Core, mode=CMSIS_V2, owner=FREERTOS
2024-01-29 15:37:56,310 [WARN] ModelIntegratedComponent:184 - Missing modes for component STMicroelectronics:FreeRTOS:0.0.1:STMicroelectronics:RTOS:FreeRTOS:Core:::10.2.0:
2024-01-29 15:37:56,322 [WARN] ModelIntegratedComponent:63 - No mode defined for component null
2024-01-29 15:37:56,322 [WARN] ModelIntegratedComponent:63 - No mode defined for component null
2024-01-29 15:37:56,322 [WARN] ModelIntegratedComponent:63 - No mode defined for component null
2024-01-29 15:37:56,322 [WARN] ModelIntegratedComponent:63 - No mode defined for component null
2024-01-29 15:37:56,322 [WARN] ModelIntegratedComponent:63 - No mode defined for component null
2024-01-29 15:37:56,322 [WARN] ModelIntegratedComponent:63 - No mode defined for component null
2024-01-29 15:37:56,322 [WARN] ModelIntegratedComponent:63 - No mode defined for component null
2024-01-29 15:37:56,322 [WARN] ModelIntegratedComponent:63 - No mode defined for component null
2024-01-29 15:37:56,322 [WARN] ModelIntegratedComponent:63 - No mode defined for component null
2024-01-29 15:37:56,322 [WARN] ModelIntegratedComponent:63 - No mode defined for component null
2024-01-29 15:37:56,322 [WARN] ModelIntegratedComponent:63 - No mode defined for component null
2024-01-29 15:37:56,322 [WARN] ModelIntegratedComponent:63 - No mode defined for component null
2024-01-29 15:37:56,322 [WARN] ModelIntegratedComponent:63 - No mode defined for component null
2024-01-29 15:37:56,322 [WARN] ModelIntegratedComponent:63 - No mode defined for component null
2024-01-29 15:37:56,322 [WARN] ModelIntegratedComponent:63 - No mode defined for component null
2024-01-29 15:37:56,322 [WARN] ModelIntegratedComponent:63 - No mode defined for component null
2024-01-29 15:37:56,322 [WARN] ModelIntegratedComponent:63 - No mode defined for component null
2024-01-29 15:37:56,322 [WARN] ModelIntegratedComponent:63 - No mode defined for component null
2024-01-29 15:37:56,322 [WARN] ModelIntegratedComponent:63 - No mode defined for component null
2024-01-29 15:37:56,322 [WARN] ModelIntegratedComponent:63 - No mode defined for component null
2024-01-29 15:37:56,322 [WARN] ModelIntegratedComponent:63 - No mode defined for component null
2024-01-29 15:37:56,322 [WARN] ModelIntegratedComponent:63 - No mode defined for component null
2024-01-29 15:37:56,322 [WARN] ModelIntegratedComponent:63 - No mode defined for component null
2024-01-29 15:37:56,322 [WARN] ModelIntegratedComponent:63 - No mode defined for component null
2024-01-29 15:37:56,322 [WARN] ModelIntegratedComponent:63 - No mode defined for component null
2024-01-29 15:37:56,323 [WARN] ModelIntegratedComponent:63 - No mode defined for component null
2024-01-29 15:37:56,323 [WARN] ModelIntegratedComponent:63 - No mode defined for component null
2024-01-29 15:37:56,323 [WARN] ModelIntegratedComponent:63 - No mode defined for component null
2024-01-29 15:37:56,323 [WARN] ModelIntegratedComponent:63 - No mode defined for component null
2024-01-29 15:37:56,323 [WARN] ModelIntegratedComponent:63 - No mode defined for component null
2024-01-29 15:37:56,323 [WARN] ModelIntegratedComponent:63 - No mode defined for component null
2024-01-29 15:37:56,323 [WARN] ModelIntegratedComponent:63 - No mode defined for component null
2024-01-29 15:37:56,323 [WARN] ModelIntegratedComponent:63 - No mode defined for component null
2024-01-29 15:37:56,370 [INFO] ThirdPartyModel:298 - Start build external matchings
2024-01-29 15:37:56,523 [INFO] ThirdPartyModel:316 - End build external matchings
2024-01-29 15:37:56,531 [INFO] ImportTextPane:194 - (OptionalMessage_ERROR) IP (RCC) : Invalid parameter (CECFreq_Value)
2024-01-29 15:37:56,531 [INFO] ImportTextPane:194 - (OptionalMessage_ERROR) IP (RCC) : Invalid parameter (FamilyName)
2024-01-29 15:37:56,531 [INFO] ImportTextPane:194 - (OptionalMessage_ERROR) IP (RCC) : Invalid parameter (HSICECFreq_Value)
2024-01-29 15:37:56,532 [INFO] ImportTextPane:194 - (OptionalMessage_ERROR) IP (RCC) : Invalid parameter (TIM2Freq_Value)
2024-01-29 15:37:56,532 [INFO] ImportTextPane:194 - (OptionalMessage_ERROR) IP (RCC) : Invalid parameter (TimSysFreq_Value)
2024-01-29 15:37:56,532 [INFO] ImportTextPane:194 - (OptionalMessage_ERROR) IP (RCC) : Parameter (USART2Freq_Value) has invalid value (8000000)
2024-01-29 15:37:56,655 [INFO] UtilMem:75 - End LoadConfig() Used Memory: 860087392 Bytes (1073741824)
2024-01-29 15:37:56,753 [INFO] ApiDb:581 - Connected to CubeFinder SQLite database (C:\Users\mizun\.stmcufinder\plugins\mcufinder\mcu\cube-finder-db.db)
2024-01-29 15:37:56,813 [INFO] ApiDb:668 - CubeFinder database Data Model version=2.1
2024-01-29 15:37:56,813 [INFO] ApiDb:669 - CubeFinder database Configuration version=3.0.39
2024-01-29 15:37:56,814 [INFO] ApiDb:670 - CubeFinder database generation date=2024-01-11 (1704964531)
2024-01-29 15:37:56,814 [INFO] ApiDb:671 - CubeFinder database FW Pack versions=[FP-ATR-ASTRA1_V2.0.0, FP-SNS-FLIGHT1_V5.0.1, FP-SNS-FLIGHT1_V5.0.2, FP-SNS-MOTENV1_V4.3.1, FP-SNS-MOTENV1_V4.3.2, FP-SNS-MOTENVWB1_V1.3.1, FP-SNS-SMARTAG2_V1.2.0, STM32Cube_FW_C0_V1.1.0, STM32Cube_FW_F4_V1.28.0, STM32Cube_FW_F7_V1.17.0, STM32Cube_FW_G0_V1.6.2, STM32Cube_FW_G4_V1.5.2, STM32Cube_FW_H5_V0.5.1, STM32Cube_FW_H5_V1.1.1, STM32Cube_FW_H5_V1.2.0RC2, STM32Cube_FW_H7_V1.11.0, STM32Cube_FW_L0_V1.12.2, STM32Cube_FW_L5_V1.5.0, STM32Cube_FW_U5_V1.3.0RC4, STM32Cube_FW_U5_V1.4.0, STM32Cube_FW_WBA_V1.0.0RC1, STM32Cube_FW_WBA_V1.1.0RC1, STM32Cube_FW_WBA_V1.2.0, STM32Cube_FW_WBA_V1.2.0RC2, STM32Cube_FW_WB_V1.15.0RC1, STM32Cube_FW_WB_V1.16.0, STM32Cube_FW_WB_V1.16.0RC2, STM32Cube_FW_WB_V1.18.0, STM32Cube_FW_WL_V1.3.0, X-CUBE-ALGOBUILD_V1.3.0, X-CUBE-ALS_V1.0.1, X-CUBE-AZRTOS-F4_V1.1.0, X-CUBE-AZRTOS-F7_V1.1.0, X-CUBE-AZRTOS-G0_V1.1.0, X-CUBE-AZRTOS-G4_V2.0.0, X-CUBE-AZRTOS-H7_V3.2.0, X-CUBE-AZRTOS-L4_V1.0.0, X-CUBE-AZRTOS-L4_V2.0.0, X-CUBE-AZRTOS-L5_V1.1.0, X-CUBE-AZRTOS-WB_V2.0.0, X-CUBE-AZRTOS-WL_V2.0.0, X-CUBE-BLE1_V7.0.0, X-CUBE-BLE2_V3.3.0, X-CUBE-BLEMGR_V3.0.0, X-CUBE-EEPRMA1_V4.1.0, X-CUBE-EEPRMA1_V4.2.0, X-CUBE-FREERTOS_V1.1.0, X-CUBE-GNSS1_V6.0.0, X-CUBE-MEMS1_V10.0.0, X-CUBE-MEMS1_V9.1.0, X-CUBE-MEMS1_V9.4.0, X-CUBE-MEMS1_V9.6.0, X-CUBE-NFC4_V3.0.0, X-CUBE-NFC7_V1.0.1, X-CUBE-SFXS2LP1_V4.0.0, X-CUBE-SUBG2_V5.0.0, X-CUBE-TOF1_V3.4.0]
2024-01-29 15:37:58,502 [INFO] ApiDb:240 - Found 371 in-development CPN: [B-G473E-ZEST1S, B-WB1M-WPAN1, B-WL5M-SUBG1, NUCLEO-C031C6, NUCLEO-H503RB, NUCLEO-H563ZI, NUCLEO-U545RE-Q, NUCLEO-U5A5ZJ-Q, NUCLEO-WBA52CG, NUCLEO-WBA55CG, STEVAL-MKBOXPRO, STEVAL-PROTEUS1, STEVAL-STWINBX1, STM320518-EVAL, STM32C0116-DK, STM32C011D6Y3TR, STM32C011D6Y6TR, STM32C011F4P3, STM32C011F4P6, STM32C011F4U3, STM32C011F4U6TR, STM32C011F6P3, STM32C011F6P6, STM32C011F6U3, STM32C011F6U6TR, STM32C011J4M3, STM32C011J4M6, STM32C011J6M3, STM32C011J6M6, STM32C0316-DK, STM32C031C4T3, STM32C031C4T6, STM32C031C4U3, STM32C031C4U6, STM32C031C6T3, STM32C031C6T6, STM32C031C6U3, STM32C031C6U6, STM32C031F4P3, STM32C031F4P6, STM32C031F6P3, STM32C031F6P6, STM32C031G4U3, STM32C031G4U6, STM32C031G6U3, STM32C031G6U6, STM32C031K4T3, STM32C031K4T6, STM32C031K4U3, STM32C031K4U6, STM32C031K6T3, STM32C031K6T6, STM32C031K6U3, STM32C031K6U6, STM32G071K8TXN, STM32G071K8UXN, STM32G081GBU6N, STM32G081KBT6N, STM32G081KBUXN, STM32G0B1CCT6N, STM32G0B1KCT6, STM32G0B1NEY6TR, STM32G0B1RCT6N, STM32G0C1CCT6, STM32G0C1CCT6N, STM32G0C1CCU6N, STM32G0C1CET6N, STM32G0C1CEU6N, STM32G0C1KCT6, STM32G0C1NEY6TR, STM32G0C1RCI6N, STM32G0C1RCT6N, STM32G0C1REI6N, STM32G0C1RET6N, STM32G0C1VCI6, STM32G0C1VEI6, STM32G471CCT6, STM32G471CCU6, STM32G471CET3, STM32G471CET6, STM32G471CEU3, STM32G471CEU6, STM32G471MCT6, STM32G471MET3, STM32G471MET6, STM32G471MEY6TR, STM32G471QCT6, STM32G471QET3, STM32G471RCT6, STM32G471RET3, STM32G471RET6, STM32G471VCH6, STM32G471VCI6, STM32G471VCT6, STM32G471VEH3, STM32G471VEH6, STM32G471VEI3, STM32G471VEI6, STM32G471VET3, STM32G471VET6, STM32G474CCT6, STM32H503CBT6, STM32H503CBU6, STM32H503EBY6TR, STM32H503KBU6, STM32H503RBT6, STM32H562AGI6, STM32H562AII6, STM32H562IGK6, STM32H562IGT6, STM32H562IIK6, STM32H562IIT6, STM32H562RGT6, STM32H562RGV6, STM32H562RIT6, STM32H562RIV6, STM32H562VGT6, STM32H562VIT6, STM32H562ZGT6, STM32H562ZIT6, STM32H563AGI6, STM32H563AII3Q, STM32H563AII6, STM32H563IGK6, STM32H563IGT6, STM32H563IIK3Q, STM32H563IIK6, STM32H563IIT3Q, STM32H563IIT6, STM32H563MIY3QTR, STM32H563RGT6, STM32H563RGV6, STM32H563RIT6, STM32H563RIV6, STM32H563VGT6, STM32H563VIT3Q, STM32H563VIT6, STM32H563ZGT6, STM32H563ZIT3Q, STM32H563ZIT6, STM32H573AII3Q, STM32H573AII6, STM32H573I-DK, STM32H573IIK3Q, STM32H573IIK6, STM32H573IIT3Q, STM32H573IIT6, STM32H573MIY3QTR, STM32H573RIT6, STM32H573RIV6, STM32H573VIT3Q, STM32H573VIT6, STM32H573ZIT3Q, STM32H573ZIT6, STM32L4R5QGI6STR, STM32MP131AAE3, STM32MP131AAF3, STM32MP131AAG3, STM32MP131CAE3, STM32MP131CAF3, STM32MP131CAG3, STM32MP131DAE7, STM32MP131DAF7, STM32MP131DAG7, STM32MP131FAE7, STM32MP131FAF7, STM32MP131FAG7, STM32MP133AAE3, STM32MP133AAF3, STM32MP133AAG3, STM32MP133CAE3, STM32MP133CAF3, STM32MP133CAG3, STM32MP133DAE7, STM32MP133DAF7, STM32MP133DAG7, STM32MP133FAE7, STM32MP133FAF7, STM32MP133FAG7, STM32MP135AAE3, STM32MP135AAF3, STM32MP135AAG3, STM32MP135CAE3, STM32MP135CAF3, STM32MP135CAG3, STM32MP135DAE7, STM32MP135DAF7, STM32MP135DAG7, STM32MP135F-DK, STM32MP135FAE7, STM32MP135FAF7, STM32MP135FAF7T, STM32MP135FAF7U, STM32MP135FAG7, STM32U535CBT6, STM32U535CBT6Q, STM32U535CBU6, STM32U535CBU6Q, STM32U535CCT6, STM32U535CCT6Q, STM32U535CCU6, STM32U535CCU6Q, STM32U535CET6, STM32U535CET6Q, STM32U535CEU6, STM32U535CEU6Q, STM32U535JEY6QTR, STM32U535NCY6QTR, STM32U535NEY6QTR, STM32U535RBI6, STM32U535RBI6Q, STM32U535RBT6, STM32U535RBT6Q, STM32U535RCI6, STM32U535RCI6Q, STM32U535RCT6, STM32U535RCT6Q, STM32U535REI6, STM32U535REI6Q, STM32U535RET6, STM32U535RET6Q, STM32U535VCI6, STM32U535VCI6Q, STM32U535VCT6, STM32U535VCT6Q, STM32U535VEI6, STM32U535VEI6Q, STM32U535VET6, STM32U535VET6Q, STM32U545CET6, STM32U545CET6Q, STM32U545CEU6, STM32U545CEU6Q, STM32U545JEY6QTR, STM32U545NEY6QTR, STM32U545REI6, STM32U545REI6Q, STM32U545RET6, STM32U545RET6Q, STM32U545VEI6, STM32U545VEI6Q, STM32U545VET6, STM32U545VET6Q, STM32U595AIH6, STM32U595AIH6Q, STM32U595AJH6, STM32U595AJH6Q, STM32U595QII6, STM32U595QII6Q, STM32U595QJI6, STM32U595QJI6Q, STM32U595RIT6, STM32U595RIT6Q, STM32U595RJT6, STM32U595RJT6Q, STM32U595VIT6, STM32U595VIT6Q, STM32U595VJT6, STM32U595VJT6Q, STM32U595ZIT6, STM32U595ZIT6Q, STM32U595ZIY6QTR, STM32U595ZJT6, STM32U595ZJT6Q, STM32U595ZJY6QTR, STM32U599BJY6QTR, STM32U599NIH6Q, STM32U599NJH6Q, STM32U599VIT6Q, STM32U599VJT6, STM32U599VJT6Q, STM32U599ZIT6Q, STM32U599ZIY6QTR, STM32U599ZJT6Q, STM32U599ZJY6QTR, STM32U5A5AJH6, STM32U5A5AJH6Q, STM32U5A5QJI6, STM32U5A5QJI6Q, STM32U5A5RJT6, STM32U5A5RJT6Q, STM32U5A5VJT6, STM32U5A5VJT6Q, STM32U5A5ZJT6, STM32U5A5ZJT6Q, STM32U5A5ZJY6QTR, STM32U5A9BJY6QTR, STM32U5A9J-DK, STM32U5A9NJH6Q, STM32U5A9VJT6Q, STM32U5A9ZJT6Q, STM32U5A9ZJY6QTR, STM32U5F7VIT6, STM32U5F7VIT6Q, STM32U5F7VJT6, STM32U5F7VJT6Q, STM32U5F9BJY6QTR, STM32U5F9NJH6Q, STM32U5F9VIT6Q, STM32U5F9VJT6Q, STM32U5F9ZIJ6QTR, STM32U5F9ZIT6Q, STM32U5F9ZJJ6QTR, STM32U5F9ZJT6Q, STM32U5G7VJT6, STM32U5G7VJT6Q, STM32U5G9BJY6QTR, STM32U5G9J-DK1, STM32U5G9J-DK2, STM32U5G9NJH6Q, STM32U5G9VJT6Q, STM32U5G9ZJJ6QTR, STM32U5G9ZJT6Q, STM32WB1MMCH6, STM32WBA50KEU6, STM32WBA50KEU6TR, STM32WBA50KGU6, STM32WBA50KGU6TR, STM32WBA52CEU6, STM32WBA52CEU6TR, STM32WBA52CEU7, STM32WBA52CEU7TR, STM32WBA52CGU6, STM32WBA52CGU6TR, STM32WBA52CGU6U, STM32WBA52CGU7, STM32WBA52CGU7TR, STM32WBA52KEU6, STM32WBA52KEU6TR, STM32WBA52KGU6, STM32WBA52KGU6TR, STM32WBA54CEU6, STM32WBA54CEU6TR, STM32WBA54CEU7, STM32WBA54CEU7TR, STM32WBA54CGU6, STM32WBA54CGU6TR, STM32WBA54CGU7, STM32WBA54CGU7TR, STM32WBA54KEU6, STM32WBA54KEU6TR, STM32WBA54KEU7, STM32WBA54KEU7TR, STM32WBA54KGU6, STM32WBA54KGU6TR, STM32WBA54KGU7, STM32WBA54KGU7TR, STM32WBA55CEU6, STM32WBA55CEU6TR, STM32WBA55CEU7, STM32WBA55CEU7TR, STM32WBA55CGU6, STM32WBA55CGU6TR, STM32WBA55CGU6U, STM32WBA55CGU7, STM32WBA55CGU7TR, STM32WBA55G-DK1, STM32WBA55HEF6, STM32WBA55HEF7, STM32WBA55HGF6, STM32WBA55HGF7, STM32WBA55UEI6, STM32WBA55UEI6TR, STM32WBA55UEI7, STM32WBA55UEI7TR, STM32WBA55UGI6, STM32WBA55UGI6TR, STM32WBA55UGI7, STM32WBA55UGI7TR, STM32WL5MOCH6, STM32WL5MOCH6TR]
2024-01-29 15:37:58,504 [INFO] DbMcus:218 - Found 3930 MCUs, 3930 are supported
2024-01-29 15:37:58,508 [INFO] ApiDb:423 - Load user favorites file C:\Users\mizun/.stm32cubeide/favorites.mcus.txt: 2 item(s)
2024-01-29 15:37:58,509 [INFO] ApiDb:427 - User favorites MCUs=[STM32F303C8T6, STM32F446RET6]
2024-01-29 15:37:58,509 [INFO] DbMcus:224 - Set 2 / 2 favorites MCUs
2024-01-29 15:37:58,765 [INFO] MicroXplorer:468 - Change Database Path : 
2024-01-29 15:37:58,765 [INFO] MicroXplorer:498 - Change Database Version : DB.6.0.100
2024-01-29 15:37:58,765 [WARN] ThirdParty:833 - waiting for thirdparty lock release [change project]
2024-01-29 15:37:58,765 [INFO] ThirdParty:835 - entering critical section [change project]
2024-01-29 15:37:58,765 [INFO] ThirdParty:1030 - CMSIS Pack Vendor :STMicroelectronics X-CUBE-ISPU 1.1.0
2024-01-29 15:37:58,765 [INFO] ThirdParty:1030 - CMSIS Pack Vendor :STMicroelectronics USBPD 4.1
2024-01-29 15:37:58,765 [INFO] ThirdParty:1030 - CMSIS Pack Vendor :STMicroelectronics X-CUBE-GNSS1 6.0.0
2024-01-29 15:37:58,765 [INFO] ThirdParty:1030 - CMSIS Pack Vendor :STMicroelectronics USB_HOST 2.0.0
2024-01-29 15:37:58,765 [INFO] ThirdParty:1030 - CMSIS Pack Vendor :STMicroelectronics X-CUBE-AZRTOS-F4 1.1.0
2024-01-29 15:37:58,765 [INFO] ThirdParty:1030 - CMSIS Pack Vendor :STMicroelectronics LIBJPEG 8.0.0
2024-01-29 15:37:58,765 [INFO] ThirdParty:1030 - CMSIS Pack Vendor :wolfSSL I-CUBE-wolfSSL 5.6.3
2024-01-29 15:37:58,765 [INFO] ThirdParty:1030 - CMSIS Pack Vendor :STMicroelectronics X-CUBE-SMBUS 2.1.0
2024-01-29 15:37:58,766 [INFO] ThirdParty:1030 - CMSIS Pack Vendor :STMicroelectronics USB_DEVICE 3.0.0
2024-01-29 15:37:58,766 [INFO] ThirdParty:1030 - CMSIS Pack Vendor :STMicroelectronics X-CUBE-AZRTOS-WB 2.0.0
2024-01-29 15:37:58,766 [INFO] ThirdParty:1030 - CMSIS Pack Vendor :STMicroelectronics X-CUBE-TOUCHGFX 4.23.0
2024-01-29 15:37:58,766 [INFO] ThirdParty:1030 - CMSIS Pack Vendor :STMicroelectronics X-CUBE-AZRTOS-F7 1.1.0
2024-01-29 15:37:58,766 [INFO] ThirdParty:1030 - CMSIS Pack Vendor :STMicroelectronics X-CUBE-AZRTOS-L5 2.0.0
2024-01-29 15:37:58,766 [INFO] ThirdParty:1030 - CMSIS Pack Vendor :STMicroelectronics USB_DEVICE 2.0.0
2024-01-29 15:37:58,766 [INFO] ThirdParty:1030 - CMSIS Pack Vendor :STMicroelectronics X-CUBE-EEPRMA1 4.2.0
2024-01-29 15:37:58,766 [INFO] ThirdParty:1030 - CMSIS Pack Vendor :ITTIA_DB I-CUBE-ITTIADB 8.8.0
2024-01-29 15:37:58,766 [INFO] ThirdParty:1030 - CMSIS Pack Vendor :STMicroelectronics FP-SNS-MOTENV1 4.3.2
2024-01-29 15:37:58,766 [INFO] ThirdParty:1030 - CMSIS Pack Vendor :STMicroelectronics X-CUBE-ALGOBUILD 1.3.0
2024-01-29 15:37:58,766 [INFO] ThirdParty:1030 - CMSIS Pack Vendor :STMicroelectronics FreeRTOS 0.0.1
2024-01-29 15:37:58,766 [INFO] ThirdParty:1030 - CMSIS Pack Vendor :STMicroelectronics X-CUBE-AZRTOS-G0 1.1.0
2024-01-29 15:37:58,766 [INFO] ThirdParty:1030 - CMSIS Pack Vendor :STMicroelectronics X-CUBE-BLEMGR 2.0.0
2024-01-29 15:37:58,766 [INFO] ThirdParty:1030 - CMSIS Pack Vendor :STMicroelectronics X-CUBE-NFC4 3.0.0
2024-01-29 15:37:58,766 [INFO] ThirdParty:1030 - CMSIS Pack Vendor :STMicroelectronics X-CUBE-SUBG2 5.0.0
2024-01-29 15:37:58,766 [INFO] ThirdParty:1030 - CMSIS Pack Vendor :STMicroelectronics STM32_WPAN 1.0.0
2024-01-29 15:37:58,766 [INFO] ThirdParty:1030 - CMSIS Pack Vendor :STMicroelectronics lwIP 2.0.3
2024-01-29 15:37:58,766 [INFO] ThirdParty:1030 - CMSIS Pack Vendor :STMicroelectronics FP-SNS-FLIGHT1 5.0.2
2024-01-29 15:37:58,766 [INFO] ThirdParty:1030 - CMSIS Pack Vendor :STMicroelectronics USB_HOST 1.0.0
2024-01-29 15:37:58,766 [INFO] ThirdParty:1030 - CMSIS Pack Vendor :STMicroelectronics X-CUBE-TOF1 3.3.1
2024-01-29 15:37:58,766 [INFO] ThirdParty:1030 - CMSIS Pack Vendor :STMicroelectronics X-CUBE-AZRTOS-G4 2.0.0
2024-01-29 15:37:58,766 [INFO] ThirdParty:1030 - CMSIS Pack Vendor :STMicroelectronics PDM2PCM 3.1.0
2024-01-29 15:37:58,766 [INFO] ThirdParty:1030 - CMSIS Pack Vendor :STMicroelectronics X-CUBE-AZRTOS-H7 3.1.0
2024-01-29 15:37:58,766 [INFO] ThirdParty:1030 - CMSIS Pack Vendor :Infineon AIROC-Wi-Fi-Bluetooth-STM32 1.5.1
2024-01-29 15:37:58,766 [INFO] ThirdParty:1030 - CMSIS Pack Vendor :STMicroelectronics X-CUBE-BLEMGR 3.0.0
2024-01-29 15:37:58,766 [INFO] ThirdParty:1030 - CMSIS Pack Vendor :STMicroelectronics PDM2PCM 3.3.0
2024-01-29 15:37:58,766 [INFO] ThirdParty:1030 - CMSIS Pack Vendor :STMicroelectronics X-CUBE-DISPLAY 3.0.0
2024-01-29 15:37:58,766 [INFO] ThirdParty:1030 - CMSIS Pack Vendor :STMicroelectronics FP-SNS-MOTENVWB1 1.3.0
2024-01-29 15:37:58,766 [INFO] ThirdParty:1030 - CMSIS Pack Vendor :STMicroelectronics FP-SNS-MOTENVWB1 1.3.1
2024-01-29 15:37:58,766 [INFO] ThirdParty:1030 - CMSIS Pack Vendor :STMicroelectronics X-CUBE-BLE1 7.0.0
2024-01-29 15:37:58,766 [INFO] ThirdParty:1030 - CMSIS Pack Vendor :STMicroelectronics FP-ATR-SIGFOX1 3.2.0
2024-01-29 15:37:58,766 [INFO] ThirdParty:1030 - CMSIS Pack Vendor :STMicroelectronics X-CUBE-ISPU 2.0.0
2024-01-29 15:37:58,766 [INFO] ThirdParty:1030 - CMSIS Pack Vendor :STMicroelectronics X-CUBE-EEPRMA1 5.1.0
2024-01-29 15:37:58,766 [INFO] ThirdParty:1030 - CMSIS Pack Vendor :STMicroelectronics HAL Drivers 0.0.0
2024-01-29 15:37:58,766 [INFO] ThirdParty:1030 - CMSIS Pack Vendor :STMicroelectronics MBEDTLS 2.16.2
2024-01-29 15:37:58,766 [INFO] ThirdParty:1030 - CMSIS Pack Vendor :emotas I-CUBE-CANOPEN 1.3.0
2024-01-29 15:37:58,766 [INFO] ThirdParty:1030 - CMSIS Pack Vendor :STMicroelectronics X-CUBE-MEMS1 10.0.0
2024-01-29 15:37:58,766 [INFO] ThirdParty:1030 - CMSIS Pack Vendor :STMicroelectronics X-CUBE-FREERTOS 1.1.0
2024-01-29 15:37:58,766 [INFO] ThirdParty:1030 - CMSIS Pack Vendor :STMicroelectronics X-CUBE-NFC7 1.0.1
2024-01-29 15:37:58,766 [INFO] ThirdParty:1030 - CMSIS Pack Vendor :STMicroelectronics MBEDTLS 2.14.1
2024-01-29 15:37:58,766 [INFO] ThirdParty:1030 - CMSIS Pack Vendor :STMicroelectronics X-CUBE-TOUCHGFX 4.22.1
2024-01-29 15:37:58,766 [INFO] ThirdParty:1030 - CMSIS Pack Vendor :STMicroelectronics X-CUBE-NFC6 3.0.0
2024-01-29 15:37:58,766 [INFO] ThirdParty:1030 - CMSIS Pack Vendor :STMicroelectronics X-CUBE-EEPRMA1 4.1.0
2024-01-29 15:37:58,766 [INFO] ThirdParty:1030 - CMSIS Pack Vendor :portGmbH I-Cube-SoM-uGOAL 1.1.0
2024-01-29 15:37:58,766 [INFO] ThirdParty:1030 - CMSIS Pack Vendor :STMicroelectronics X-CUBE-ALS 1.0.1
2024-01-29 15:37:58,766 [INFO] ThirdParty:1030 - CMSIS Pack Vendor :STMicroelectronics ThreadX 1.0.0
2024-01-29 15:37:58,766 [INFO] ThirdParty:1030 - CMSIS Pack Vendor :STMicroelectronics FP-SNS-SMARTAG2 1.2.0
2024-01-29 15:37:58,766 [INFO] ThirdParty:1030 - CMSIS Pack Vendor :STMicroelectronics X-CUBE-AZRTOS-WL 2.0.0
2024-01-29 15:37:58,766 [INFO] ThirdParty:1030 - CMSIS Pack Vendor :SEGGER I-CUBE-embOS 1.3.1
2024-01-29 15:37:58,766 [INFO] ThirdParty:1030 - CMSIS Pack Vendor :STMicroelectronics USB_DEVICE 1.0.0
2024-01-29 15:37:58,766 [INFO] ThirdParty:1030 - CMSIS Pack Vendor :STMicroelectronics X-CUBE-AI 8.1.0
2024-01-29 15:37:58,766 [INFO] ThirdParty:1030 - CMSIS Pack Vendor :STMicroelectronics X-CUBE-AZRTOS-L4 2.0.0
2024-01-29 15:37:58,766 [INFO] ThirdParty:1030 - CMSIS Pack Vendor :STMicroelectronics ThreadX 0.0.2
2024-01-29 15:37:58,766 [INFO] ThirdParty:1030 - CMSIS Pack Vendor :WES I-CUBE-Cesium 1.3.0
2024-01-29 15:37:58,766 [INFO] ThirdParty:1030 - CMSIS Pack Vendor :STMicroelectronics FP-ATR-ASTRA1 2.0.0
2024-01-29 15:37:58,766 [INFO] ThirdParty:1030 - CMSIS Pack Vendor :STMicroelectronics lwIP 2.1.2
2024-01-29 15:37:58,766 [INFO] ThirdParty:1030 - CMSIS Pack Vendor :STMicroelectronics X-CUBE-SFXS2LP1 4.0.0
2024-01-29 15:37:58,766 [INFO] ThirdParty:1030 - CMSIS Pack Vendor :STMicroelectronics X-CUBE-BLE2 3.3.0
2024-01-29 15:37:58,766 [INFO] ThirdParty:1030 - CMSIS Pack Vendor :STMicroelectronics X-CUBE-TOF1 3.4.0
2024-01-29 15:37:58,766 [INFO] ThirdParty:1030 - CMSIS Pack Vendor :STMicroelectronics X-CUBE-AZRTOS-H7 3.2.0
2024-01-29 15:37:58,766 [INFO] ThirdParty:1030 - CMSIS Pack Vendor :STMicroelectronics PDM2PCM 3.2.0
2024-01-29 15:37:58,767 [INFO] ThirdParty:841 - exiting critical section [change project]
2024-01-29 15:37:58,967 [INFO] PinOutPanel:1499 - setPackage(No Configuration,No Configuration)
2024-01-29 15:37:58,968 [INFO] PinOutPanel:1499 - setPackage(STM32F303K8Tx,LQFP32)
2024-01-29 15:37:59,537 [INFO] UtilMem:75 - Before build in PCC Used Memory: 824751496 Bytes (1073741824)
2024-01-29 15:38:00,130 [INFO] UtilMem:75 - After build in PCC Used Memory: 906066880 Bytes (1073741824)
2024-01-29 15:38:00,158 [INFO] IPUIPlugin:80 - create IPUIPlugin
2024-01-29 15:38:00,158 [INFO] IPUIPlugin:80 - create IPUIPlugin
2024-01-29 15:38:00,159 [INFO] IPUIPlugin:80 - create IPUIPlugin
2024-01-29 15:38:00,159 [INFO] IPUIPlugin:80 - create IPUIPlugin
2024-01-29 15:38:00,159 [INFO] IPUIPlugin:80 - create IPUIPlugin
2024-01-29 15:38:00,159 [INFO] IPUIPlugin:80 - create IPUIPlugin
2024-01-29 15:38:00,159 [INFO] IPUIPlugin:80 - create IPUIPlugin
2024-01-29 15:38:00,159 [INFO] IPUIPlugin:80 - create IPUIPlugin
2024-01-29 15:38:00,159 [INFO] IPUIPlugin:80 - create IPUIPlugin
2024-01-29 15:38:00,159 [INFO] IPUIPlugin:80 - create IPUIPlugin
2024-01-29 15:38:00,159 [INFO] IPUIPlugin:80 - create IPUIPlugin
2024-01-29 15:38:00,159 [INFO] IPUIPlugin:80 - create IPUIPlugin
2024-01-29 15:38:00,160 [INFO] IPUIPlugin:80 - create IPUIPlugin
2024-01-29 15:38:00,160 [INFO] IPUIPlugin:80 - create IPUIPlugin
2024-01-29 15:38:00,160 [INFO] IPUIPlugin:80 - create IPUIPlugin
2024-01-29 15:38:00,160 [INFO] IPUIPlugin:80 - create IPUIPlugin
2024-01-29 15:38:00,160 [INFO] IPUIPlugin:80 - create IPUIPlugin
2024-01-29 15:38:00,160 [INFO] IPUIPlugin:80 - create IPUIPlugin
2024-01-29 15:38:00,160 [INFO] IPUIPlugin:80 - create IPUIPlugin
2024-01-29 15:38:00,160 [INFO] IPUIPlugin:80 - create IPUIPlugin
2024-01-29 15:38:00,160 [INFO] IPUIPlugin:80 - create IPUIPlugin
2024-01-29 15:38:00,160 [INFO] IPUIPlugin:80 - create IPUIPlugin
2024-01-29 15:38:00,161 [INFO] IPUIPlugin:80 - create IPUIPlugin
2024-01-29 15:38:00,161 [INFO] IPUIPlugin:80 - create IPUIPlugin
2024-01-29 15:38:00,161 [INFO] IPUIPlugin:80 - create IPUIPlugin
2024-01-29 15:38:00,161 [INFO] IPUIPlugin:80 - create IPUIPlugin
2024-01-29 15:38:00,161 [INFO] IPUIPlugin:80 - create IPUIPlugin
2024-01-29 15:38:00,161 [INFO] IPUIPlugin:80 - create IPUIPlugin
2024-01-29 15:38:00,162 [INFO] IPUIPlugin:80 - create IPUIPlugin
2024-01-29 15:38:00,162 [INFO] IPUIPlugin:80 - create IPUIPlugin
2024-01-29 15:38:00,162 [INFO] IPUIPlugin:80 - create IPUIPlugin
2024-01-29 15:38:00,162 [INFO] IPUIPlugin:80 - create IPUIPlugin
2024-01-29 15:38:00,162 [INFO] IPUIPlugin:80 - create IPUIPlugin
2024-01-29 15:38:00,162 [INFO] IPUIPlugin:80 - create IPUIPlugin
2024-01-29 15:38:00,348 [INFO] CADModel:165 - CPN selected for project levelSTM32F303K8T6
2024-01-29 15:38:00,348 [INFO] CADModel:114 - Register for checkConnection events
2024-01-29 15:38:00,399 [INFO] OpenFileManager:343 - Restore cursor
2024-01-29 15:38:36,074 [INFO] NvicIntPanel:101 - NVIC parent = com.st.microxplorer.plugins.ip.nvic.MultiNvicIntPanel[,0,0,0x0,invalid,layout=javax.swing.BoxLayout,alignmentX=0.0,alignmentY=0.0,border=,flags=9,maximumSize=,minimumSize=,preferredSize=]
2024-01-29 15:38:40,950 [INFO] NvicIntPanel:101 - NVIC parent = com.st.microxplorer.plugins.ip.nvic.MultiNvicIntPanel[,0,0,0x0,invalid,layout=javax.swing.BoxLayout,alignmentX=0.0,alignmentY=0.0,border=,flags=9,maximumSize=,minimumSize=,preferredSize=]
2024-01-29 15:38:43,432 [INFO] UtilMem:75 - End SaveConfig() Used Memory: 753005048 Bytes (1073741824)
2024-01-29 15:38:43,485 [INFO] UtilMem:75 - End SaveConfig() Used Memory: 766636536 Bytes (1073741824)
2024-01-29 15:38:44,082 [INFO] UtilMem:75 - End SaveConfig() Used Memory: 794425848 Bytes (1073741824)
2024-01-29 15:38:44,403 [INFO] BlockDiagram:2759 - set Specific Code input for plugin: NVIC
2024-01-29 15:38:44,403 [INFO] BlockDiagram:2759 - set Specific Code input for plugin: USART
2024-01-29 15:38:44,403 [INFO] BlockDiagram:2759 - set Specific Code input for plugin: SYS
2024-01-29 15:38:44,404 [INFO] BlockDiagram:2759 - set Specific Code input for plugin: GPIO
2024-01-29 15:38:44,404 [INFO] BlockDiagram:2759 - set Specific Code input for plugin: RCC
2024-01-29 15:38:44,404 [INFO] BlockDiagram:2759 - set Specific Code input for plugin: I2C
2024-01-29 15:38:44,405 [INFO] CodeGenerator:807 - code generatio: config db path: C:\ST\STM32CubeIDE_1.14.0\STM32CubeIDE\plugins\com.st.stm32cube.common.mx_6.10.0.202311202037\\db\
2024-01-29 15:38:44,607 [INFO] CodeEngine:255 - oldGeneratedFile, C:\Users\mizun\Documents\GitHub\2024_Oidengiken\cubeIDE\gyro\gyro_nolibrary2\MXTmpFiles\license.tmp_save
2024-01-29 15:38:44,974 [INFO] CodeEngine:279 - Generated code: C:\Users\mizun\Documents\GitHub\2024_Oidengiken\cubeIDE\gyro\gyro_nolibrary2\MXTmpFiles\license.tmp
2024-01-29 15:38:45,054 [INFO] CodeEngine:255 - oldGeneratedFile, C:\Users\mizun\Documents\GitHub\2024_Oidengiken\cubeIDE\gyro\gyro_nolibrary2\MXTmpFiles\gpio.tmp_save
2024-01-29 15:38:45,159 [INFO] CodeEngine:279 - Generated code: C:\Users\mizun\Documents\GitHub\2024_Oidengiken\cubeIDE\gyro\gyro_nolibrary2\MXTmpFiles\gpio.tmp
2024-01-29 15:38:45,326 [INFO] CodeEngine:255 - oldGeneratedFile, C:\Users\mizun\Documents\GitHub\2024_Oidengiken\cubeIDE\gyro\gyro_nolibrary2\Core\Src\stm32f3xx_it.c_save
2024-01-29 15:38:45,423 [INFO] CodeEngine:279 - Generated code: C:\Users\mizun\Documents\GitHub\2024_Oidengiken\cubeIDE\gyro\gyro_nolibrary2\Core\Src\stm32f3xx_it.c
2024-01-29 15:38:45,443 [INFO] CodeEngine:255 - oldGeneratedFile, C:\Users\mizun\Documents\GitHub\2024_Oidengiken\cubeIDE\gyro\gyro_nolibrary2\Core\Inc\stm32f3xx_it.h_save
2024-01-29 15:38:45,511 [INFO] CodeEngine:279 - Generated code: C:\Users\mizun\Documents\GitHub\2024_Oidengiken\cubeIDE\gyro\gyro_nolibrary2\Core\Inc\stm32f3xx_it.h
2024-01-29 15:38:45,532 [INFO] CodeEngine:255 - oldGeneratedFile, C:\Users\mizun\Documents\GitHub\2024_Oidengiken\cubeIDE\gyro\gyro_nolibrary2\Core\Src\stm32f3xx_hal_msp.c_save
2024-01-29 15:38:45,616 [INFO] CodeEngine:279 - Generated code: C:\Users\mizun\Documents\GitHub\2024_Oidengiken\cubeIDE\gyro\gyro_nolibrary2\Core\Src\stm32f3xx_hal_msp.c
2024-01-29 15:38:45,623 [INFO] CodeEngine:255 - oldGeneratedFile, C:\Users\mizun\Documents\GitHub\2024_Oidengiken\cubeIDE\gyro\gyro_nolibrary2\MXTmpFiles\system.tmp_save
2024-01-29 15:38:45,669 [INFO] CodeEngine:279 - Generated code: C:\Users\mizun\Documents\GitHub\2024_Oidengiken\cubeIDE\gyro\gyro_nolibrary2\MXTmpFiles\system.tmp
2024-01-29 15:38:45,690 [INFO] CodeEngine:311 - oldGeneratedFile, C:\Users\mizun\Documents\GitHub\2024_Oidengiken\cubeIDE\gyro\gyro_nolibrary2\Core\Inc\stm32f3xx_hal_conf.h_save
2024-01-29 15:38:45,765 [INFO] CodeEngine:335 - Generated code: C:\Users\mizun\Documents\GitHub\2024_Oidengiken\cubeIDE\gyro\gyro_nolibrary2\Core\Inc\stm32f3xx_hal_conf.h
2024-01-29 15:38:45,811 [INFO] CodeEngine:255 - oldGeneratedFile, C:\Users\mizun\Documents\GitHub\2024_Oidengiken\cubeIDE\gyro\gyro_nolibrary2\Core\Inc\main.h_save
2024-01-29 15:38:45,883 [INFO] CodeEngine:279 - Generated code: C:\Users\mizun\Documents\GitHub\2024_Oidengiken\cubeIDE\gyro\gyro_nolibrary2\Core\Inc\main.h
2024-01-29 15:38:45,906 [INFO] CodeEngine:255 - oldGeneratedFile, C:\Users\mizun\Documents\GitHub\2024_Oidengiken\cubeIDE\gyro\gyro_nolibrary2\Core\Src\main.c_save
2024-01-29 15:38:46,025 [INFO] CodeEngine:279 - Generated code: C:\Users\mizun\Documents\GitHub\2024_Oidengiken\cubeIDE\gyro\gyro_nolibrary2\Core\Src\main.c
2024-01-29 15:38:46,614 [INFO] ProjectBuilder:3076 - Time for Copy HAL[1] : 337mS.
2024-01-29 15:38:46,618 [INFO] ProjectBuilder:4485 - Project Generator version: 4.2.0-B44
2024-01-29 15:38:46,771 [INFO] ConfigFileManager:1495 - The Die is : DIE438
2024-01-29 15:38:46,788 [INFO] ApiDbMcu:508 - Load IP Config File for FATFS
2024-01-29 15:38:46,800 [INFO] ApiDbMcu:508 - Load IP Config File for FREERTOS
2024-01-29 15:38:46,818 [INFO] ApiDbMcu:508 - Load IP Config File for TOUCHSENSING
2024-01-29 15:38:47,469 [INFO] LogOutputStream:77 - [STDOUT_REDIRECT] 
2024-01-29 15:38:48,638 [INFO] ProjectBuilder:4747 - Time for Generating toolchain IDE Files: 2020mS.
2024-01-29 15:38:48,639 [INFO] ProjectBuilder:2947 - Time for Copy CMSIS : 1mS.
2024-01-29 15:38:48,640 [INFO] ProjectBuilder:2947 - Time for Copy CMSIS : 0mS.
2024-01-29 15:38:57,478 [INFO] NvicIntPanel:101 - NVIC parent = com.st.microxplorer.plugins.ip.nvic.MultiNvicIntPanel[,0,0,0x0,invalid,layout=javax.swing.BoxLayout,alignmentX=0.0,alignmentY=0.0,border=,flags=9,maximumSize=,minimumSize=,preferredSize=]
2024-01-29 15:38:58,260 [INFO] UtilMem:75 - End SaveConfig() Used Memory: 751998528 Bytes (1073741824)
2024-01-29 15:38:58,306 [INFO] UtilMem:75 - End SaveConfig() Used Memory: 765538784 Bytes (1073741824)
2024-01-29 15:38:58,744 [INFO] UtilMem:75 - End SaveConfig() Used Memory: 793308176 Bytes (1073741824)
2024-01-29 15:38:58,912 [INFO] BlockDiagram:2759 - set Specific Code input for plugin: NVIC
2024-01-29 15:38:58,912 [INFO] BlockDiagram:2759 - set Specific Code input for plugin: USART
2024-01-29 15:38:58,912 [INFO] BlockDiagram:2759 - set Specific Code input for plugin: SYS
2024-01-29 15:38:58,912 [INFO] BlockDiagram:2759 - set Specific Code input for plugin: GPIO
2024-01-29 15:38:58,912 [INFO] BlockDiagram:2759 - set Specific Code input for plugin: RCC
2024-01-29 15:38:58,912 [INFO] BlockDiagram:2759 - set Specific Code input for plugin: I2C
2024-01-29 15:38:58,913 [INFO] CodeGenerator:807 - code generatio: config db path: C:\ST\STM32CubeIDE_1.14.0\STM32CubeIDE\plugins\com.st.stm32cube.common.mx_6.10.0.202311202037\\db\
2024-01-29 15:38:59,002 [INFO] CodeEngine:255 - oldGeneratedFile, C:\Users\mizun\Documents\GitHub\2024_Oidengiken\cubeIDE\gyro\gyro_nolibrary2\MXTmpFiles\license.tmp_save
2024-01-29 15:38:59,092 [INFO] CodeEngine:279 - Generated code: C:\Users\mizun\Documents\GitHub\2024_Oidengiken\cubeIDE\gyro\gyro_nolibrary2\MXTmpFiles\license.tmp
2024-01-29 15:38:59,117 [INFO] CodeEngine:255 - oldGeneratedFile, C:\Users\mizun\Documents\GitHub\2024_Oidengiken\cubeIDE\gyro\gyro_nolibrary2\MXTmpFiles\gpio.tmp_save
2024-01-29 15:38:59,181 [INFO] CodeEngine:279 - Generated code: C:\Users\mizun\Documents\GitHub\2024_Oidengiken\cubeIDE\gyro\gyro_nolibrary2\MXTmpFiles\gpio.tmp
2024-01-29 15:38:59,234 [INFO] CodeEngine:255 - oldGeneratedFile, C:\Users\mizun\Documents\GitHub\2024_Oidengiken\cubeIDE\gyro\gyro_nolibrary2\Core\Src\stm32f3xx_it.c_save
2024-01-29 15:38:59,300 [INFO] CodeEngine:279 - Generated code: C:\Users\mizun\Documents\GitHub\2024_Oidengiken\cubeIDE\gyro\gyro_nolibrary2\Core\Src\stm32f3xx_it.c
2024-01-29 15:38:59,305 [INFO] CodeEngine:255 - oldGeneratedFile, C:\Users\mizun\Documents\GitHub\2024_Oidengiken\cubeIDE\gyro\gyro_nolibrary2\Core\Inc\stm32f3xx_it.h_save
2024-01-29 15:38:59,339 [INFO] CodeEngine:279 - Generated code: C:\Users\mizun\Documents\GitHub\2024_Oidengiken\cubeIDE\gyro\gyro_nolibrary2\Core\Inc\stm32f3xx_it.h
2024-01-29 15:38:59,356 [INFO] CodeEngine:255 - oldGeneratedFile, C:\Users\mizun\Documents\GitHub\2024_Oidengiken\cubeIDE\gyro\gyro_nolibrary2\Core\Src\stm32f3xx_hal_msp.c_save
2024-01-29 15:38:59,418 [INFO] CodeEngine:279 - Generated code: C:\Users\mizun\Documents\GitHub\2024_Oidengiken\cubeIDE\gyro\gyro_nolibrary2\Core\Src\stm32f3xx_hal_msp.c
2024-01-29 15:38:59,421 [INFO] CodeEngine:255 - oldGeneratedFile, C:\Users\mizun\Documents\GitHub\2024_Oidengiken\cubeIDE\gyro\gyro_nolibrary2\MXTmpFiles\system.tmp_save
2024-01-29 15:38:59,454 [INFO] CodeEngine:279 - Generated code: C:\Users\mizun\Documents\GitHub\2024_Oidengiken\cubeIDE\gyro\gyro_nolibrary2\MXTmpFiles\system.tmp
2024-01-29 15:38:59,466 [INFO] CodeEngine:311 - oldGeneratedFile, C:\Users\mizun\Documents\GitHub\2024_Oidengiken\cubeIDE\gyro\gyro_nolibrary2\Core\Inc\stm32f3xx_hal_conf.h_save
2024-01-29 15:38:59,547 [INFO] CodeEngine:335 - Generated code: C:\Users\mizun\Documents\GitHub\2024_Oidengiken\cubeIDE\gyro\gyro_nolibrary2\Core\Inc\stm32f3xx_hal_conf.h
2024-01-29 15:38:59,578 [INFO] CodeEngine:255 - oldGeneratedFile, C:\Users\mizun\Documents\GitHub\2024_Oidengiken\cubeIDE\gyro\gyro_nolibrary2\Core\Inc\main.h_save
2024-01-29 15:38:59,649 [INFO] CodeEngine:279 - Generated code: C:\Users\mizun\Documents\GitHub\2024_Oidengiken\cubeIDE\gyro\gyro_nolibrary2\Core\Inc\main.h
2024-01-29 15:38:59,661 [INFO] CodeEngine:255 - oldGeneratedFile, C:\Users\mizun\Documents\GitHub\2024_Oidengiken\cubeIDE\gyro\gyro_nolibrary2\Core\Src\main.c_save
2024-01-29 15:38:59,756 [INFO] CodeEngine:279 - Generated code: C:\Users\mizun\Documents\GitHub\2024_Oidengiken\cubeIDE\gyro\gyro_nolibrary2\Core\Src\main.c
2024-01-29 15:39:00,077 [INFO] ProjectBuilder:3076 - Time for Copy HAL[1] : 91mS.
2024-01-29 15:39:00,081 [INFO] ProjectBuilder:4485 - Project Generator version: 4.2.0-B44
2024-01-29 15:39:00,233 [INFO] ConfigFileManager:1495 - The Die is : DIE438
2024-01-29 15:39:00,965 [INFO] ProjectBuilder:4747 - Time for Generating toolchain IDE Files: 883mS.
2024-01-29 15:39:00,965 [INFO] ProjectBuilder:2947 - Time for Copy CMSIS : 0mS.
2024-01-29 15:39:00,967 [INFO] ProjectBuilder:2947 - Time for Copy CMSIS : 0mS.
2024-01-29 15:42:35,267 [INFO] MainUpdater:2873 - connection check result : 10
2024-01-29 15:42:35,267 [INFO] MainUpdater:2873 - connection check result : 10
2024-01-29 15:42:35,290 [INFO] I2cTimingTraitement:330 - 0x2000090E
2024-01-29 15:42:35,292 [INFO] MicroXplorer:468 - Change Database Path : 
2024-01-29 15:42:35,292 [INFO] MicroXplorer:498 - Change Database Version : DB.6.0.100
2024-01-29 15:42:35,300 [ERROR] ProjectManagerView:394 - 
java.lang.NullPointerException: Cannot invoke "javax.swing.JTextField.getText()" because the return value of "java.util.List.get(int)" is null
	at com.st.microxplorer.plugins.projectmanager.gui.ProjectChoiceTab$10.caretUpdate(ProjectChoiceTab.java:2493) ~[filemanager.jar:?]
	at javax.swing.text.JTextComponent.fireCaretUpdate(JTextComponent.java:412) ~[?:?]
	at javax.swing.text.JTextComponent$MutableCaretEvent.fire(JTextComponent.java:4491) ~[?:?]
	at javax.swing.text.JTextComponent$MutableCaretEvent.stateChanged(JTextComponent.java:4513) ~[?:?]
	at javax.swing.text.DefaultCaret.fireStateChanged(DefaultCaret.java:842) ~[?:?]
	at javax.swing.text.DefaultCaret.changeCaretPosition(DefaultCaret.java:1313) ~[?:?]
	at javax.swing.text.DefaultCaret.handleSetDot(DefaultCaret.java:1212) ~[?:?]
	at javax.swing.text.DefaultCaret.setDot(DefaultCaret.java:1193) ~[?:?]
	at javax.swing.text.DefaultCaret$Handler.insertUpdate(DefaultCaret.java:1789) ~[?:?]
	at javax.swing.text.AbstractDocument.fireInsertUpdate(AbstractDocument.java:226) ~[?:?]
	at javax.swing.text.AbstractDocument.handleInsertString(AbstractDocument.java:780) ~[?:?]
	at javax.swing.text.AbstractDocument.insertString(AbstractDocument.java:739) ~[?:?]
	at javax.swing.text.PlainDocument.insertString(PlainDocument.java:131) ~[?:?]
	at javax.swing.text.AbstractDocument.replace(AbstractDocument.java:698) ~[?:?]
	at javax.swing.text.JTextComponent.setText(JTextComponent.java:1729) ~[?:?]
	at com.st.microxplorer.plugins.projectmanager.gui.ProjectChoiceTab.createHeapStackFields(ProjectChoiceTab.java:933) ~[filemanager.jar:?]
	at com.st.microxplorer.plugins.projectmanager.gui.ProjectChoiceTab.buildLinkSettingsPanel(ProjectChoiceTab.java:3426) ~[filemanager.jar:?]
	at com.st.microxplorer.plugins.projectmanager.gui.ProjectChoiceTab.defineWindowsFields(ProjectChoiceTab.java:1813) ~[filemanager.jar:?]
	at com.st.microxplorer.plugins.projectmanager.gui.ProjectChoiceTab.updateSettings(ProjectChoiceTab.java:533) ~[filemanager.jar:?]
	at com.st.microxplorer.plugins.projectmanager.gui.ProjectSettingsPanel.UpdateDialog(ProjectSettingsPanel.java:244) ~[filemanager.jar:?]
	at com.st.microxplorer.plugins.projectmanager.ProjectManagerView.propertyChange(ProjectManagerView.java:391) ~[filemanager.jar:?]
	at java.beans.PropertyChangeSupport.fire(PropertyChangeSupport.java:343) ~[?:?]
	at java.beans.PropertyChangeSupport.firePropertyChange(PropertyChangeSupport.java:335) ~[?:?]
	at java.beans.PropertyChangeSupport.firePropertyChange(PropertyChangeSupport.java:268) ~[?:?]
	at com.st.microxplorer.util.MXPropertyChangeSupport.firePropertyChange(MXPropertyChangeSupport.java:54) ~[STM32CubeMX.jar:?]
	at com.st.microxplorer.mxsystem.MxSystem.closeConfig(MxSystem.java:900) ~[STM32CubeMX.jar:?]
	at com.st.microxplorer.maingui.MainPanel.closeConfig(MainPanel.java:776) ~[STM32CubeMX.jar:?]
	at com.st.microxplorer.plugins.filemanager.engine.OpenFileManager.loadConfigurationFile(OpenFileManager.java:245) ~[filemanager.jar:?]
	at com.st.microxplorer.plugins.filemanager.engine.MainFileManager.userLoadConfig(MainFileManager.java:290) ~[filemanager.jar:?]
	at com.st.microxplorer.plugins.filemanager.FileManagerView.getSpecificTask(FileManagerView.java:247) ~[filemanager.jar:?]
	at com.st.stm32cube.common.mx.editor.CubeMxEditor.getMxTabbedPaneInstance(CubeMxEditor.java:1184) ~[com.st.stm32cube.common.mx_6.10.0.202311202037/:?]
	at com.st.stm32cube.common.mx.editor.CubeMxEditor$12$1.createSwingComponent(CubeMxEditor.java:1065) ~[com.st.stm32cube.common.mx_6.10.0.202311202037/:?]
	at com.st.stm32cube.common.mx.oss.core.awtswtbridge.EmbeddedSwingComposite.doComponentCreation(EmbeddedSwingComposite.java:492) ~[com.st.stm32cube.common.mx.oss_6.10.0.202311202037/:?]
	at com.st.stm32cube.common.mx.oss.core.awtswtbridge.EmbeddedSwingComposite$4.run(EmbeddedSwingComposite.java:291) ~[com.st.stm32cube.common.mx.oss_6.10.0.202311202037/:?]
	at com.st.stm32cube.common.mx.oss.core.awtswtbridge.AwtEnvironment$2.run(AwtEnvironment.java:166) ~[com.st.stm32cube.common.mx.oss_6.10.0.202311202037/:?]
	at java.awt.event.InvocationEvent.dispatch(InvocationEvent.java:318) ~[?:?]
	at java.awt.EventQueue.dispatchEventImpl(EventQueue.java:773) ~[?:?]
	at java.awt.EventQueue$4.run(EventQueue.java:720) ~[?:?]
	at java.awt.EventQueue$4.run(EventQueue.java:714) ~[?:?]
	at java.security.AccessController.doPrivileged(AccessController.java:399) ~[?:?]
	at java.security.ProtectionDomain$JavaSecurityAccessImpl.doIntersectionPrivilege(ProtectionDomain.java:86) ~[?:?]
	at java.awt.EventQueue.dispatchEvent(EventQueue.java:742) ~[?:?]
	at java.awt.EventDispatchThread.pumpOneEventForFilters(EventDispatchThread.java:203) ~[?:?]
	at java.awt.EventDispatchThread.pumpEventsForFilter(EventDispatchThread.java:124) ~[?:?]
	at java.awt.EventDispatchThread.pumpEventsForHierarchy(EventDispatchThread.java:113) ~[?:?]
	at java.awt.EventDispatchThread.pumpEvents(EventDispatchThread.java:109) ~[?:?]
	at java.awt.EventDispatchThread.pumpEvents(EventDispatchThread.java:101) ~[?:?]
	at java.awt.EventDispatchThread.run(EventDispatchThread.java:90) ~[?:?]
2024-01-29 15:42:35,305 [WARN] ThirdParty:871 - waiting for thirdparty lock release [close project]
2024-01-29 15:42:35,305 [INFO] ThirdParty:873 - entering critical section [close project]
2024-01-29 15:42:35,305 [INFO] ThirdParty:883 - exiting critical section [close project]
2024-01-29 15:42:35,306 [INFO] PinOutPanel:1499 - setPackage(No Configuration,No Configuration)
2024-01-29 15:42:35,309 [INFO] UtilMem:75 - Begin LoadConfig() Used Memory: 706783208 Bytes (1073741824)
2024-01-29 15:42:35,309 [INFO] MicroXplorer:468 - Change Database Path : 
2024-01-29 15:42:35,309 [INFO] MicroXplorer:498 - Change Database Version : DB.6.0.100
2024-01-29 15:42:35,310 [INFO] OpenFileManager:312 - Change cursor
2024-01-29 15:42:35,323 [INFO] RulesReader:64 - Compatibility file has been processed (297 Rules)
2024-01-29 15:42:35,325 [INFO] Mcu:2016 - Initializing MCU STM32F303K(6-8)Tx STM32F303K8Tx STM32F303K8T6
2024-01-29 15:42:35,822 [INFO] Context:659 - Trying to add GPIOservice into a context  which must be forbidden
2024-01-29 15:42:35,946 [INFO] RtosManager:555 - Registered RTOS mode: class=CMSIS, group=RTOS, mode=CMSIS_V1, owner=FREERTOS
2024-01-29 15:42:35,947 [INFO] RtosManager:555 - Registered RTOS mode: class=CMSIS, group=RTOS2, mode=CMSIS_V2, owner=FREERTOS
2024-01-29 15:42:35,947 [INFO] RtosManager:555 - Registered RTOS mode: class=RTOS, group=Core, mode=CMSIS_V1, owner=FREERTOS
2024-01-29 15:42:35,947 [INFO] RtosManager:555 - Registered RTOS mode: class=RTOS, group=Core, mode=CMSIS_V2, owner=FREERTOS
2024-01-29 15:42:35,947 [WARN] ModelIntegratedComponent:184 - Missing modes for component STMicroelectronics:FreeRTOS:0.0.1:STMicroelectronics:RTOS:FreeRTOS:Core:::10.2.0:
2024-01-29 15:42:35,952 [WARN] ModelIntegratedComponent:63 - No mode defined for component null
2024-01-29 15:42:35,952 [WARN] ModelIntegratedComponent:63 - No mode defined for component null
2024-01-29 15:42:35,952 [WARN] ModelIntegratedComponent:63 - No mode defined for component null
2024-01-29 15:42:35,952 [WARN] ModelIntegratedComponent:63 - No mode defined for component null
2024-01-29 15:42:35,952 [WARN] ModelIntegratedComponent:63 - No mode defined for component null
2024-01-29 15:42:35,952 [WARN] ModelIntegratedComponent:63 - No mode defined for component null
2024-01-29 15:42:35,952 [WARN] ModelIntegratedComponent:63 - No mode defined for component null
2024-01-29 15:42:35,952 [WARN] ModelIntegratedComponent:63 - No mode defined for component null
2024-01-29 15:42:35,952 [WARN] ModelIntegratedComponent:63 - No mode defined for component null
2024-01-29 15:42:35,952 [WARN] ModelIntegratedComponent:63 - No mode defined for component null
2024-01-29 15:42:35,952 [WARN] ModelIntegratedComponent:63 - No mode defined for component null
2024-01-29 15:42:35,952 [WARN] ModelIntegratedComponent:63 - No mode defined for component null
2024-01-29 15:42:35,952 [WARN] ModelIntegratedComponent:63 - No mode defined for component null
2024-01-29 15:42:35,952 [WARN] ModelIntegratedComponent:63 - No mode defined for component null
2024-01-29 15:42:35,952 [WARN] ModelIntegratedComponent:63 - No mode defined for component null
2024-01-29 15:42:35,952 [WARN] ModelIntegratedComponent:63 - No mode defined for component null
2024-01-29 15:42:35,952 [WARN] ModelIntegratedComponent:63 - No mode defined for component null
2024-01-29 15:42:35,952 [WARN] ModelIntegratedComponent:63 - No mode defined for component null
2024-01-29 15:42:35,952 [WARN] ModelIntegratedComponent:63 - No mode defined for component null
2024-01-29 15:42:35,952 [WARN] ModelIntegratedComponent:63 - No mode defined for component null
2024-01-29 15:42:35,953 [WARN] ModelIntegratedComponent:63 - No mode defined for component null
2024-01-29 15:42:35,953 [WARN] ModelIntegratedComponent:63 - No mode defined for component null
2024-01-29 15:42:35,953 [WARN] ModelIntegratedComponent:63 - No mode defined for component null
2024-01-29 15:42:35,953 [WARN] ModelIntegratedComponent:63 - No mode defined for component null
2024-01-29 15:42:35,953 [WARN] ModelIntegratedComponent:63 - No mode defined for component null
2024-01-29 15:42:35,953 [WARN] ModelIntegratedComponent:63 - No mode defined for component null
2024-01-29 15:42:35,953 [WARN] ModelIntegratedComponent:63 - No mode defined for component null
2024-01-29 15:42:35,953 [WARN] ModelIntegratedComponent:63 - No mode defined for component null
2024-01-29 15:42:35,953 [WARN] ModelIntegratedComponent:63 - No mode defined for component null
2024-01-29 15:42:35,953 [WARN] ModelIntegratedComponent:63 - No mode defined for component null
2024-01-29 15:42:35,953 [WARN] ModelIntegratedComponent:63 - No mode defined for component null
2024-01-29 15:42:35,953 [WARN] ModelIntegratedComponent:63 - No mode defined for component null
2024-01-29 15:42:35,953 [WARN] ModelIntegratedComponent:63 - No mode defined for component null
2024-01-29 15:42:35,989 [INFO] ThirdPartyModel:298 - Start build external matchings
2024-01-29 15:42:36,135 [INFO] ThirdPartyModel:316 - End build external matchings
2024-01-29 15:42:36,141 [INFO] ImportTextPane:194 - (OptionalMessage_ERROR) IP (RCC) : Invalid parameter (CECFreq_Value)
2024-01-29 15:42:36,141 [INFO] ImportTextPane:194 - (OptionalMessage_ERROR) IP (RCC) : Invalid parameter (FamilyName)
2024-01-29 15:42:36,141 [INFO] ImportTextPane:194 - (OptionalMessage_ERROR) IP (RCC) : Invalid parameter (HSICECFreq_Value)
2024-01-29 15:42:36,141 [INFO] ImportTextPane:194 - (OptionalMessage_ERROR) IP (RCC) : Invalid parameter (TIM2Freq_Value)
2024-01-29 15:42:36,141 [INFO] ImportTextPane:194 - (OptionalMessage_ERROR) IP (RCC) : Invalid parameter (TimSysFreq_Value)
2024-01-29 15:42:36,141 [INFO] ImportTextPane:194 - (OptionalMessage_ERROR) IP (RCC) : Parameter (USART2Freq_Value) has invalid value (8000000)
2024-01-29 15:42:36,214 [INFO] ApiDb:668 - CubeFinder database Data Model version=2.1
2024-01-29 15:42:36,214 [INFO] ApiDb:669 - CubeFinder database Configuration version=3.0.39
2024-01-29 15:42:36,214 [INFO] ApiDb:670 - CubeFinder database generation date=2024-01-11 (1704964531)
2024-01-29 15:42:36,214 [INFO] ApiDb:671 - CubeFinder database FW Pack versions=[FP-ATR-ASTRA1_V2.0.0, FP-SNS-FLIGHT1_V5.0.1, FP-SNS-FLIGHT1_V5.0.2, FP-SNS-MOTENV1_V4.3.1, FP-SNS-MOTENV1_V4.3.2, FP-SNS-MOTENVWB1_V1.3.1, FP-SNS-SMARTAG2_V1.2.0, STM32Cube_FW_C0_V1.1.0, STM32Cube_FW_F4_V1.28.0, STM32Cube_FW_F7_V1.17.0, STM32Cube_FW_G0_V1.6.2, STM32Cube_FW_G4_V1.5.2, STM32Cube_FW_H5_V0.5.1, STM32Cube_FW_H5_V1.1.1, STM32Cube_FW_H5_V1.2.0RC2, STM32Cube_FW_H7_V1.11.0, STM32Cube_FW_L0_V1.12.2, STM32Cube_FW_L5_V1.5.0, STM32Cube_FW_U5_V1.3.0RC4, STM32Cube_FW_U5_V1.4.0, STM32Cube_FW_WBA_V1.0.0RC1, STM32Cube_FW_WBA_V1.1.0RC1, STM32Cube_FW_WBA_V1.2.0, STM32Cube_FW_WBA_V1.2.0RC2, STM32Cube_FW_WB_V1.15.0RC1, STM32Cube_FW_WB_V1.16.0, STM32Cube_FW_WB_V1.16.0RC2, STM32Cube_FW_WB_V1.18.0, STM32Cube_FW_WL_V1.3.0, X-CUBE-ALGOBUILD_V1.3.0, X-CUBE-ALS_V1.0.1, X-CUBE-AZRTOS-F4_V1.1.0, X-CUBE-AZRTOS-F7_V1.1.0, X-CUBE-AZRTOS-G0_V1.1.0, X-CUBE-AZRTOS-G4_V2.0.0, X-CUBE-AZRTOS-H7_V3.2.0, X-CUBE-AZRTOS-L4_V1.0.0, X-CUBE-AZRTOS-L4_V2.0.0, X-CUBE-AZRTOS-L5_V1.1.0, X-CUBE-AZRTOS-WB_V2.0.0, X-CUBE-AZRTOS-WL_V2.0.0, X-CUBE-BLE1_V7.0.0, X-CUBE-BLE2_V3.3.0, X-CUBE-BLEMGR_V3.0.0, X-CUBE-EEPRMA1_V4.1.0, X-CUBE-EEPRMA1_V4.2.0, X-CUBE-FREERTOS_V1.1.0, X-CUBE-GNSS1_V6.0.0, X-CUBE-MEMS1_V10.0.0, X-CUBE-MEMS1_V9.1.0, X-CUBE-MEMS1_V9.4.0, X-CUBE-MEMS1_V9.6.0, X-CUBE-NFC4_V3.0.0, X-CUBE-NFC7_V1.0.1, X-CUBE-SFXS2LP1_V4.0.0, X-CUBE-SUBG2_V5.0.0, X-CUBE-TOF1_V3.4.0]
2024-01-29 15:42:36,317 [INFO] DbBoardsSqlite:226 - include board P-NUCLEO-WB55-NUCLEO as a kit item of type 'Nucleo-64'
2024-01-29 15:42:36,317 [INFO] DbBoardsSqlite:226 - include board P-NUCLEO-WB55-USBDONGLE as a kit item of type 'Nucleo USB Dongle'
2024-01-29 15:42:36,317 [INFO] DbBoardsSqlite:226 - include board STEVAL-IDP005V1 as a kit item of type 'Evaluation Board'
2024-01-29 15:42:36,317 [INFO] DbBoardsSqlite:226 - include board STEVAL-IDP005V2 as a kit item of type 'Evaluation Board'
2024-01-29 15:42:36,358 [INFO] ApiDb:240 - Found 371 in-development CPN: [B-G473E-ZEST1S, B-WB1M-WPAN1, B-WL5M-SUBG1, NUCLEO-C031C6, NUCLEO-H503RB, NUCLEO-H563ZI, NUCLEO-U545RE-Q, NUCLEO-U5A5ZJ-Q, NUCLEO-WBA52CG, NUCLEO-WBA55CG, STEVAL-MKBOXPRO, STEVAL-PROTEUS1, STEVAL-STWINBX1, STM320518-EVAL, STM32C0116-DK, STM32C011D6Y3TR, STM32C011D6Y6TR, STM32C011F4P3, STM32C011F4P6, STM32C011F4U3, STM32C011F4U6TR, STM32C011F6P3, STM32C011F6P6, STM32C011F6U3, STM32C011F6U6TR, STM32C011J4M3, STM32C011J4M6, STM32C011J6M3, STM32C011J6M6, STM32C0316-DK, STM32C031C4T3, STM32C031C4T6, STM32C031C4U3, STM32C031C4U6, STM32C031C6T3, STM32C031C6T6, STM32C031C6U3, STM32C031C6U6, STM32C031F4P3, STM32C031F4P6, STM32C031F6P3, STM32C031F6P6, STM32C031G4U3, STM32C031G4U6, STM32C031G6U3, STM32C031G6U6, STM32C031K4T3, STM32C031K4T6, STM32C031K4U3, STM32C031K4U6, STM32C031K6T3, STM32C031K6T6, STM32C031K6U3, STM32C031K6U6, STM32G071K8TXN, STM32G071K8UXN, STM32G081GBU6N, STM32G081KBT6N, STM32G081KBUXN, STM32G0B1CCT6N, STM32G0B1KCT6, STM32G0B1NEY6TR, STM32G0B1RCT6N, STM32G0C1CCT6, STM32G0C1CCT6N, STM32G0C1CCU6N, STM32G0C1CET6N, STM32G0C1CEU6N, STM32G0C1KCT6, STM32G0C1NEY6TR, STM32G0C1RCI6N, STM32G0C1RCT6N, STM32G0C1REI6N, STM32G0C1RET6N, STM32G0C1VCI6, STM32G0C1VEI6, STM32G471CCT6, STM32G471CCU6, STM32G471CET3, STM32G471CET6, STM32G471CEU3, STM32G471CEU6, STM32G471MCT6, STM32G471MET3, STM32G471MET6, STM32G471MEY6TR, STM32G471QCT6, STM32G471QET3, STM32G471RCT6, STM32G471RET3, STM32G471RET6, STM32G471VCH6, STM32G471VCI6, STM32G471VCT6, STM32G471VEH3, STM32G471VEH6, STM32G471VEI3, STM32G471VEI6, STM32G471VET3, STM32G471VET6, STM32G474CCT6, STM32H503CBT6, STM32H503CBU6, STM32H503EBY6TR, STM32H503KBU6, STM32H503RBT6, STM32H562AGI6, STM32H562AII6, STM32H562IGK6, STM32H562IGT6, STM32H562IIK6, STM32H562IIT6, STM32H562RGT6, STM32H562RGV6, STM32H562RIT6, STM32H562RIV6, STM32H562VGT6, STM32H562VIT6, STM32H562ZGT6, STM32H562ZIT6, STM32H563AGI6, STM32H563AII3Q, STM32H563AII6, STM32H563IGK6, STM32H563IGT6, STM32H563IIK3Q, STM32H563IIK6, STM32H563IIT3Q, STM32H563IIT6, STM32H563MIY3QTR, STM32H563RGT6, STM32H563RGV6, STM32H563RIT6, STM32H563RIV6, STM32H563VGT6, STM32H563VIT3Q, STM32H563VIT6, STM32H563ZGT6, STM32H563ZIT3Q, STM32H563ZIT6, STM32H573AII3Q, STM32H573AII6, STM32H573I-DK, STM32H573IIK3Q, STM32H573IIK6, STM32H573IIT3Q, STM32H573IIT6, STM32H573MIY3QTR, STM32H573RIT6, STM32H573RIV6, STM32H573VIT3Q, STM32H573VIT6, STM32H573ZIT3Q, STM32H573ZIT6, STM32L4R5QGI6STR, STM32MP131AAE3, STM32MP131AAF3, STM32MP131AAG3, STM32MP131CAE3, STM32MP131CAF3, STM32MP131CAG3, STM32MP131DAE7, STM32MP131DAF7, STM32MP131DAG7, STM32MP131FAE7, STM32MP131FAF7, STM32MP131FAG7, STM32MP133AAE3, STM32MP133AAF3, STM32MP133AAG3, STM32MP133CAE3, STM32MP133CAF3, STM32MP133CAG3, STM32MP133DAE7, STM32MP133DAF7, STM32MP133DAG7, STM32MP133FAE7, STM32MP133FAF7, STM32MP133FAG7, STM32MP135AAE3, STM32MP135AAF3, STM32MP135AAG3, STM32MP135CAE3, STM32MP135CAF3, STM32MP135CAG3, STM32MP135DAE7, STM32MP135DAF7, STM32MP135DAG7, STM32MP135F-DK, STM32MP135FAE7, STM32MP135FAF7, STM32MP135FAF7T, STM32MP135FAF7U, STM32MP135FAG7, STM32U535CBT6, STM32U535CBT6Q, STM32U535CBU6, STM32U535CBU6Q, STM32U535CCT6, STM32U535CCT6Q, STM32U535CCU6, STM32U535CCU6Q, STM32U535CET6, STM32U535CET6Q, STM32U535CEU6, STM32U535CEU6Q, STM32U535JEY6QTR, STM32U535NCY6QTR, STM32U535NEY6QTR, STM32U535RBI6, STM32U535RBI6Q, STM32U535RBT6, STM32U535RBT6Q, STM32U535RCI6, STM32U535RCI6Q, STM32U535RCT6, STM32U535RCT6Q, STM32U535REI6, STM32U535REI6Q, STM32U535RET6, STM32U535RET6Q, STM32U535VCI6, STM32U535VCI6Q, STM32U535VCT6, STM32U535VCT6Q, STM32U535VEI6, STM32U535VEI6Q, STM32U535VET6, STM32U535VET6Q, STM32U545CET6, STM32U545CET6Q, STM32U545CEU6, STM32U545CEU6Q, STM32U545JEY6QTR, STM32U545NEY6QTR, STM32U545REI6, STM32U545REI6Q, STM32U545RET6, STM32U545RET6Q, STM32U545VEI6, STM32U545VEI6Q, STM32U545VET6, STM32U545VET6Q, STM32U595AIH6, STM32U595AIH6Q, STM32U595AJH6, STM32U595AJH6Q, STM32U595QII6, STM32U595QII6Q, STM32U595QJI6, STM32U595QJI6Q, STM32U595RIT6, STM32U595RIT6Q, STM32U595RJT6, STM32U595RJT6Q, STM32U595VIT6, STM32U595VIT6Q, STM32U595VJT6, STM32U595VJT6Q, STM32U595ZIT6, STM32U595ZIT6Q, STM32U595ZIY6QTR, STM32U595ZJT6, STM32U595ZJT6Q, STM32U595ZJY6QTR, STM32U599BJY6QTR, STM32U599NIH6Q, STM32U599NJH6Q, STM32U599VIT6Q, STM32U599VJT6, STM32U599VJT6Q, STM32U599ZIT6Q, STM32U599ZIY6QTR, STM32U599ZJT6Q, STM32U599ZJY6QTR, STM32U5A5AJH6, STM32U5A5AJH6Q, STM32U5A5QJI6, STM32U5A5QJI6Q, STM32U5A5RJT6, STM32U5A5RJT6Q, STM32U5A5VJT6, STM32U5A5VJT6Q, STM32U5A5ZJT6, STM32U5A5ZJT6Q, STM32U5A5ZJY6QTR, STM32U5A9BJY6QTR, STM32U5A9J-DK, STM32U5A9NJH6Q, STM32U5A9VJT6Q, STM32U5A9ZJT6Q, STM32U5A9ZJY6QTR, STM32U5F7VIT6, STM32U5F7VIT6Q, STM32U5F7VJT6, STM32U5F7VJT6Q, STM32U5F9BJY6QTR, STM32U5F9NJH6Q, STM32U5F9VIT6Q, STM32U5F9VJT6Q, STM32U5F9ZIJ6QTR, STM32U5F9ZIT6Q, STM32U5F9ZJJ6QTR, STM32U5F9ZJT6Q, STM32U5G7VJT6, STM32U5G7VJT6Q, STM32U5G9BJY6QTR, STM32U5G9J-DK1, STM32U5G9J-DK2, STM32U5G9NJH6Q, STM32U5G9VJT6Q, STM32U5G9ZJJ6QTR, STM32U5G9ZJT6Q, STM32WB1MMCH6, STM32WBA50KEU6, STM32WBA50KEU6TR, STM32WBA50KGU6, STM32WBA50KGU6TR, STM32WBA52CEU6, STM32WBA52CEU6TR, STM32WBA52CEU7, STM32WBA52CEU7TR, STM32WBA52CGU6, STM32WBA52CGU6TR, STM32WBA52CGU6U, STM32WBA52CGU7, STM32WBA52CGU7TR, STM32WBA52KEU6, STM32WBA52KEU6TR, STM32WBA52KGU6, STM32WBA52KGU6TR, STM32WBA54CEU6, STM32WBA54CEU6TR, STM32WBA54CEU7, STM32WBA54CEU7TR, STM32WBA54CGU6, STM32WBA54CGU6TR, STM32WBA54CGU7, STM32WBA54CGU7TR, STM32WBA54KEU6, STM32WBA54KEU6TR, STM32WBA54KEU7, STM32WBA54KEU7TR, STM32WBA54KGU6, STM32WBA54KGU6TR, STM32WBA54KGU7, STM32WBA54KGU7TR, STM32WBA55CEU6, STM32WBA55CEU6TR, STM32WBA55CEU7, STM32WBA55CEU7TR, STM32WBA55CGU6, STM32WBA55CGU6TR, STM32WBA55CGU6U, STM32WBA55CGU7, STM32WBA55CGU7TR, STM32WBA55G-DK1, STM32WBA55HEF6, STM32WBA55HEF7, STM32WBA55HGF6, STM32WBA55HGF7, STM32WBA55UEI6, STM32WBA55UEI6TR, STM32WBA55UEI7, STM32WBA55UEI7TR, STM32WBA55UGI6, STM32WBA55UGI6TR, STM32WBA55UGI7, STM32WBA55UGI7TR, STM32WL5MOCH6, STM32WL5MOCH6TR]
2024-01-29 15:42:36,418 [INFO] BoardInfo:889 - No configuration file found for board P-NUCLEO-WB55
2024-01-29 15:42:36,419 [INFO] DbBoards:161 - Kit is not supported: P-NUCLEO-WB55
2024-01-29 15:42:36,421 [INFO] BoardInfo:889 - No configuration file found for board STEVAL-BFA001V1B
2024-01-29 15:42:36,421 [INFO] DbBoards:161 - Kit is not supported: STEVAL-BFA001V1B
2024-01-29 15:42:36,422 [INFO] BoardInfo:889 - No configuration file found for board STEVAL-BFA001V2B
2024-01-29 15:42:36,422 [INFO] DbBoards:161 - Kit is not supported: STEVAL-BFA001V2B
2024-01-29 15:42:36,503 [INFO] DbBoards:168 - Found 193 boards, 190 are supported
2024-01-29 15:42:36,503 [INFO] DbBoards:169 - Found 193 boards, 3 of them is supported for  Bsp
2024-01-29 15:42:36,508 [INFO] ApiDb:423 - Load user favorites file C:\Users\mizun/.stm32cubeide/favorites.boards.txt: 3 item(s)
2024-01-29 15:42:36,508 [INFO] ApiDb:427 - User favorites Boards=[NUCLEO-F303K8, NUCLEO-F446RE, NUCLEO-L412RB-P]
2024-01-29 15:42:36,508 [INFO] DbBoards:198 - Set 3 / 3 favorites Boards
2024-01-29 15:42:36,561 [INFO] UtilMem:75 - End LoadConfig() Used Memory: 631689176 Bytes (1073741824)
2024-01-29 15:42:36,600 [INFO] MicroXplorer:468 - Change Database Path : 
2024-01-29 15:42:36,600 [INFO] MicroXplorer:498 - Change Database Version : DB.6.0.100
2024-01-29 15:42:36,600 [WARN] ThirdParty:833 - waiting for thirdparty lock release [change project]
2024-01-29 15:42:36,600 [INFO] ThirdParty:835 - entering critical section [change project]
2024-01-29 15:42:36,600 [INFO] ThirdParty:1030 - CMSIS Pack Vendor :STMicroelectronics X-CUBE-ISPU 1.1.0
2024-01-29 15:42:36,600 [INFO] ThirdParty:1030 - CMSIS Pack Vendor :STMicroelectronics USBPD 4.1
2024-01-29 15:42:36,600 [INFO] ThirdParty:1030 - CMSIS Pack Vendor :STMicroelectronics X-CUBE-GNSS1 6.0.0
2024-01-29 15:42:36,601 [INFO] ThirdParty:1030 - CMSIS Pack Vendor :STMicroelectronics USB_HOST 2.0.0
2024-01-29 15:42:36,601 [INFO] ThirdParty:1030 - CMSIS Pack Vendor :STMicroelectronics X-CUBE-AZRTOS-F4 1.1.0
2024-01-29 15:42:36,601 [INFO] ThirdParty:1030 - CMSIS Pack Vendor :STMicroelectronics LIBJPEG 8.0.0
2024-01-29 15:42:36,601 [INFO] ThirdParty:1030 - CMSIS Pack Vendor :wolfSSL I-CUBE-wolfSSL 5.6.3
2024-01-29 15:42:36,601 [INFO] ThirdParty:1030 - CMSIS Pack Vendor :STMicroelectronics X-CUBE-SMBUS 2.1.0
2024-01-29 15:42:36,601 [INFO] ThirdParty:1030 - CMSIS Pack Vendor :STMicroelectronics USB_DEVICE 3.0.0
2024-01-29 15:42:36,601 [INFO] ThirdParty:1030 - CMSIS Pack Vendor :STMicroelectronics X-CUBE-AZRTOS-WB 2.0.0
2024-01-29 15:42:36,601 [INFO] ThirdParty:1030 - CMSIS Pack Vendor :STMicroelectronics X-CUBE-TOUCHGFX 4.23.0
2024-01-29 15:42:36,601 [INFO] ThirdParty:1030 - CMSIS Pack Vendor :STMicroelectronics X-CUBE-AZRTOS-F7 1.1.0
2024-01-29 15:42:36,601 [INFO] ThirdParty:1030 - CMSIS Pack Vendor :STMicroelectronics X-CUBE-AZRTOS-L5 2.0.0
2024-01-29 15:42:36,601 [INFO] ThirdParty:1030 - CMSIS Pack Vendor :STMicroelectronics USB_DEVICE 2.0.0
2024-01-29 15:42:36,601 [INFO] ThirdParty:1030 - CMSIS Pack Vendor :STMicroelectronics X-CUBE-EEPRMA1 4.2.0
2024-01-29 15:42:36,601 [INFO] ThirdParty:1030 - CMSIS Pack Vendor :ITTIA_DB I-CUBE-ITTIADB 8.8.0
2024-01-29 15:42:36,601 [INFO] ThirdParty:1030 - CMSIS Pack Vendor :STMicroelectronics FP-SNS-MOTENV1 4.3.2
2024-01-29 15:42:36,601 [INFO] ThirdParty:1030 - CMSIS Pack Vendor :STMicroelectronics X-CUBE-ALGOBUILD 1.3.0
2024-01-29 15:42:36,601 [INFO] ThirdParty:1030 - CMSIS Pack Vendor :STMicroelectronics FreeRTOS 0.0.1
2024-01-29 15:42:36,601 [INFO] ThirdParty:1030 - CMSIS Pack Vendor :STMicroelectronics X-CUBE-AZRTOS-G0 1.1.0
2024-01-29 15:42:36,601 [INFO] ThirdParty:1030 - CMSIS Pack Vendor :STMicroelectronics X-CUBE-BLEMGR 2.0.0
2024-01-29 15:42:36,601 [INFO] ThirdParty:1030 - CMSIS Pack Vendor :STMicroelectronics X-CUBE-NFC4 3.0.0
2024-01-29 15:42:36,601 [INFO] ThirdParty:1030 - CMSIS Pack Vendor :STMicroelectronics X-CUBE-SUBG2 5.0.0
2024-01-29 15:42:36,601 [INFO] ThirdParty:1030 - CMSIS Pack Vendor :STMicroelectronics STM32_WPAN 1.0.0
2024-01-29 15:42:36,601 [INFO] ThirdParty:1030 - CMSIS Pack Vendor :STMicroelectronics lwIP 2.0.3
2024-01-29 15:42:36,601 [INFO] ThirdParty:1030 - CMSIS Pack Vendor :STMicroelectronics FP-SNS-FLIGHT1 5.0.2
2024-01-29 15:42:36,601 [INFO] ThirdParty:1030 - CMSIS Pack Vendor :STMicroelectronics USB_HOST 1.0.0
2024-01-29 15:42:36,601 [INFO] ThirdParty:1030 - CMSIS Pack Vendor :STMicroelectronics X-CUBE-TOF1 3.3.1
2024-01-29 15:42:36,601 [INFO] ThirdParty:1030 - CMSIS Pack Vendor :STMicroelectronics X-CUBE-AZRTOS-G4 2.0.0
2024-01-29 15:42:36,601 [INFO] ThirdParty:1030 - CMSIS Pack Vendor :STMicroelectronics PDM2PCM 3.1.0
2024-01-29 15:42:36,601 [INFO] ThirdParty:1030 - CMSIS Pack Vendor :STMicroelectronics X-CUBE-AZRTOS-H7 3.1.0
2024-01-29 15:42:36,601 [INFO] ThirdParty:1030 - CMSIS Pack Vendor :Infineon AIROC-Wi-Fi-Bluetooth-STM32 1.5.1
2024-01-29 15:42:36,601 [INFO] ThirdParty:1030 - CMSIS Pack Vendor :STMicroelectronics X-CUBE-BLEMGR 3.0.0
2024-01-29 15:42:36,601 [INFO] ThirdParty:1030 - CMSIS Pack Vendor :STMicroelectronics PDM2PCM 3.3.0
2024-01-29 15:42:36,601 [INFO] ThirdParty:1030 - CMSIS Pack Vendor :STMicroelectronics X-CUBE-DISPLAY 3.0.0
2024-01-29 15:42:36,601 [INFO] ThirdParty:1030 - CMSIS Pack Vendor :STMicroelectronics FP-SNS-MOTENVWB1 1.3.0
2024-01-29 15:42:36,601 [INFO] ThirdParty:1030 - CMSIS Pack Vendor :STMicroelectronics FP-SNS-MOTENVWB1 1.3.1
2024-01-29 15:42:36,601 [INFO] ThirdParty:1030 - CMSIS Pack Vendor :STMicroelectronics X-CUBE-BLE1 7.0.0
2024-01-29 15:42:36,601 [INFO] ThirdParty:1030 - CMSIS Pack Vendor :STMicroelectronics FP-ATR-SIGFOX1 3.2.0
2024-01-29 15:42:36,601 [INFO] ThirdParty:1030 - CMSIS Pack Vendor :STMicroelectronics X-CUBE-ISPU 2.0.0
2024-01-29 15:42:36,601 [INFO] ThirdParty:1030 - CMSIS Pack Vendor :STMicroelectronics X-CUBE-EEPRMA1 5.1.0
2024-01-29 15:42:36,601 [INFO] ThirdParty:1030 - CMSIS Pack Vendor :STMicroelectronics HAL Drivers 0.0.0
2024-01-29 15:42:36,601 [INFO] ThirdParty:1030 - CMSIS Pack Vendor :STMicroelectronics MBEDTLS 2.16.2
2024-01-29 15:42:36,601 [INFO] ThirdParty:1030 - CMSIS Pack Vendor :emotas I-CUBE-CANOPEN 1.3.0
2024-01-29 15:42:36,601 [INFO] ThirdParty:1030 - CMSIS Pack Vendor :STMicroelectronics X-CUBE-MEMS1 10.0.0
2024-01-29 15:42:36,601 [INFO] ThirdParty:1030 - CMSIS Pack Vendor :STMicroelectronics X-CUBE-FREERTOS 1.1.0
2024-01-29 15:42:36,601 [INFO] ThirdParty:1030 - CMSIS Pack Vendor :STMicroelectronics X-CUBE-NFC7 1.0.1
2024-01-29 15:42:36,601 [INFO] ThirdParty:1030 - CMSIS Pack Vendor :STMicroelectronics MBEDTLS 2.14.1
2024-01-29 15:42:36,601 [INFO] ThirdParty:1030 - CMSIS Pack Vendor :STMicroelectronics X-CUBE-TOUCHGFX 4.22.1
2024-01-29 15:42:36,601 [INFO] ThirdParty:1030 - CMSIS Pack Vendor :STMicroelectronics X-CUBE-NFC6 3.0.0
2024-01-29 15:42:36,601 [INFO] ThirdParty:1030 - CMSIS Pack Vendor :STMicroelectronics X-CUBE-EEPRMA1 4.1.0
2024-01-29 15:42:36,601 [INFO] ThirdParty:1030 - CMSIS Pack Vendor :portGmbH I-Cube-SoM-uGOAL 1.1.0
2024-01-29 15:42:36,601 [INFO] ThirdParty:1030 - CMSIS Pack Vendor :STMicroelectronics X-CUBE-ALS 1.0.1
2024-01-29 15:42:36,601 [INFO] ThirdParty:1030 - CMSIS Pack Vendor :STMicroelectronics ThreadX 1.0.0
2024-01-29 15:42:36,601 [INFO] ThirdParty:1030 - CMSIS Pack Vendor :STMicroelectronics FP-SNS-SMARTAG2 1.2.0
2024-01-29 15:42:36,601 [INFO] ThirdParty:1030 - CMSIS Pack Vendor :STMicroelectronics X-CUBE-AZRTOS-WL 2.0.0
2024-01-29 15:42:36,601 [INFO] ThirdParty:1030 - CMSIS Pack Vendor :SEGGER I-CUBE-embOS 1.3.1
2024-01-29 15:42:36,601 [INFO] ThirdParty:1030 - CMSIS Pack Vendor :STMicroelectronics USB_DEVICE 1.0.0
2024-01-29 15:42:36,601 [INFO] ThirdParty:1030 - CMSIS Pack Vendor :STMicroelectronics X-CUBE-AI 8.1.0
2024-01-29 15:42:36,601 [INFO] ThirdParty:1030 - CMSIS Pack Vendor :STMicroelectronics X-CUBE-AZRTOS-L4 2.0.0
2024-01-29 15:42:36,601 [INFO] ThirdParty:1030 - CMSIS Pack Vendor :STMicroelectronics ThreadX 0.0.2
2024-01-29 15:42:36,601 [INFO] ThirdParty:1030 - CMSIS Pack Vendor :WES I-CUBE-Cesium 1.3.0
2024-01-29 15:42:36,601 [INFO] ThirdParty:1030 - CMSIS Pack Vendor :STMicroelectronics FP-ATR-ASTRA1 2.0.0
2024-01-29 15:42:36,601 [INFO] ThirdParty:1030 - CMSIS Pack Vendor :STMicroelectronics lwIP 2.1.2
2024-01-29 15:42:36,601 [INFO] ThirdParty:1030 - CMSIS Pack Vendor :STMicroelectronics X-CUBE-SFXS2LP1 4.0.0
2024-01-29 15:42:36,601 [INFO] ThirdParty:1030 - CMSIS Pack Vendor :STMicroelectronics X-CUBE-BLE2 3.3.0
2024-01-29 15:42:36,601 [INFO] ThirdParty:1030 - CMSIS Pack Vendor :STMicroelectronics X-CUBE-TOF1 3.4.0
2024-01-29 15:42:36,601 [INFO] ThirdParty:1030 - CMSIS Pack Vendor :STMicroelectronics X-CUBE-AZRTOS-H7 3.2.0
2024-01-29 15:42:36,601 [INFO] ThirdParty:1030 - CMSIS Pack Vendor :STMicroelectronics PDM2PCM 3.2.0
2024-01-29 15:42:36,601 [INFO] ThirdParty:841 - exiting critical section [change project]
2024-01-29 15:42:36,698 [INFO] PinOutPanel:1499 - setPackage(No Configuration,No Configuration)
2024-01-29 15:42:36,699 [INFO] PinOutPanel:1499 - setPackage(STM32F303K8Tx,LQFP32)
2024-01-29 15:42:37,095 [INFO] UtilMem:75 - Before build in PCC Used Memory: 774995032 Bytes (1073741824)
2024-01-29 15:42:37,206 [INFO] UtilMem:75 - After build in PCC Used Memory: 818508888 Bytes (1073741824)
2024-01-29 15:42:37,215 [INFO] IPUIPlugin:80 - create IPUIPlugin
2024-01-29 15:42:37,215 [INFO] IPUIPlugin:80 - create IPUIPlugin
2024-01-29 15:42:37,215 [INFO] IPUIPlugin:80 - create IPUIPlugin
2024-01-29 15:42:37,215 [INFO] IPUIPlugin:80 - create IPUIPlugin
2024-01-29 15:42:37,215 [INFO] IPUIPlugin:80 - create IPUIPlugin
2024-01-29 15:42:37,215 [INFO] IPUIPlugin:80 - create IPUIPlugin
2024-01-29 15:42:37,215 [INFO] IPUIPlugin:80 - create IPUIPlugin
2024-01-29 15:42:37,215 [INFO] IPUIPlugin:80 - create IPUIPlugin
2024-01-29 15:42:37,215 [INFO] IPUIPlugin:80 - create IPUIPlugin
2024-01-29 15:42:37,215 [INFO] IPUIPlugin:80 - create IPUIPlugin
2024-01-29 15:42:37,215 [INFO] IPUIPlugin:80 - create IPUIPlugin
2024-01-29 15:42:37,215 [INFO] IPUIPlugin:80 - create IPUIPlugin
2024-01-29 15:42:37,215 [INFO] IPUIPlugin:80 - create IPUIPlugin
2024-01-29 15:42:37,215 [INFO] IPUIPlugin:80 - create IPUIPlugin
2024-01-29 15:42:37,215 [INFO] IPUIPlugin:80 - create IPUIPlugin
2024-01-29 15:42:37,215 [INFO] IPUIPlugin:80 - create IPUIPlugin
2024-01-29 15:42:37,215 [INFO] IPUIPlugin:80 - create IPUIPlugin
2024-01-29 15:42:37,216 [INFO] IPUIPlugin:80 - create IPUIPlugin
2024-01-29 15:42:37,216 [INFO] IPUIPlugin:80 - create IPUIPlugin
2024-01-29 15:42:37,216 [INFO] IPUIPlugin:80 - create IPUIPlugin
2024-01-29 15:42:37,216 [INFO] IPUIPlugin:80 - create IPUIPlugin
2024-01-29 15:42:37,216 [INFO] IPUIPlugin:80 - create IPUIPlugin
2024-01-29 15:42:37,216 [INFO] IPUIPlugin:80 - create IPUIPlugin
2024-01-29 15:42:37,216 [INFO] IPUIPlugin:80 - create IPUIPlugin
2024-01-29 15:42:37,216 [INFO] IPUIPlugin:80 - create IPUIPlugin
2024-01-29 15:42:37,216 [INFO] IPUIPlugin:80 - create IPUIPlugin
2024-01-29 15:42:37,216 [INFO] IPUIPlugin:80 - create IPUIPlugin
2024-01-29 15:42:37,217 [INFO] IPUIPlugin:80 - create IPUIPlugin
2024-01-29 15:42:37,217 [INFO] IPUIPlugin:80 - create IPUIPlugin
2024-01-29 15:42:37,217 [INFO] IPUIPlugin:80 - create IPUIPlugin
2024-01-29 15:42:37,217 [INFO] IPUIPlugin:80 - create IPUIPlugin
2024-01-29 15:42:37,217 [INFO] IPUIPlugin:80 - create IPUIPlugin
2024-01-29 15:42:37,217 [INFO] IPUIPlugin:80 - create IPUIPlugin
2024-01-29 15:42:37,217 [INFO] IPUIPlugin:80 - create IPUIPlugin
2024-01-29 15:42:37,242 [INFO] CADModel:165 - CPN selected for project levelSTM32F303K8T6
2024-01-29 15:42:37,242 [INFO] CADModel:114 - Register for checkConnection events
2024-01-29 15:42:37,292 [INFO] OpenFileManager:343 - Restore cursor
2024-01-29 15:43:04,034 [INFO] NvicIntPanel:101 - NVIC parent = com.st.microxplorer.plugins.ip.nvic.MultiNvicIntPanel[,0,0,0x0,invalid,layout=javax.swing.BoxLayout,alignmentX=0.0,alignmentY=0.0,border=,flags=9,maximumSize=,minimumSize=,preferredSize=]
2024-01-29 15:43:04,387 [INFO] UtilMem:75 - End SaveConfig() Used Memory: 706416568 Bytes (1073741824)
2024-01-29 15:43:04,435 [INFO] UtilMem:75 - End SaveConfig() Used Memory: 719936320 Bytes (1073741824)
2024-01-29 15:43:04,810 [INFO] UtilMem:75 - End SaveConfig() Used Memory: 747721536 Bytes (1073741824)
2024-01-29 15:43:04,918 [INFO] BlockDiagram:2759 - set Specific Code input for plugin: NVIC
2024-01-29 15:43:04,918 [INFO] BlockDiagram:2759 - set Specific Code input for plugin: USART
2024-01-29 15:43:04,918 [INFO] BlockDiagram:2759 - set Specific Code input for plugin: USART
2024-01-29 15:43:04,918 [INFO] BlockDiagram:2759 - set Specific Code input for plugin: SYS
2024-01-29 15:43:04,918 [INFO] BlockDiagram:2759 - set Specific Code input for plugin: GPIO
2024-01-29 15:43:04,918 [INFO] BlockDiagram:2759 - set Specific Code input for plugin: RCC
2024-01-29 15:43:04,918 [INFO] BlockDiagram:2759 - set Specific Code input for plugin: I2C
2024-01-29 15:43:04,919 [INFO] CodeGenerator:807 - code generatio: config db path: C:\ST\STM32CubeIDE_1.14.0\STM32CubeIDE\plugins\com.st.stm32cube.common.mx_6.10.0.202311202037\\db\
2024-01-29 15:43:05,022 [INFO] CodeEngine:255 - oldGeneratedFile, C:\Users\mizun\Documents\GitHub\2024_Oidengiken\cubeIDE\gyro\gyro_nolibrary\MXTmpFiles\license.tmp_save
2024-01-29 15:43:05,105 [INFO] CodeEngine:279 - Generated code: C:\Users\mizun\Documents\GitHub\2024_Oidengiken\cubeIDE\gyro\gyro_nolibrary\MXTmpFiles\license.tmp
2024-01-29 15:43:05,123 [INFO] CodeEngine:255 - oldGeneratedFile, C:\Users\mizun\Documents\GitHub\2024_Oidengiken\cubeIDE\gyro\gyro_nolibrary\MXTmpFiles\gpio.tmp_save
2024-01-29 15:43:05,185 [INFO] CodeEngine:279 - Generated code: C:\Users\mizun\Documents\GitHub\2024_Oidengiken\cubeIDE\gyro\gyro_nolibrary\MXTmpFiles\gpio.tmp
2024-01-29 15:43:05,255 [INFO] CodeEngine:255 - oldGeneratedFile, C:\Users\mizun\Documents\GitHub\2024_Oidengiken\cubeIDE\gyro\gyro_nolibrary\Core\Src\stm32f3xx_it.c_save
2024-01-29 15:43:05,310 [INFO] CodeEngine:279 - Generated code: C:\Users\mizun\Documents\GitHub\2024_Oidengiken\cubeIDE\gyro\gyro_nolibrary\Core\Src\stm32f3xx_it.c
2024-01-29 15:43:05,320 [INFO] CodeEngine:255 - oldGeneratedFile, C:\Users\mizun\Documents\GitHub\2024_Oidengiken\cubeIDE\gyro\gyro_nolibrary\Core\Inc\stm32f3xx_it.h_save
2024-01-29 15:43:05,357 [INFO] CodeEngine:279 - Generated code: C:\Users\mizun\Documents\GitHub\2024_Oidengiken\cubeIDE\gyro\gyro_nolibrary\Core\Inc\stm32f3xx_it.h
2024-01-29 15:43:05,371 [INFO] CodeEngine:255 - oldGeneratedFile, C:\Users\mizun\Documents\GitHub\2024_Oidengiken\cubeIDE\gyro\gyro_nolibrary\Core\Src\stm32f3xx_hal_msp.c_save
2024-01-29 15:43:05,460 [INFO] CodeEngine:279 - Generated code: C:\Users\mizun\Documents\GitHub\2024_Oidengiken\cubeIDE\gyro\gyro_nolibrary\Core\Src\stm32f3xx_hal_msp.c
2024-01-29 15:43:05,462 [INFO] CodeEngine:255 - oldGeneratedFile, C:\Users\mizun\Documents\GitHub\2024_Oidengiken\cubeIDE\gyro\gyro_nolibrary\MXTmpFiles\system.tmp_save
2024-01-29 15:43:05,492 [INFO] CodeEngine:279 - Generated code: C:\Users\mizun\Documents\GitHub\2024_Oidengiken\cubeIDE\gyro\gyro_nolibrary\MXTmpFiles\system.tmp
2024-01-29 15:43:05,511 [INFO] CodeEngine:311 - oldGeneratedFile, C:\Users\mizun\Documents\GitHub\2024_Oidengiken\cubeIDE\gyro\gyro_nolibrary\Core\Inc\stm32f3xx_hal_conf.h_save
2024-01-29 15:43:05,602 [INFO] CodeEngine:335 - Generated code: C:\Users\mizun\Documents\GitHub\2024_Oidengiken\cubeIDE\gyro\gyro_nolibrary\Core\Inc\stm32f3xx_hal_conf.h
2024-01-29 15:43:05,631 [INFO] CodeEngine:255 - oldGeneratedFile, C:\Users\mizun\Documents\GitHub\2024_Oidengiken\cubeIDE\gyro\gyro_nolibrary\Core\Inc\main.h_save
2024-01-29 15:43:05,696 [INFO] CodeEngine:279 - Generated code: C:\Users\mizun\Documents\GitHub\2024_Oidengiken\cubeIDE\gyro\gyro_nolibrary\Core\Inc\main.h
2024-01-29 15:43:05,709 [INFO] CodeEngine:255 - oldGeneratedFile, C:\Users\mizun\Documents\GitHub\2024_Oidengiken\cubeIDE\gyro\gyro_nolibrary\Core\Src\main.c_save
2024-01-29 15:43:05,789 [INFO] CodeEngine:279 - Generated code: C:\Users\mizun\Documents\GitHub\2024_Oidengiken\cubeIDE\gyro\gyro_nolibrary\Core\Src\main.c
2024-01-29 15:43:06,119 [INFO] ProjectBuilder:3076 - Time for Copy HAL[1] : 131mS.
2024-01-29 15:43:06,121 [INFO] ProjectBuilder:4485 - Project Generator version: 4.2.0-B44
2024-01-29 15:43:06,286 [INFO] ConfigFileManager:1495 - The Die is : DIE438
2024-01-29 15:43:06,287 [INFO] ApiDbMcu:508 - Load IP Config File for FATFS
2024-01-29 15:43:06,290 [INFO] ApiDbMcu:508 - Load IP Config File for FREERTOS
2024-01-29 15:43:06,297 [INFO] ApiDbMcu:508 - Load IP Config File for TOUCHSENSING
2024-01-29 15:43:07,072 [INFO] ProjectBuilder:4747 - Time for Generating toolchain IDE Files: 950mS.
2024-01-29 15:43:07,072 [INFO] ProjectBuilder:2947 - Time for Copy CMSIS : 0mS.
2024-01-29 15:43:07,075 [INFO] ProjectBuilder:2947 - Time for Copy CMSIS : 0mS.
2024-01-29 17:43:53,314 [INFO] I2cTimingTraitement:330 - 0x0000020B
2024-01-29 17:43:56,243 [INFO] ParamManager:896 - [Generic UI] PropertyChangeEvent: TAB_STATUS_CHANGED , "dont care", "never mind"
2024-01-29 17:43:56,261 [INFO] NvicIntPanel:101 - NVIC parent = com.st.microxplorer.plugins.ip.nvic.MultiNvicIntPanel[,0,0,0x0,invalid,layout=javax.swing.BoxLayout,alignmentX=0.0,alignmentY=0.0,border=,flags=9,maximumSize=,minimumSize=,preferredSize=]
2024-01-29 17:43:56,341 [INFO] NvicIntPanel:101 - NVIC parent = com.st.microxplorer.plugins.ip.nvic.MultiNvicIntPanel[,0,0,0x0,invalid,layout=javax.swing.BoxLayout,alignmentX=0.0,alignmentY=0.0,border=,flags=9,maximumSize=,minimumSize=,preferredSize=]
2024-01-29 17:44:00,118 [INFO] UtilMem:75 - End SaveConfig() Used Memory: 635486624 Bytes (1073741824)
2024-01-29 17:44:00,183 [INFO] UtilMem:75 - End SaveConfig() Used Memory: 653238600 Bytes (1073741824)
2024-01-29 17:44:00,569 [INFO] UtilMem:75 - End SaveConfig() Used Memory: 683198880 Bytes (1073741824)
2024-01-29 17:44:00,668 [INFO] ProjectBuilder:2359 - IP not ready for code generation: I2C1
2024-01-29 17:44:08,771 [INFO] BlockDiagram:2759 - set Specific Code input for plugin: NVIC
2024-01-29 17:44:08,771 [INFO] BlockDiagram:2759 - set Specific Code input for plugin: USART
2024-01-29 17:44:08,771 [INFO] BlockDiagram:2759 - set Specific Code input for plugin: USART
2024-01-29 17:44:08,771 [INFO] BlockDiagram:2759 - set Specific Code input for plugin: SYS
2024-01-29 17:44:08,771 [INFO] BlockDiagram:2759 - set Specific Code input for plugin: GPIO
2024-01-29 17:44:08,771 [INFO] BlockDiagram:2759 - set Specific Code input for plugin: RCC
2024-01-29 17:44:08,771 [INFO] BlockDiagram:2759 - set Specific Code input for plugin: I2C
2024-01-29 17:44:08,772 [INFO] CodeGenerator:807 - code generatio: config db path: C:\ST\STM32CubeIDE_1.14.0\STM32CubeIDE\plugins\com.st.stm32cube.common.mx_6.10.0.202311202037\\db\
2024-01-29 17:44:08,863 [INFO] CodeEngine:255 - oldGeneratedFile, C:\Users\mizun\Documents\GitHub\2024_Oidengiken\cubeIDE\gyro\gyro_nolibrary\MXTmpFiles\license.tmp_save
2024-01-29 17:44:08,930 [INFO] CodeEngine:279 - Generated code: C:\Users\mizun\Documents\GitHub\2024_Oidengiken\cubeIDE\gyro\gyro_nolibrary\MXTmpFiles\license.tmp
2024-01-29 17:44:08,961 [INFO] CodeEngine:255 - oldGeneratedFile, C:\Users\mizun\Documents\GitHub\2024_Oidengiken\cubeIDE\gyro\gyro_nolibrary\MXTmpFiles\gpio.tmp_save
2024-01-29 17:44:09,035 [INFO] CodeEngine:279 - Generated code: C:\Users\mizun\Documents\GitHub\2024_Oidengiken\cubeIDE\gyro\gyro_nolibrary\MXTmpFiles\gpio.tmp
2024-01-29 17:44:09,129 [INFO] CodeEngine:255 - oldGeneratedFile, C:\Users\mizun\Documents\GitHub\2024_Oidengiken\cubeIDE\gyro\gyro_nolibrary\Core\Src\stm32f3xx_it.c_save
2024-01-29 17:44:09,275 [INFO] CodeEngine:279 - Generated code: C:\Users\mizun\Documents\GitHub\2024_Oidengiken\cubeIDE\gyro\gyro_nolibrary\Core\Src\stm32f3xx_it.c
2024-01-29 17:44:09,290 [INFO] CodeEngine:255 - oldGeneratedFile, C:\Users\mizun\Documents\GitHub\2024_Oidengiken\cubeIDE\gyro\gyro_nolibrary\Core\Inc\stm32f3xx_it.h_save
2024-01-29 17:44:09,345 [INFO] CodeEngine:279 - Generated code: C:\Users\mizun\Documents\GitHub\2024_Oidengiken\cubeIDE\gyro\gyro_nolibrary\Core\Inc\stm32f3xx_it.h
2024-01-29 17:44:09,364 [INFO] CodeEngine:255 - oldGeneratedFile, C:\Users\mizun\Documents\GitHub\2024_Oidengiken\cubeIDE\gyro\gyro_nolibrary\Core\Src\stm32f3xx_hal_msp.c_save
2024-01-29 17:44:09,437 [INFO] CodeEngine:279 - Generated code: C:\Users\mizun\Documents\GitHub\2024_Oidengiken\cubeIDE\gyro\gyro_nolibrary\Core\Src\stm32f3xx_hal_msp.c
2024-01-29 17:44:09,444 [INFO] CodeEngine:255 - oldGeneratedFile, C:\Users\mizun\Documents\GitHub\2024_Oidengiken\cubeIDE\gyro\gyro_nolibrary\MXTmpFiles\system.tmp_save
2024-01-29 17:44:09,491 [INFO] CodeEngine:279 - Generated code: C:\Users\mizun\Documents\GitHub\2024_Oidengiken\cubeIDE\gyro\gyro_nolibrary\MXTmpFiles\system.tmp
2024-01-29 17:44:09,509 [INFO] CodeEngine:311 - oldGeneratedFile, C:\Users\mizun\Documents\GitHub\2024_Oidengiken\cubeIDE\gyro\gyro_nolibrary\Core\Inc\stm32f3xx_hal_conf.h_save
2024-01-29 17:44:09,588 [INFO] CodeEngine:335 - Generated code: C:\Users\mizun\Documents\GitHub\2024_Oidengiken\cubeIDE\gyro\gyro_nolibrary\Core\Inc\stm32f3xx_hal_conf.h
2024-01-29 17:44:09,624 [INFO] CodeEngine:255 - oldGeneratedFile, C:\Users\mizun\Documents\GitHub\2024_Oidengiken\cubeIDE\gyro\gyro_nolibrary\Core\Inc\main.h_save
2024-01-29 17:44:09,691 [INFO] CodeEngine:279 - Generated code: C:\Users\mizun\Documents\GitHub\2024_Oidengiken\cubeIDE\gyro\gyro_nolibrary\Core\Inc\main.h
2024-01-29 17:44:09,710 [INFO] CodeEngine:255 - oldGeneratedFile, C:\Users\mizun\Documents\GitHub\2024_Oidengiken\cubeIDE\gyro\gyro_nolibrary\Core\Src\main.c_save
2024-01-29 17:44:09,793 [INFO] CodeEngine:279 - Generated code: C:\Users\mizun\Documents\GitHub\2024_Oidengiken\cubeIDE\gyro\gyro_nolibrary\Core\Src\main.c
2024-01-29 17:44:10,138 [INFO] ProjectBuilder:3076 - Time for Copy HAL[1] : 104mS.
2024-01-29 17:44:10,141 [INFO] ProjectBuilder:4485 - Project Generator version: 4.2.0-B44
2024-01-29 17:44:10,293 [INFO] ConfigFileManager:1495 - The Die is : DIE438
2024-01-29 17:44:11,084 [INFO] ProjectBuilder:4747 - Time for Generating toolchain IDE Files: 943mS.
2024-01-29 17:44:11,085 [INFO] ProjectBuilder:2947 - Time for Copy CMSIS : 0mS.
2024-01-29 17:44:11,086 [INFO] ProjectBuilder:2947 - Time for Copy CMSIS : 0mS.
2024-01-29 17:44:15,538 [INFO] ParamManager:896 - [Generic UI] PropertyChangeEvent: TAB_STATUS_CHANGED , "dont care", "never mind"
2024-01-29 17:44:15,557 [INFO] NvicIntPanel:101 - NVIC parent = com.st.microxplorer.plugins.ip.nvic.MultiNvicIntPanel[,0,0,0x0,invalid,layout=javax.swing.BoxLayout,alignmentX=0.0,alignmentY=0.0,border=,flags=9,maximumSize=,minimumSize=,preferredSize=]
2024-01-29 17:44:15,595 [INFO] I2cTimingTraitement:330 - 0x2000090E
2024-01-29 17:44:15,616 [INFO] NvicIntPanel:101 - NVIC parent = com.st.microxplorer.plugins.ip.nvic.MultiNvicIntPanel[,0,0,0x0,invalid,layout=javax.swing.BoxLayout,alignmentX=0.0,alignmentY=0.0,border=,flags=9,maximumSize=,minimumSize=,preferredSize=]
2024-01-29 18:02:14,647 [INFO] MainUpdater:2873 - connection check result : 10
2024-01-29 18:02:14,647 [INFO] MainUpdater:2873 - connection check result : 10
2024-01-29 18:02:14,674 [INFO] I2cTimingTraitement:330 - 0x2000090E
2024-01-29 18:02:14,696 [INFO] MicroXplorer:468 - Change Database Path : 
2024-01-29 18:02:14,696 [INFO] MicroXplorer:498 - Change Database Version : DB.6.0.100
2024-01-29 18:02:14,705 [ERROR] ProjectManagerView:394 - 
java.lang.NullPointerException: Cannot invoke "javax.swing.JTextField.getText()" because the return value of "java.util.List.get(int)" is null
	at com.st.microxplorer.plugins.projectmanager.gui.ProjectChoiceTab$10.caretUpdate(ProjectChoiceTab.java:2493) ~[filemanager.jar:?]
	at javax.swing.text.JTextComponent.fireCaretUpdate(JTextComponent.java:412) ~[?:?]
	at javax.swing.text.JTextComponent$MutableCaretEvent.fire(JTextComponent.java:4491) ~[?:?]
	at javax.swing.text.JTextComponent$MutableCaretEvent.stateChanged(JTextComponent.java:4513) ~[?:?]
	at javax.swing.text.DefaultCaret.fireStateChanged(DefaultCaret.java:842) ~[?:?]
	at javax.swing.text.DefaultCaret.changeCaretPosition(DefaultCaret.java:1313) ~[?:?]
	at javax.swing.text.DefaultCaret.handleSetDot(DefaultCaret.java:1212) ~[?:?]
	at javax.swing.text.DefaultCaret.setDot(DefaultCaret.java:1193) ~[?:?]
	at javax.swing.text.DefaultCaret$Handler.insertUpdate(DefaultCaret.java:1789) ~[?:?]
	at javax.swing.text.AbstractDocument.fireInsertUpdate(AbstractDocument.java:226) ~[?:?]
	at javax.swing.text.AbstractDocument.handleInsertString(AbstractDocument.java:780) ~[?:?]
	at javax.swing.text.AbstractDocument.insertString(AbstractDocument.java:739) ~[?:?]
	at javax.swing.text.PlainDocument.insertString(PlainDocument.java:131) ~[?:?]
	at javax.swing.text.AbstractDocument.replace(AbstractDocument.java:698) ~[?:?]
	at javax.swing.text.JTextComponent.setText(JTextComponent.java:1729) ~[?:?]
	at com.st.microxplorer.plugins.projectmanager.gui.ProjectChoiceTab.createHeapStackFields(ProjectChoiceTab.java:933) ~[filemanager.jar:?]
	at com.st.microxplorer.plugins.projectmanager.gui.ProjectChoiceTab.buildLinkSettingsPanel(ProjectChoiceTab.java:3426) ~[filemanager.jar:?]
	at com.st.microxplorer.plugins.projectmanager.gui.ProjectChoiceTab.defineWindowsFields(ProjectChoiceTab.java:1813) ~[filemanager.jar:?]
	at com.st.microxplorer.plugins.projectmanager.gui.ProjectChoiceTab.updateSettings(ProjectChoiceTab.java:533) ~[filemanager.jar:?]
	at com.st.microxplorer.plugins.projectmanager.gui.ProjectSettingsPanel.UpdateDialog(ProjectSettingsPanel.java:244) ~[filemanager.jar:?]
	at com.st.microxplorer.plugins.projectmanager.ProjectManagerView.propertyChange(ProjectManagerView.java:391) ~[filemanager.jar:?]
	at java.beans.PropertyChangeSupport.fire(PropertyChangeSupport.java:343) ~[?:?]
	at java.beans.PropertyChangeSupport.firePropertyChange(PropertyChangeSupport.java:335) ~[?:?]
	at java.beans.PropertyChangeSupport.firePropertyChange(PropertyChangeSupport.java:268) ~[?:?]
	at com.st.microxplorer.util.MXPropertyChangeSupport.firePropertyChange(MXPropertyChangeSupport.java:54) ~[STM32CubeMX.jar:?]
	at com.st.microxplorer.mxsystem.MxSystem.closeConfig(MxSystem.java:900) ~[STM32CubeMX.jar:?]
	at com.st.microxplorer.maingui.MainPanel.closeConfig(MainPanel.java:776) ~[STM32CubeMX.jar:?]
	at com.st.microxplorer.plugins.filemanager.engine.OpenFileManager.loadConfigurationFile(OpenFileManager.java:245) ~[filemanager.jar:?]
	at com.st.microxplorer.plugins.filemanager.engine.MainFileManager.userLoadConfig(MainFileManager.java:290) ~[filemanager.jar:?]
	at com.st.microxplorer.plugins.filemanager.FileManagerView.getSpecificTask(FileManagerView.java:247) ~[filemanager.jar:?]
	at com.st.stm32cube.common.mx.editor.CubeMxEditor.getMxTabbedPaneInstance(CubeMxEditor.java:1184) ~[com.st.stm32cube.common.mx_6.10.0.202311202037/:?]
	at com.st.stm32cube.common.mx.editor.CubeMxEditor$12$1.createSwingComponent(CubeMxEditor.java:1065) ~[com.st.stm32cube.common.mx_6.10.0.202311202037/:?]
	at com.st.stm32cube.common.mx.oss.core.awtswtbridge.EmbeddedSwingComposite.doComponentCreation(EmbeddedSwingComposite.java:492) ~[com.st.stm32cube.common.mx.oss_6.10.0.202311202037/:?]
	at com.st.stm32cube.common.mx.oss.core.awtswtbridge.EmbeddedSwingComposite$4.run(EmbeddedSwingComposite.java:291) ~[com.st.stm32cube.common.mx.oss_6.10.0.202311202037/:?]
	at com.st.stm32cube.common.mx.oss.core.awtswtbridge.AwtEnvironment$2.run(AwtEnvironment.java:166) ~[com.st.stm32cube.common.mx.oss_6.10.0.202311202037/:?]
	at java.awt.event.InvocationEvent.dispatch(InvocationEvent.java:318) ~[?:?]
	at java.awt.EventQueue.dispatchEventImpl(EventQueue.java:773) ~[?:?]
	at java.awt.EventQueue$4.run(EventQueue.java:720) ~[?:?]
	at java.awt.EventQueue$4.run(EventQueue.java:714) ~[?:?]
	at java.security.AccessController.doPrivileged(AccessController.java:399) ~[?:?]
	at java.security.ProtectionDomain$JavaSecurityAccessImpl.doIntersectionPrivilege(ProtectionDomain.java:86) ~[?:?]
	at java.awt.EventQueue.dispatchEvent(EventQueue.java:742) ~[?:?]
	at java.awt.EventDispatchThread.pumpOneEventForFilters(EventDispatchThread.java:203) ~[?:?]
	at java.awt.EventDispatchThread.pumpEventsForFilter(EventDispatchThread.java:124) ~[?:?]
	at java.awt.EventDispatchThread.pumpEventsForHierarchy(EventDispatchThread.java:113) ~[?:?]
	at java.awt.EventDispatchThread.pumpEvents(EventDispatchThread.java:109) ~[?:?]
	at java.awt.EventDispatchThread.pumpEvents(EventDispatchThread.java:101) ~[?:?]
	at java.awt.EventDispatchThread.run(EventDispatchThread.java:90) ~[?:?]
2024-01-29 18:02:14,706 [WARN] ThirdParty:871 - waiting for thirdparty lock release [close project]
2024-01-29 18:02:14,706 [INFO] ThirdParty:873 - entering critical section [close project]
2024-01-29 18:02:14,706 [INFO] ThirdParty:883 - exiting critical section [close project]
2024-01-29 18:02:14,706 [INFO] PinOutPanel:1499 - setPackage(No Configuration,No Configuration)
2024-01-29 18:02:14,708 [INFO] UtilMem:75 - Begin LoadConfig() Used Memory: 929444640 Bytes (1073741824)
2024-01-29 18:02:14,708 [INFO] MicroXplorer:468 - Change Database Path : 
2024-01-29 18:02:14,708 [INFO] MicroXplorer:498 - Change Database Version : DB.6.0.100
2024-01-29 18:02:14,708 [INFO] OpenFileManager:312 - Change cursor
2024-01-29 18:02:14,724 [INFO] RulesReader:64 - Compatibility file has been processed (297 Rules)
2024-01-29 18:02:14,732 [INFO] Mcu:2016 - Initializing MCU STM32F303K(6-8)Tx STM32F303K8Tx STM32F303K8T6
2024-01-29 18:02:15,349 [INFO] Context:659 - Trying to add GPIOservice into a context  which must be forbidden
2024-01-29 18:02:15,494 [INFO] RtosManager:555 - Registered RTOS mode: class=CMSIS, group=RTOS, mode=CMSIS_V1, owner=FREERTOS
2024-01-29 18:02:15,494 [INFO] RtosManager:555 - Registered RTOS mode: class=CMSIS, group=RTOS2, mode=CMSIS_V2, owner=FREERTOS
2024-01-29 18:02:15,494 [INFO] RtosManager:555 - Registered RTOS mode: class=RTOS, group=Core, mode=CMSIS_V1, owner=FREERTOS
2024-01-29 18:02:15,494 [INFO] RtosManager:555 - Registered RTOS mode: class=RTOS, group=Core, mode=CMSIS_V2, owner=FREERTOS
2024-01-29 18:02:15,494 [WARN] ModelIntegratedComponent:184 - Missing modes for component STMicroelectronics:FreeRTOS:0.0.1:STMicroelectronics:RTOS:FreeRTOS:Core:::10.2.0:
2024-01-29 18:02:15,499 [WARN] ModelIntegratedComponent:63 - No mode defined for component null
2024-01-29 18:02:15,499 [WARN] ModelIntegratedComponent:63 - No mode defined for component null
2024-01-29 18:02:15,499 [WARN] ModelIntegratedComponent:63 - No mode defined for component null
2024-01-29 18:02:15,499 [WARN] ModelIntegratedComponent:63 - No mode defined for component null
2024-01-29 18:02:15,499 [WARN] ModelIntegratedComponent:63 - No mode defined for component null
2024-01-29 18:02:15,499 [WARN] ModelIntegratedComponent:63 - No mode defined for component null
2024-01-29 18:02:15,499 [WARN] ModelIntegratedComponent:63 - No mode defined for component null
2024-01-29 18:02:15,499 [WARN] ModelIntegratedComponent:63 - No mode defined for component null
2024-01-29 18:02:15,499 [WARN] ModelIntegratedComponent:63 - No mode defined for component null
2024-01-29 18:02:15,499 [WARN] ModelIntegratedComponent:63 - No mode defined for component null
2024-01-29 18:02:15,499 [WARN] ModelIntegratedComponent:63 - No mode defined for component null
2024-01-29 18:02:15,499 [WARN] ModelIntegratedComponent:63 - No mode defined for component null
2024-01-29 18:02:15,499 [WARN] ModelIntegratedComponent:63 - No mode defined for component null
2024-01-29 18:02:15,499 [WARN] ModelIntegratedComponent:63 - No mode defined for component null
2024-01-29 18:02:15,499 [WARN] ModelIntegratedComponent:63 - No mode defined for component null
2024-01-29 18:02:15,499 [WARN] ModelIntegratedComponent:63 - No mode defined for component null
2024-01-29 18:02:15,499 [WARN] ModelIntegratedComponent:63 - No mode defined for component null
2024-01-29 18:02:15,499 [WARN] ModelIntegratedComponent:63 - No mode defined for component null
2024-01-29 18:02:15,499 [WARN] ModelIntegratedComponent:63 - No mode defined for component null
2024-01-29 18:02:15,499 [WARN] ModelIntegratedComponent:63 - No mode defined for component null
2024-01-29 18:02:15,499 [WARN] ModelIntegratedComponent:63 - No mode defined for component null
2024-01-29 18:02:15,499 [WARN] ModelIntegratedComponent:63 - No mode defined for component null
2024-01-29 18:02:15,499 [WARN] ModelIntegratedComponent:63 - No mode defined for component null
2024-01-29 18:02:15,499 [WARN] ModelIntegratedComponent:63 - No mode defined for component null
2024-01-29 18:02:15,499 [WARN] ModelIntegratedComponent:63 - No mode defined for component null
2024-01-29 18:02:15,499 [WARN] ModelIntegratedComponent:63 - No mode defined for component null
2024-01-29 18:02:15,499 [WARN] ModelIntegratedComponent:63 - No mode defined for component null
2024-01-29 18:02:15,499 [WARN] ModelIntegratedComponent:63 - No mode defined for component null
2024-01-29 18:02:15,499 [WARN] ModelIntegratedComponent:63 - No mode defined for component null
2024-01-29 18:02:15,500 [WARN] ModelIntegratedComponent:63 - No mode defined for component null
2024-01-29 18:02:15,500 [WARN] ModelIntegratedComponent:63 - No mode defined for component null
2024-01-29 18:02:15,500 [WARN] ModelIntegratedComponent:63 - No mode defined for component null
2024-01-29 18:02:15,500 [WARN] ModelIntegratedComponent:63 - No mode defined for component null
2024-01-29 18:02:15,535 [INFO] ThirdPartyModel:298 - Start build external matchings
2024-01-29 18:02:15,698 [INFO] ThirdPartyModel:316 - End build external matchings
2024-01-29 18:02:15,703 [INFO] ImportTextPane:194 - (OptionalMessage_ERROR) IP (RCC) : Invalid parameter (CECFreq_Value)
2024-01-29 18:02:15,703 [INFO] ImportTextPane:194 - (OptionalMessage_ERROR) IP (RCC) : Invalid parameter (FamilyName)
2024-01-29 18:02:15,703 [INFO] ImportTextPane:194 - (OptionalMessage_ERROR) IP (RCC) : Invalid parameter (HSICECFreq_Value)
2024-01-29 18:02:15,703 [INFO] ImportTextPane:194 - (OptionalMessage_ERROR) IP (RCC) : Invalid parameter (TIM2Freq_Value)
2024-01-29 18:02:15,703 [INFO] ImportTextPane:194 - (OptionalMessage_ERROR) IP (RCC) : Invalid parameter (TimSysFreq_Value)
2024-01-29 18:02:15,703 [INFO] ImportTextPane:194 - (OptionalMessage_ERROR) IP (RCC) : Parameter (USART2Freq_Value) has invalid value (8000000)
2024-01-29 18:02:15,815 [INFO] UtilMem:75 - End LoadConfig() Used Memory: 808460936 Bytes (1073741824)
2024-01-29 18:02:15,858 [INFO] MicroXplorer:468 - Change Database Path : 
2024-01-29 18:02:15,858 [INFO] MicroXplorer:498 - Change Database Version : DB.6.0.100
2024-01-29 18:02:15,858 [WARN] ThirdParty:833 - waiting for thirdparty lock release [change project]
2024-01-29 18:02:15,858 [INFO] ThirdParty:835 - entering critical section [change project]
2024-01-29 18:02:15,858 [INFO] ThirdParty:1030 - CMSIS Pack Vendor :STMicroelectronics X-CUBE-ISPU 1.1.0
2024-01-29 18:02:15,858 [INFO] ThirdParty:1030 - CMSIS Pack Vendor :STMicroelectronics USBPD 4.1
2024-01-29 18:02:15,858 [INFO] ThirdParty:1030 - CMSIS Pack Vendor :STMicroelectronics X-CUBE-GNSS1 6.0.0
2024-01-29 18:02:15,858 [INFO] ThirdParty:1030 - CMSIS Pack Vendor :STMicroelectronics USB_HOST 2.0.0
2024-01-29 18:02:15,858 [INFO] ThirdParty:1030 - CMSIS Pack Vendor :STMicroelectronics X-CUBE-AZRTOS-F4 1.1.0
2024-01-29 18:02:15,858 [INFO] ThirdParty:1030 - CMSIS Pack Vendor :STMicroelectronics LIBJPEG 8.0.0
2024-01-29 18:02:15,858 [INFO] ThirdParty:1030 - CMSIS Pack Vendor :wolfSSL I-CUBE-wolfSSL 5.6.3
2024-01-29 18:02:15,858 [INFO] ThirdParty:1030 - CMSIS Pack Vendor :STMicroelectronics X-CUBE-SMBUS 2.1.0
2024-01-29 18:02:15,858 [INFO] ThirdParty:1030 - CMSIS Pack Vendor :STMicroelectronics USB_DEVICE 3.0.0
2024-01-29 18:02:15,858 [INFO] ThirdParty:1030 - CMSIS Pack Vendor :STMicroelectronics X-CUBE-AZRTOS-WB 2.0.0
2024-01-29 18:02:15,858 [INFO] ThirdParty:1030 - CMSIS Pack Vendor :STMicroelectronics X-CUBE-TOUCHGFX 4.23.0
2024-01-29 18:02:15,858 [INFO] ThirdParty:1030 - CMSIS Pack Vendor :STMicroelectronics X-CUBE-AZRTOS-F7 1.1.0
2024-01-29 18:02:15,858 [INFO] ThirdParty:1030 - CMSIS Pack Vendor :STMicroelectronics X-CUBE-AZRTOS-L5 2.0.0
2024-01-29 18:02:15,858 [INFO] ThirdParty:1030 - CMSIS Pack Vendor :STMicroelectronics USB_DEVICE 2.0.0
2024-01-29 18:02:15,858 [INFO] ThirdParty:1030 - CMSIS Pack Vendor :STMicroelectronics X-CUBE-EEPRMA1 4.2.0
2024-01-29 18:02:15,858 [INFO] ThirdParty:1030 - CMSIS Pack Vendor :ITTIA_DB I-CUBE-ITTIADB 8.8.0
2024-01-29 18:02:15,858 [INFO] ThirdParty:1030 - CMSIS Pack Vendor :STMicroelectronics FP-SNS-MOTENV1 4.3.2
2024-01-29 18:02:15,858 [INFO] ThirdParty:1030 - CMSIS Pack Vendor :STMicroelectronics X-CUBE-ALGOBUILD 1.3.0
2024-01-29 18:02:15,858 [INFO] ThirdParty:1030 - CMSIS Pack Vendor :STMicroelectronics FreeRTOS 0.0.1
2024-01-29 18:02:15,858 [INFO] ThirdParty:1030 - CMSIS Pack Vendor :STMicroelectronics X-CUBE-AZRTOS-G0 1.1.0
2024-01-29 18:02:15,858 [INFO] ThirdParty:1030 - CMSIS Pack Vendor :STMicroelectronics X-CUBE-BLEMGR 2.0.0
2024-01-29 18:02:15,858 [INFO] ThirdParty:1030 - CMSIS Pack Vendor :STMicroelectronics X-CUBE-NFC4 3.0.0
2024-01-29 18:02:15,858 [INFO] ThirdParty:1030 - CMSIS Pack Vendor :STMicroelectronics X-CUBE-SUBG2 5.0.0
2024-01-29 18:02:15,858 [INFO] ThirdParty:1030 - CMSIS Pack Vendor :STMicroelectronics STM32_WPAN 1.0.0
2024-01-29 18:02:15,858 [INFO] ThirdParty:1030 - CMSIS Pack Vendor :STMicroelectronics lwIP 2.0.3
2024-01-29 18:02:15,858 [INFO] ThirdParty:1030 - CMSIS Pack Vendor :STMicroelectronics FP-SNS-FLIGHT1 5.0.2
2024-01-29 18:02:15,858 [INFO] ThirdParty:1030 - CMSIS Pack Vendor :STMicroelectronics USB_HOST 1.0.0
2024-01-29 18:02:15,858 [INFO] ThirdParty:1030 - CMSIS Pack Vendor :STMicroelectronics X-CUBE-TOF1 3.3.1
2024-01-29 18:02:15,858 [INFO] ThirdParty:1030 - CMSIS Pack Vendor :STMicroelectronics X-CUBE-AZRTOS-G4 2.0.0
2024-01-29 18:02:15,858 [INFO] ThirdParty:1030 - CMSIS Pack Vendor :STMicroelectronics PDM2PCM 3.1.0
2024-01-29 18:02:15,858 [INFO] ThirdParty:1030 - CMSIS Pack Vendor :STMicroelectronics X-CUBE-AZRTOS-H7 3.1.0
2024-01-29 18:02:15,858 [INFO] ThirdParty:1030 - CMSIS Pack Vendor :Infineon AIROC-Wi-Fi-Bluetooth-STM32 1.5.1
2024-01-29 18:02:15,858 [INFO] ThirdParty:1030 - CMSIS Pack Vendor :STMicroelectronics X-CUBE-BLEMGR 3.0.0
2024-01-29 18:02:15,858 [INFO] ThirdParty:1030 - CMSIS Pack Vendor :STMicroelectronics PDM2PCM 3.3.0
2024-01-29 18:02:15,858 [INFO] ThirdParty:1030 - CMSIS Pack Vendor :STMicroelectronics X-CUBE-DISPLAY 3.0.0
2024-01-29 18:02:15,858 [INFO] ThirdParty:1030 - CMSIS Pack Vendor :STMicroelectronics FP-SNS-MOTENVWB1 1.3.0
2024-01-29 18:02:15,858 [INFO] ThirdParty:1030 - CMSIS Pack Vendor :STMicroelectronics FP-SNS-MOTENVWB1 1.3.1
2024-01-29 18:02:15,858 [INFO] ThirdParty:1030 - CMSIS Pack Vendor :STMicroelectronics X-CUBE-BLE1 7.0.0
2024-01-29 18:02:15,858 [INFO] ThirdParty:1030 - CMSIS Pack Vendor :STMicroelectronics FP-ATR-SIGFOX1 3.2.0
2024-01-29 18:02:15,858 [INFO] ThirdParty:1030 - CMSIS Pack Vendor :STMicroelectronics X-CUBE-ISPU 2.0.0
2024-01-29 18:02:15,858 [INFO] ThirdParty:1030 - CMSIS Pack Vendor :STMicroelectronics X-CUBE-EEPRMA1 5.1.0
2024-01-29 18:02:15,858 [INFO] ThirdParty:1030 - CMSIS Pack Vendor :STMicroelectronics HAL Drivers 0.0.0
2024-01-29 18:02:15,858 [INFO] ThirdParty:1030 - CMSIS Pack Vendor :STMicroelectronics MBEDTLS 2.16.2
2024-01-29 18:02:15,858 [INFO] ThirdParty:1030 - CMSIS Pack Vendor :emotas I-CUBE-CANOPEN 1.3.0
2024-01-29 18:02:15,859 [INFO] ThirdParty:1030 - CMSIS Pack Vendor :STMicroelectronics X-CUBE-MEMS1 10.0.0
2024-01-29 18:02:15,859 [INFO] ThirdParty:1030 - CMSIS Pack Vendor :STMicroelectronics X-CUBE-FREERTOS 1.1.0
2024-01-29 18:02:15,859 [INFO] ThirdParty:1030 - CMSIS Pack Vendor :STMicroelectronics X-CUBE-NFC7 1.0.1
2024-01-29 18:02:15,859 [INFO] ThirdParty:1030 - CMSIS Pack Vendor :STMicroelectronics MBEDTLS 2.14.1
2024-01-29 18:02:15,859 [INFO] ThirdParty:1030 - CMSIS Pack Vendor :STMicroelectronics X-CUBE-TOUCHGFX 4.22.1
2024-01-29 18:02:15,859 [INFO] ThirdParty:1030 - CMSIS Pack Vendor :STMicroelectronics X-CUBE-NFC6 3.0.0
2024-01-29 18:02:15,859 [INFO] ThirdParty:1030 - CMSIS Pack Vendor :STMicroelectronics X-CUBE-EEPRMA1 4.1.0
2024-01-29 18:02:15,859 [INFO] ThirdParty:1030 - CMSIS Pack Vendor :portGmbH I-Cube-SoM-uGOAL 1.1.0
2024-01-29 18:02:15,859 [INFO] ThirdParty:1030 - CMSIS Pack Vendor :STMicroelectronics X-CUBE-ALS 1.0.1
2024-01-29 18:02:15,859 [INFO] ThirdParty:1030 - CMSIS Pack Vendor :STMicroelectronics ThreadX 1.0.0
2024-01-29 18:02:15,859 [INFO] ThirdParty:1030 - CMSIS Pack Vendor :STMicroelectronics FP-SNS-SMARTAG2 1.2.0
2024-01-29 18:02:15,859 [INFO] ThirdParty:1030 - CMSIS Pack Vendor :STMicroelectronics X-CUBE-AZRTOS-WL 2.0.0
2024-01-29 18:02:15,859 [INFO] ThirdParty:1030 - CMSIS Pack Vendor :SEGGER I-CUBE-embOS 1.3.1
2024-01-29 18:02:15,859 [INFO] ThirdParty:1030 - CMSIS Pack Vendor :STMicroelectronics USB_DEVICE 1.0.0
2024-01-29 18:02:15,859 [INFO] ThirdParty:1030 - CMSIS Pack Vendor :STMicroelectronics X-CUBE-AI 8.1.0
2024-01-29 18:02:15,859 [INFO] ThirdParty:1030 - CMSIS Pack Vendor :STMicroelectronics X-CUBE-AZRTOS-L4 2.0.0
2024-01-29 18:02:15,859 [INFO] ThirdParty:1030 - CMSIS Pack Vendor :STMicroelectronics ThreadX 0.0.2
2024-01-29 18:02:15,859 [INFO] ThirdParty:1030 - CMSIS Pack Vendor :WES I-CUBE-Cesium 1.3.0
2024-01-29 18:02:15,859 [INFO] ThirdParty:1030 - CMSIS Pack Vendor :STMicroelectronics FP-ATR-ASTRA1 2.0.0
2024-01-29 18:02:15,859 [INFO] ThirdParty:1030 - CMSIS Pack Vendor :STMicroelectronics lwIP 2.1.2
2024-01-29 18:02:15,859 [INFO] ThirdParty:1030 - CMSIS Pack Vendor :STMicroelectronics X-CUBE-SFXS2LP1 4.0.0
2024-01-29 18:02:15,859 [INFO] ThirdParty:1030 - CMSIS Pack Vendor :STMicroelectronics X-CUBE-BLE2 3.3.0
2024-01-29 18:02:15,859 [INFO] ThirdParty:1030 - CMSIS Pack Vendor :STMicroelectronics X-CUBE-TOF1 3.4.0
2024-01-29 18:02:15,859 [INFO] ThirdParty:1030 - CMSIS Pack Vendor :STMicroelectronics X-CUBE-AZRTOS-H7 3.2.0
2024-01-29 18:02:15,859 [INFO] ThirdParty:1030 - CMSIS Pack Vendor :STMicroelectronics PDM2PCM 3.2.0
2024-01-29 18:02:15,859 [INFO] ThirdParty:841 - exiting critical section [change project]
2024-01-29 18:02:15,929 [INFO] PinOutPanel:1499 - setPackage(No Configuration,No Configuration)
2024-01-29 18:02:15,930 [INFO] PinOutPanel:1499 - setPackage(STM32F303K8Tx,LQFP32)
2024-01-29 18:02:16,305 [INFO] UtilMem:75 - Before build in PCC Used Memory: 951577552 Bytes (1073741824)
2024-01-29 18:02:16,447 [INFO] UtilMem:75 - After build in PCC Used Memory: 650298032 Bytes (1073741824)
2024-01-29 18:02:16,458 [INFO] IPUIPlugin:80 - create IPUIPlugin
2024-01-29 18:02:16,458 [INFO] IPUIPlugin:80 - create IPUIPlugin
2024-01-29 18:02:16,458 [INFO] IPUIPlugin:80 - create IPUIPlugin
2024-01-29 18:02:16,458 [INFO] IPUIPlugin:80 - create IPUIPlugin
2024-01-29 18:02:16,458 [INFO] IPUIPlugin:80 - create IPUIPlugin
2024-01-29 18:02:16,458 [INFO] IPUIPlugin:80 - create IPUIPlugin
2024-01-29 18:02:16,458 [INFO] IPUIPlugin:80 - create IPUIPlugin
2024-01-29 18:02:16,458 [INFO] IPUIPlugin:80 - create IPUIPlugin
2024-01-29 18:02:16,458 [INFO] IPUIPlugin:80 - create IPUIPlugin
2024-01-29 18:02:16,458 [INFO] IPUIPlugin:80 - create IPUIPlugin
2024-01-29 18:02:16,458 [INFO] IPUIPlugin:80 - create IPUIPlugin
2024-01-29 18:02:16,458 [INFO] IPUIPlugin:80 - create IPUIPlugin
2024-01-29 18:02:16,458 [INFO] IPUIPlugin:80 - create IPUIPlugin
2024-01-29 18:02:16,458 [INFO] IPUIPlugin:80 - create IPUIPlugin
2024-01-29 18:02:16,458 [INFO] IPUIPlugin:80 - create IPUIPlugin
2024-01-29 18:02:16,458 [INFO] IPUIPlugin:80 - create IPUIPlugin
2024-01-29 18:02:16,458 [INFO] IPUIPlugin:80 - create IPUIPlugin
2024-01-29 18:02:16,458 [INFO] IPUIPlugin:80 - create IPUIPlugin
2024-01-29 18:02:16,458 [INFO] IPUIPlugin:80 - create IPUIPlugin
2024-01-29 18:02:16,458 [INFO] IPUIPlugin:80 - create IPUIPlugin
2024-01-29 18:02:16,459 [INFO] IPUIPlugin:80 - create IPUIPlugin
2024-01-29 18:02:16,459 [INFO] IPUIPlugin:80 - create IPUIPlugin
2024-01-29 18:02:16,459 [INFO] IPUIPlugin:80 - create IPUIPlugin
2024-01-29 18:02:16,459 [INFO] IPUIPlugin:80 - create IPUIPlugin
2024-01-29 18:02:16,459 [INFO] IPUIPlugin:80 - create IPUIPlugin
2024-01-29 18:02:16,459 [INFO] IPUIPlugin:80 - create IPUIPlugin
2024-01-29 18:02:16,459 [INFO] IPUIPlugin:80 - create IPUIPlugin
2024-01-29 18:02:16,459 [INFO] IPUIPlugin:80 - create IPUIPlugin
2024-01-29 18:02:16,459 [INFO] IPUIPlugin:80 - create IPUIPlugin
2024-01-29 18:02:16,459 [INFO] IPUIPlugin:80 - create IPUIPlugin
2024-01-29 18:02:16,459 [INFO] IPUIPlugin:80 - create IPUIPlugin
2024-01-29 18:02:16,459 [INFO] IPUIPlugin:80 - create IPUIPlugin
2024-01-29 18:02:16,459 [INFO] IPUIPlugin:80 - create IPUIPlugin
2024-01-29 18:02:16,459 [INFO] IPUIPlugin:80 - create IPUIPlugin
2024-01-29 18:02:16,461 [INFO] ParamManager:896 - [Generic UI] PropertyChangeEvent: TAB_STATUS_CHANGED , "dont care", "never mind"
2024-01-29 18:02:16,485 [INFO] CADModel:165 - CPN selected for project levelSTM32F303K8T6
2024-01-29 18:02:16,485 [INFO] CADModel:114 - Register for checkConnection events
2024-01-29 18:02:16,546 [INFO] OpenFileManager:343 - Restore cursor
2024-01-29 18:02:33,995 [INFO] ParamManager:896 - [Generic UI] PropertyChangeEvent: TAB_STATUS_CHANGED , "dont care", "never mind"
2024-01-29 18:02:34,008 [INFO] NvicIntPanel:101 - NVIC parent = com.st.microxplorer.plugins.ip.nvic.MultiNvicIntPanel[,0,0,0x0,invalid,layout=javax.swing.BoxLayout,alignmentX=0.0,alignmentY=0.0,border=,flags=9,maximumSize=,minimumSize=,preferredSize=]
2024-01-29 18:02:34,040 [INFO] I2cTimingTraitement:330 - 0x2000090E
2024-01-29 18:02:34,077 [INFO] NvicIntPanel:101 - NVIC parent = com.st.microxplorer.plugins.ip.nvic.MultiNvicIntPanel[,0,0,0x0,invalid,layout=javax.swing.BoxLayout,alignmentX=0.0,alignmentY=0.0,border=,flags=9,maximumSize=,minimumSize=,preferredSize=]
2024-01-29 18:02:44,423 [INFO] UtilMem:75 - End SaveConfig() Used Memory: 667701256 Bytes (1073741824)
2024-01-29 18:02:44,475 [INFO] UtilMem:75 - End SaveConfig() Used Memory: 681134464 Bytes (1073741824)
2024-01-29 18:02:44,887 [INFO] UtilMem:75 - End SaveConfig() Used Memory: 709838016 Bytes (1073741824)
2024-01-29 18:02:44,975 [INFO] BlockDiagram:2759 - set Specific Code input for plugin: NVIC
2024-01-29 18:02:44,975 [INFO] BlockDiagram:2759 - set Specific Code input for plugin: USART
2024-01-29 18:02:44,975 [INFO] BlockDiagram:2759 - set Specific Code input for plugin: USART
2024-01-29 18:02:44,975 [INFO] BlockDiagram:2759 - set Specific Code input for plugin: SYS
2024-01-29 18:02:44,975 [INFO] BlockDiagram:2759 - set Specific Code input for plugin: GPIO
2024-01-29 18:02:44,975 [INFO] BlockDiagram:2759 - set Specific Code input for plugin: RCC
2024-01-29 18:02:44,975 [INFO] BlockDiagram:2759 - set Specific Code input for plugin: I2C
2024-01-29 18:02:44,975 [INFO] CodeGenerator:807 - code generatio: config db path: C:\ST\STM32CubeIDE_1.14.0\STM32CubeIDE\plugins\com.st.stm32cube.common.mx_6.10.0.202311202037\\db\
2024-01-29 18:02:45,052 [INFO] CodeEngine:255 - oldGeneratedFile, C:\Users\mizun\Documents\GitHub\2024_Oidengiken\cubeIDE\gyro\gyro_nolibrary\MXTmpFiles\license.tmp_save
2024-01-29 18:02:45,121 [INFO] CodeEngine:279 - Generated code: C:\Users\mizun\Documents\GitHub\2024_Oidengiken\cubeIDE\gyro\gyro_nolibrary\MXTmpFiles\license.tmp
2024-01-29 18:02:45,146 [INFO] CodeEngine:255 - oldGeneratedFile, C:\Users\mizun\Documents\GitHub\2024_Oidengiken\cubeIDE\gyro\gyro_nolibrary\MXTmpFiles\gpio.tmp_save
2024-01-29 18:02:45,226 [INFO] CodeEngine:279 - Generated code: C:\Users\mizun\Documents\GitHub\2024_Oidengiken\cubeIDE\gyro\gyro_nolibrary\MXTmpFiles\gpio.tmp
2024-01-29 18:02:45,301 [INFO] CodeEngine:255 - oldGeneratedFile, C:\Users\mizun\Documents\GitHub\2024_Oidengiken\cubeIDE\gyro\gyro_nolibrary\Core\Src\stm32f3xx_it.c_save
2024-01-29 18:02:45,417 [INFO] CodeEngine:279 - Generated code: C:\Users\mizun\Documents\GitHub\2024_Oidengiken\cubeIDE\gyro\gyro_nolibrary\Core\Src\stm32f3xx_it.c
2024-01-29 18:02:45,420 [INFO] CodeEngine:255 - oldGeneratedFile, C:\Users\mizun\Documents\GitHub\2024_Oidengiken\cubeIDE\gyro\gyro_nolibrary\Core\Inc\stm32f3xx_it.h_save
2024-01-29 18:02:45,462 [INFO] CodeEngine:279 - Generated code: C:\Users\mizun\Documents\GitHub\2024_Oidengiken\cubeIDE\gyro\gyro_nolibrary\Core\Inc\stm32f3xx_it.h
2024-01-29 18:02:45,477 [INFO] CodeEngine:255 - oldGeneratedFile, C:\Users\mizun\Documents\GitHub\2024_Oidengiken\cubeIDE\gyro\gyro_nolibrary\Core\Src\stm32f3xx_hal_msp.c_save
2024-01-29 18:02:45,568 [INFO] CodeEngine:279 - Generated code: C:\Users\mizun\Documents\GitHub\2024_Oidengiken\cubeIDE\gyro\gyro_nolibrary\Core\Src\stm32f3xx_hal_msp.c
2024-01-29 18:02:45,573 [INFO] CodeEngine:255 - oldGeneratedFile, C:\Users\mizun\Documents\GitHub\2024_Oidengiken\cubeIDE\gyro\gyro_nolibrary\MXTmpFiles\system.tmp_save
2024-01-29 18:02:45,624 [INFO] CodeEngine:279 - Generated code: C:\Users\mizun\Documents\GitHub\2024_Oidengiken\cubeIDE\gyro\gyro_nolibrary\MXTmpFiles\system.tmp
2024-01-29 18:02:45,645 [INFO] CodeEngine:311 - oldGeneratedFile, C:\Users\mizun\Documents\GitHub\2024_Oidengiken\cubeIDE\gyro\gyro_nolibrary\Core\Inc\stm32f3xx_hal_conf.h_save
2024-01-29 18:02:45,724 [INFO] CodeEngine:335 - Generated code: C:\Users\mizun\Documents\GitHub\2024_Oidengiken\cubeIDE\gyro\gyro_nolibrary\Core\Inc\stm32f3xx_hal_conf.h
2024-01-29 18:02:45,766 [INFO] CodeEngine:255 - oldGeneratedFile, C:\Users\mizun\Documents\GitHub\2024_Oidengiken\cubeIDE\gyro\gyro_nolibrary\Core\Inc\main.h_save
2024-01-29 18:02:45,838 [INFO] CodeEngine:279 - Generated code: C:\Users\mizun\Documents\GitHub\2024_Oidengiken\cubeIDE\gyro\gyro_nolibrary\Core\Inc\main.h
2024-01-29 18:02:45,850 [INFO] CodeEngine:255 - oldGeneratedFile, C:\Users\mizun\Documents\GitHub\2024_Oidengiken\cubeIDE\gyro\gyro_nolibrary\Core\Src\main.c_save
2024-01-29 18:02:45,949 [INFO] CodeEngine:279 - Generated code: C:\Users\mizun\Documents\GitHub\2024_Oidengiken\cubeIDE\gyro\gyro_nolibrary\Core\Src\main.c
2024-01-29 18:02:46,254 [INFO] ProjectBuilder:3076 - Time for Copy HAL[1] : 96mS.
2024-01-29 18:02:46,258 [INFO] ProjectBuilder:4485 - Project Generator version: 4.2.0-B44
2024-01-29 18:02:46,426 [INFO] ConfigFileManager:1495 - The Die is : DIE438
2024-01-29 18:02:46,433 [INFO] ApiDbMcu:508 - Load IP Config File for FATFS
2024-01-29 18:02:46,441 [INFO] ApiDbMcu:508 - Load IP Config File for FREERTOS
2024-01-29 18:02:46,454 [INFO] ApiDbMcu:508 - Load IP Config File for TOUCHSENSING
2024-01-29 18:02:47,157 [INFO] ProjectBuilder:4747 - Time for Generating toolchain IDE Files: 899mS.
2024-01-29 18:02:47,157 [INFO] ProjectBuilder:2947 - Time for Copy CMSIS : 0mS.
2024-01-29 18:02:47,159 [INFO] ProjectBuilder:2947 - Time for Copy CMSIS : 0mS.
